OBJECTID,X,Y,Latitude,Longitude,Date,AnimalType,Crash_Seve,County,Crash_Date_Original,Crash_Time_Original,Crash_Time,Primary_St,Distance,Dir,Secondary_,Weather,Fatalities,Injured,Property_D,Injury_Typ,Crash_Type,Total_Vehi,V1_Type,V1_Dir,V1_Driver_,V1_Lane_Nu,V1_Action,V1_Driver1,V1_Drive_1,V1_Vehicle,V1_Most_Ha,V1_All_Eve,V2_Type,V2_Dir,V2_Driver_,V2_Lane_Nu,V2_Action,V2_Driver1,V2_Drive_1,V2_Vehicle,V2_Most_Ha,V2_All_Eve,First_Harm,Nonmotoris,Factors_Ro,Lighting,HWY_Factor,Agency,Accident_R,Pedalcycli,Pedestrian,Motorcycli,CrashDateT,GlobalID
318068,311196.714,4323548.588,39.04,-119.2,2015-11-27,DEER,PROPERTY DAMAGE ONLY,LYON,Fri Nov 27 00:00:00 PST 2015,Sun Dec 31 05:40:00 PST 1899,5:40:00,US95A,600,S,MILE MARKER 17,CLOUDY,-9999,-9999,PDO,Null,NON-COLLISION,1,PICKUP,S,49,1,GOING STRAIGHT,APPARENTLY NORMAL,Null,Null,Null,DEER,Null,Null,Null,Null,Null,Null,Null,Null,Null,Null,Null,Null,DRY,DARK - NO LIGHTING,ANIMAL IN ROADWAY,NHP,2213059,Null,Null,Null,2015-11-27T13:40:00.000Z,{4046C3FA-EB77-4200-9719-CAD4CD8F103D}
318075,703267.6226,4550203.461,41.08,-114.6,2015-11-27,DEER,PROPERTY DAMAGE ONLY,ELKO,Fri Nov 27 00:00:00 PST 2015,Sun Dec 31 17:04:00 PST 1899,17:04:00,IR80W,1000,W,MILE MARKER 95,CLOUDY,-9999,-9999,PDO,Null,NON-COLLISION,1,"SEDAN, 2 DOOR",W,71,2,GOING STRAIGHT,APPARENTLY NORMAL,Null,OBJECT AVOIDANCE,Null,DEER,Null,Null,Null,Null,Null,Null,Null,Null,Null,Null,Null,Null,DRY,DARK - NO LIGHTING,ANIMAL IN ROADWAY,NHP,2213078,Null,Null,Null,2015-11-28T01:04:00.000Z,{146F9D8F-00C8-4860-8534-680C39191595}
303267,295471.1391,4359591.603,39.36,-119.4,2015-10-02,HORSE,PROPERTY DAMAGE ONLY,LYON,Fri Oct 02 00:00:00 PDT 2015,Sun Dec 31 20:31:00 PST 1899,20:31:00,US50,2543,W,MILE MARKER 21,CLEAR,-9999,-9999,PDO,Null,NON-COLLISION,1,VAN,E,42,1,GOING STRAIGHT,APPARENTLY NORMAL,Null,Null,Null,HORSE,Null,Null,Null,Null,Null,Null,Null,Null,Null,Null,Null,Null,DRY,DARK - NO LIGHTING,NONE,NHP,2198931,Null,Null,Null,2015-10-03T03:31:00.000Z,{812AD570-9AE2-49C1-BD6C-2B108F92F9F9}
303269,295471.1391,4359591.603,39.36,-119.4,2015-10-02,HORSE,PROPERTY DAMAGE ONLY,LYON,Fri Oct 02 00:00:00 PDT 2015,Sun Dec 31 20:31:00 PST 1899,20:31:00,US50,2543,W,MILE MARKER 21,CLEAR,-9999,-9999,PDO,Null,NON-COLLISION,1,CARRY-ALL,E,37,-9999,GOING STRAIGHT,APPARENTLY NORMAL,Null,Null,Null,HORSE,Null,Null,Null,Null,Null,Null,Null,Null,Null,Null,Null,Null,DRY,DARK - NO LIGHTING,NONE,NHP,2198934,Null,Null,Null,2015-10-03T03:31:00.000Z,{C913EC20-6CB4-4432-8083-8D4A27029CF4}
303274,705048.1866,4276034.556,38.61,-114.6,2015-10-02,ELK,PROPERTY DAMAGE ONLY,LINCOLN,Fri Oct 02 00:00:00 PDT 2015,Sun Dec 31 22:00:00 PST 1899,22:00:00,US93N,500,N,MILE MARKER 168,CLEAR,-9999,-9999,PDO,Null,NON-COLLISION,1,"HATCHBACK, 4 DOOR",S,81,1,GOING STRAIGHT,APPARENTLY NORMAL,Null,UNKNOWN,Null,ELK,Null,Null,Null,Null,Null,Null,Null,Null,Null,Null,Null,Null,DRY,DARK - NO LIGHTING,ANIMAL IN ROADWAY,NHP,2198946,Null,Null,Null,2015-10-03T05:00:00.000Z,{A6FB7054-941F-43B5-8688-7F7D2CF0E51F}
315443,669752.3699,4524147.529,40.85,-115,2015-10-02,ELK,PROPERTY DAMAGE ONLY,ELKO,Fri Oct 02 00:00:00 PDT 2015,Sun Dec 31 21:04:00 PST 1899,21:04:00,US93N,2640,S,MILE MARKER 57,CLEAR,-9999,-9999,PDO,Null,NON-COLLISION,1,SEMI,N,29,1,GOING STRAIGHT,APPARENTLY NORMAL,Null,Null,Null,ELK,Null,Null,Null,Null,Null,Null,Null,Null,Null,Null,Null,Null,DRY,DARK - NO LIGHTING,ANIMAL IN ROADWAY,NHP,2297435,Null,Null,Null,2015-10-03T04:04:00.000Z,{3FA29B18-56A9-4D90-AA71-6CB18D6AC4D4}
315444,674043.8137,4488705.768,40.53,-114.9,2015-10-02,ELK,PROPERTY DAMAGE ONLY,ELKO,Fri Oct 02 00:00:00 PDT 2015,Sun Dec 31 22:04:00 PST 1899,22:04:00,US93N,500,N,MILE MARKER 33,CLOUDY,-9999,-9999,PDO,Null,NON-COLLISION,1,SEMI,N,42,1,NOT REPORTED,APPARENTLY NORMAL,Null,OBJECT AVOIDANCE,Null,ELK: RAN OFF ROAD RIGHT,Null,Null,Null,Null,Null,Null,Null,Null,Null,Null,Null,Null,DRY,DARK - NO LIGHTING,ANIMAL IN ROADWAY,NHP,2297436,Null,Null,Null,2015-10-03T05:04:00.000Z,{819E5758-14D9-43DB-9CF2-9C9C0DBD79F0}
303239,600180.7334,4563312.109,41.21,-115.8,2015-10-02,DEER,PROPERTY DAMAGE ONLY,ELKO,Fri Oct 02 00:00:00 PDT 2015,Sun Dec 31 07:40:00 PST 1899,7:40:00,SR225,1000,S,MILE MARKER 59,RAIN,-9999,-9999,PDO,Null,NON-COLLISION,1,PICKUP,S,29,1,GOING STRAIGHT,APPARENTLY NORMAL,Null,Null,Null,DEER,Null,Null,Null,Null,Null,Null,Null,Null,Null,Null,Null,Null,DRY,DAYLIGHT,ANIMAL IN ROADWAY,NHP,2198876,Null,Null,Null,2015-10-02T14:40:00.000Z,{82505901-D68C-42E2-A026-8AC999585201}
315435,471108.4248,4541158.104,41.02,-117.3,2015-10-02,CATTLE,PROPERTY DAMAGE ONLY,HUMBOLDT,Fri Oct 02 00:00:00 PDT 2015,Sun Dec 31 09:39:00 PST 1899,9:39:00,SR789,0,Null,MILE MARKER 11,CLOUDY,-9999,-9999,PDO,Null,NON-COLLISION,1,"TRACTOR TRUCK, DIESEL",N,67,1,GOING STRAIGHT,APPARENTLY NORMAL,Null,Null,Null,CATTLE,Null,Null,Null,Null,Null,Null,Null,Null,Null,Null,Null,Null,DRY,DAYLIGHT,ANIMAL IN ROADWAY,NHP,2297381,Null,Null,Null,2015-10-02T16:39:00.000Z,{4FF12FBC-AF82-4FE6-9D0B-A2F9639E1674}
302838,260573.0124,4336683.078,39.15,-119.8,2015-10-09,DEER,PROPERTY DAMAGE ONLY,CARSON CITY,Fri Oct 09 00:00:00 PDT 2015,Sun Dec 31 06:45:00 PST 1899,6:45:00,S CURRY ST,450,N,RHODES ST,CLEAR,-9999,-9999,PDO,Null,NON-COLLISION,1,PICKUP,N,52,1,GOING STRAIGHT,APPARENTLY NORMAL,Null,Null,Null,DEER,Null,Null,Null,Null,Null,Null,Null,Null,Null,Null,Null,Null,DRY,DAWN,ANIMAL IN ROADWAY,CCSO,2309196,Null,Null,Null,2015-10-09T13:45:00.000Z,{0D9232B1-6EA6-424E-8714-52422C4E6DD8}
315604,601054.2919,4613661.418,41.67,-115.8,2015-10-09,DEER,PROPERTY DAMAGE ONLY,ELKO,Fri Oct 09 00:00:00 PDT 2015,Sun Dec 31 05:45:00 PST 1899,5:45:00,SR225,1850,N,MILE MARKER 91,CLOUDY,-9999,-9999,PDO,Null,NON-COLLISION,1,PICKUP,N,67,1,GOING STRAIGHT,APPARENTLY NORMAL,Null,Null,Null,DEER,Null,Null,Null,Null,Null,Null,Null,Null,Null,Null,Null,Null,DRY,DARK - NO LIGHTING,ANIMAL IN ROADWAY,NHP,2210547,Null,Null,Null,2015-10-09T12:45:00.000Z,{6D51ECB3-BBCD-4E73-9E6D-0B55CD0F92E1}
315605,673056.1562,4353173.455,39.31,-115,2015-10-09,CATTLE,PROPERTY DAMAGE ONLY,WHITE PINE,Fri Oct 09 00:00:00 PDT 2015,Sun Dec 31 19:15:00 PST 1899,19:15:00,US50,500,E,MILE MARKER 59,CLEAR,-9999,-9999,PDO,Null,NON-COLLISION,1,PICKUP,E,43,1,GOING STRAIGHT,APPARENTLY NORMAL,Null,OBJECT AVOIDANCE,Null,CATTLE,Null,Null,Null,Null,Null,Null,Null,Null,Null,Null,Null,Null,DRY,DARK - NO LIGHTING,ANIMAL IN ROADWAY,NHP,2210561,Null,Null,Null,2015-10-10T02:15:00.000Z,{538DAA2E-1A3E-44B9-91E9-67B538E23602}
397887,435783.7906,4198393.966,37.93,-117.7,2015-10-09,CATTLE,PROPERTY DAMAGE ONLY,ESMERALDA,Fri Oct 09 00:00:00 PDT 2015,Sun Dec 31 19:30:00 PST 1899,19:30:00,SR265,1056,S,MILE MARKER 14,CLEAR,-9999,-9999,PDO,Null,NON-COLLISION,1,"SEDAN, 2 DOOR",S,-9999,-9999,GOING STRAIGHT,APPARENTLY NORMAL,Null,Null,Null,Null,Null,Null,Null,Null,Null,Null,Null,Null,Null,Null,Null,Null,Null,Null,Null,ESSO,2242903,Null,Null,Null,2015-10-10T02:30:00.000Z,{1C679081-E60D-4347-8CEB-7EBB6AF7F3C5}
307309,277990.7022,4349785.915,39.27,-119.6,2015-10-16,HORSE,PROPERTY DAMAGE ONLY,LYON,Fri Oct 16 00:00:00 PDT 2015,Sun Dec 31 02:26:00 PST 1899,2:26:00,US50,528,E,MILE MARKER 8,CLEAR,-9999,-9999,PDO,Null,NON-COLLISION,1,"SEDAN, 4 DOOR",E,16,-9999,STOPPED,APPARENTLY NORMAL,Null,FAILURE TO KEEP IN PROPER LANE OR RUNNING OFF ROAD: DROVE LEFT OF CENTER: UNSAFE LANE CHANGE: OBJECT AVOIDANCE,Null,"RAN OFF ROAD RIGHT: OTHER POST, POLE OR SUPPORT: OTHER POST, POLE OR SUPPORT",Null,Null,Null,Null,Null,Null,Null,Null,Null,Null,Null,Null,DRY,DARK - NO LIGHTING,ANIMAL IN ROADWAY,NHP,2210763,Null,Null,Null,2015-10-16T09:26:00.000Z,{7136C894-0F3E-460E-87D7-76BB137758F3}
315652,727489.9696,4183534.382,37.77,-114.4,2015-10-16,DEER,PROPERTY DAMAGE ONLY,LINCOLN,Fri Oct 16 00:00:00 PDT 2015,Sun Dec 31 06:30:00 PST 1899,6:30:00,US93N,2640,S,MILE MARKER 107,CLOUDY,-9999,-9999,PDO,Null,NON-COLLISION,1,"SEDAN, 4 DOOR",S,29,1,GOING STRAIGHT,APPARENTLY NORMAL,Null,Null,Null,DEER,Null,Null,Null,Null,Null,Null,Null,Null,Null,Null,Null,Null,DRY,DAYLIGHT,ANIMAL IN ROADWAY,NHP,2210801,Null,Null,Null,2015-10-16T13:30:00.000Z,{73A398E3-7EFC-435C-A8BF-245C611D2152}
315663,277961.4289,4288428.44,38.72,-119.6,2015-10-16,DEER,PROPERTY DAMAGE ONLY,DOUGLAS,Fri Oct 16 00:00:00 PDT 2015,Sun Dec 31 20:30:00 PST 1899,20:30:00,US395N,0,Null,MILE MARKER 2,RAIN,-9999,-9999,PDO,Null,NON-COLLISION,1,CARRY-ALL,N,62,1,GOING STRAIGHT,APPARENTLY NORMAL,Null,OBJECT AVOIDANCE,Null,DEER,Null,Null,Null,Null,Null,Null,Null,Null,Null,Null,Null,Null,DRY,DARK - NO LIGHTING,ANIMAL IN ROADWAY,NHP,2210813,Null,Null,Null,2015-10-17T03:30:00.000Z,{FDEC4826-8A5D-47A8-B29C-847C6299ADF6}
315656,298234.0711,4451773.954,40.19,-119.4,2015-10-16,CATTLE,PROPERTY DAMAGE ONLY,WASHOE,Fri Oct 16 00:00:00 PDT 2015,Sun Dec 31 19:41:00 PST 1899,19:41:00,SR447,264,N,MILE MARKER 42,CLEAR,-9999,-9999,PDO,Null,NON-COLLISION,1,PICKUP,N,50,1,GOING STRAIGHT,APPARENTLY NORMAL,Null,OBJECT AVOIDANCE,Null,CATTLE,Null,Null,Null,Null,Null,Null,Null,Null,Null,Null,Null,Null,DRY,DARK - NO LIGHTING,NONE,NHP,2210805,Null,Null,Null,2015-10-17T02:41:00.000Z,{611EC2B6-A849-46DC-B745-264804C880B9}
315774,342626.2611,4372042.92,39.48,-118.8,2015-10-23,DOG/COYOTE,PROPERTY DAMAGE ONLY,CHURCHILL,Fri Oct 23 00:00:00 PDT 2015,Sun Dec 31 04:47:00 PST 1899,4:47:00,US50,2000,E,YORK LN,CLEAR,-9999,-9999,PDO,Null,NON-COLLISION,1,"SEDAN, 4 DOOR",E,26,-9999,GOING STRAIGHT,APPARENTLY NORMAL,Null,DROVE LEFT OF CENTER,Null,"CROSS MEDIAN/CENTERLINE: RAN OFF ROAD LEFT: OTHER POST, POLE OR SUPPORT: EMBANKMENT",Null,Null,Null,Null,Null,Null,Null,Null,Null,Null,Null,Null,DRY,DARK - SPOT LIGHTING,NONE,NHP,2211100,Null,Null,Null,2015-10-23T11:47:00.000Z,{58156CD4-F081-40D3-B745-648272C9C859}
315793,589321.3531,4511664.939,40.75,-115.9,2015-10-23,DEER,PROPERTY DAMAGE ONLY,ELKO,Fri Oct 23 00:00:00 PDT 2015,Sun Dec 31 23:35:00 PST 1899,23:35:00,IR80E,106,E,MILE MARKER 13,CLEAR,-9999,-9999,PDO,Null,NON-COLLISION,1,"HATCHBACK, 4 DOOR",E,47,2,GOING STRAIGHT,APPARENTLY NORMAL,Null,Null,Null,DEER: GUARDRAIL FACE,Null,Null,Null,Null,Null,Null,Null,Null,Null,Null,Null,Null,DRY,DARK - NO LIGHTING,NONE,NHP,2211143,Null,Null,Null,2015-10-24T06:35:00.000Z,{4B697720-2C36-4B30-B8A2-AD96238B9A3F}
335932,652072.8927,4020777.452,36.32,-115.3,2015-10-30,UNKNOWN,PROPERTY DAMAGE ONLY,CLARK,Fri Oct 30 00:00:00 PDT 2015,Sun Dec 31 05:30:00 PST 1899,5:30:00,US95S,1000,N,US95S TO SKYE CANYON PARK DR INT 95,CLEAR,-9999,-9999,PDO,Null,NON-COLLISION,1,"HARDTOP, 4 DOOR",S,43,1,GOING STRAIGHT,APPARENTLY NORMAL,Null,OBJECT AVOIDANCE,Null,RAN OFF ROAD LEFT: OVERTURN/ROLLOVER,Null,Null,Null,Null,Null,Null,Null,Null,Null,Null,Null,Null,DRY,DARK - NO LIGHTING,ANIMAL IN ROADWAY,NHP,2211443,Null,Null,Null,2015-10-30T12:30:00.000Z,{2AC4DE56-3285-42E6-9372-A3440A273786}
302426,675673.7231,4343241.488,39.22,-115,2015-09-04,DEER,PROPERTY DAMAGE ONLY,WHITE PINE,Fri Sep 04 00:00:00 PDT 2015,Sun Dec 31 23:59:00 PST 1899,23:59:00,US6,780,W,MILE MARKER 32,CLEAR,-9999,-9999,PDO,Null,NON-COLLISION,1,CARRY-ALL,E,39,1,OTHER,APPARENTLY NORMAL,Null,Null,Null,DEER,Null,Null,Null,Null,Null,Null,Null,Null,Null,Null,Null,Null,DRY,DARK - NO LIGHTING,ANIMAL IN ROADWAY,NHP,2197597,Null,Null,Null,2015-09-05T06:59:00.000Z,{B77F6B54-CEEB-4EDF-B1C8-48B7BC44B42E}
302639,441318.8886,4642732.193,41.93,-117.7,2015-09-11,CATTLE,INJURY CRASH,HUMBOLDT,Fri Sep 11 00:00:00 PDT 2015,Sun Dec 31 20:11:00 PST 1899,20:11:00,US95N,1500,N,MILE MARKER 69,CLEAR,-9999,1,Null,U,NON-COLLISION,1,SEMI,S,37,-9999,GOING STRAIGHT,APPARENTLY NORMAL,Null,OBJECT AVOIDANCE,Null,CATTLE: RAN OFF ROAD RIGHT: OVERTURN/ROLLOVER,Null,Null,Null,Null,Null,Null,Null,Null,Null,Null,Null,Null,DRY,DARK - NO LIGHTING,ANIMAL IN ROADWAY,NHP,2197911,Null,Null,Null,2015-09-12T03:11:00.000Z,{89ED1A62-820D-44F4-82E7-D5438F5F554E}
302337,644196.0287,4358089.02,39.36,-115.3,2015-09-18,DEER,PROPERTY DAMAGE ONLY,WHITE PINE,Fri Sep 18 00:00:00 PDT 2015,Sun Dec 31 19:00:00 PST 1899,19:00:00,US50,0,Null,MILE MARKER 35,CLEAR,-9999,-9999,PDO,Null,NON-COLLISION,1,CARRY-ALL,E,70,1,GOING STRAIGHT,APPARENTLY NORMAL,Null,Null,Null,DEER,Null,Null,Null,Null,Null,Null,Null,Null,Null,Null,Null,Null,DRY,DARK - NO LIGHTING,ANIMAL IN ROADWAY,NHP,2198239,Null,Null,Null,2015-09-19T02:00:00.000Z,{A1D8EBEE-1477-4B8B-8592-10B10138EDCE}
302432,245890.7529,4330042.65,39.08,-119.9,2015-09-18,DEER,PROPERTY DAMAGE ONLY,DOUGLAS,Fri Sep 18 00:00:00 PDT 2015,Sun Dec 31 20:51:00 PST 1899,20:51:00,US50,4750,E,MILE MARKER 9,CLEAR,-9999,-9999,PDO,Null,NON-COLLISION,1,STATION WAGON,E,51,2,GOING STRAIGHT,APPARENTLY NORMAL,Null,Null,Null,DEER,Null,Null,Null,Null,Null,Null,Null,Null,Null,Null,Null,Null,DRY,DARK - NO LIGHTING,NONE,NHP,2198243,Null,Null,Null,2015-09-19T03:51:00.000Z,{DC51F635-B122-4BAA-B67A-501220BF8713}
290416,260312.691,4310494.396,38.91,-119.8,2015-09-18,COYOTE,INJURY CRASH,DOUGLAS,Fri Sep 18 00:00:00 PDT 2015,Sun Dec 31 01:49:00 PST 1899,1:49:00,SR756,4224,E,SR88,CLEAR,-9999,1,Null,B,NON-COLLISION,1,CARRY-ALL,E,63,1,GOING STRAIGHT,APPARENTLY NORMAL,Null,OBJECT AVOIDANCE,Null,DOG/COYOTE: OVERTURN/ROLLOVER,Null,Null,Null,Null,Null,Null,Null,Null,Null,Null,Null,Null,DRY,DARK - NO LIGHTING,ANIMAL IN ROADWAY,DCSO,2241497,Null,Null,Null,2015-09-18T08:49:00.000Z,{E6FE7B75-010F-41EA-982E-A6F7CBD9D537}
302427,675300.8948,4552096.048,41.1,-114.9,2015-09-18,COYOTE,PROPERTY DAMAGE ONLY,ELKO,Fri Sep 18 00:00:00 PDT 2015,Sun Dec 31 22:42:00 PST 1899,22:42:00,IR80E,2112,E,MILE MARKER 76,CLEAR,-9999,-9999,PDO,Null,NON-COLLISION,1,"SEDAN, 4 DOOR",E,23,1,GOING STRAIGHT,APPARENTLY NORMAL,Null,Null,Null,DOG/COYOTE,Null,Null,Null,Null,Null,Null,Null,Null,Null,Null,Null,Null,DRY,DARK - NO LIGHTING,ANIMAL IN ROADWAY,NHP,2198246,Null,Null,Null,2015-09-19T05:42:00.000Z,{3D902DAE-D42C-49D7-99B7-28983CC91E11}
322425,588502.7023,4016522.615,36.29,-116,2015-09-18,BURRO,PROPERTY DAMAGE ONLY,NYE,Fri Sep 18 00:00:00 PDT 2015,Sun Dec 31 22:01:00 PST 1899,22:01:00,BLAGG RD,0,Null,SLOAN ST,CLEAR,-9999,-9999,PDO,Null,NON-COLLISION,1,CARRY-ALL,N,54,1,GOING STRAIGHT,APPARENTLY NORMAL,Null,Null,Null,Null,Null,Null,Null,Null,Null,Null,Null,Null,Null,Null,BURRO,Null,DRY,DARK - NO LIGHTING,ANIMAL IN ROADWAY,NYSO,2304176,Null,Null,Null,2015-09-19T05:01:00.000Z,{0828F213-AC44-414A-9B83-12D638B4EF49}
302475,335565.9268,4374453.268,39.5,-118.9,2015-09-25,DEER,PROPERTY DAMAGE ONLY,CHURCHILL,Fri Sep 25 00:00:00 PDT 2015,Sun Dec 31 11:15:00 PST 1899,11:15:00,US50,0,Null,TRENTO LN,UNKNOWN,-9999,-9999,PDO,Null,NON-COLLISION,1,"SEDAN, 2 DOOR",E,-9999,-9999,UNKNOWN,Null,Null,UNKNOWN,Null,Null,Null,Null,Null,Null,Null,Null,Null,Null,Null,Null,Null,Null,Null,Null,Null,NHP,2198577,Null,Null,Null,2015-09-25T18:15:00.000Z,{B253D418-5653-41A4-9B16-C056C34739DE}
300670,463326.687,4144196.896,37.44,-117.4,2015-09-25,CATTLE,INJURY CRASH,ESMERALDA,Fri Sep 25 00:00:00 PDT 2015,Sun Dec 31 21:05:00 PST 1899,21:05:00,SR266,320,W,MILE MARKER 26,CLEAR,-9999,2,Null,U,NON-COLLISION,1,"HATCHBACK, 4 DOOR",E,51,1,GOING STRAIGHT,APPARENTLY NORMAL,Null,RAN OFF ROAD: DRIVERLESS VEHICLE,Null,CATTLE: CROSS MEDIAN/CENTERLINE: RAN OFF ROAD LEFT,Null,Null,Null,Null,Null,Null,Null,Null,Null,Null,Null,Null,DRY,DARK - NO LIGHTING,ANIMAL IN ROADWAY,NHP,2198558,Null,Null,Null,2015-09-26T04:05:00.000Z,{7B665A3D-AF3B-43F8-8944-62C7A51945B5}
295315,242787.5916,4377863.245,39.51,-120,2015-04-06,DEER,PROPERTY DAMAGE ONLY,WASHOE,Mon Apr 06 00:00:00 PDT 2015,Sun Dec 31 06:30:00 PST 1899,6:30:00,IR80E,700,E,MILE MARKER 3.22,CLEAR,-9999,-9999,PDO,Null,NON-COLLISION,1,PICKUP,E,-9999,-9999,GOING STRAIGHT,APPARENTLY NORMAL,Null,Null,Null,Null,Null,Null,Null,Null,Null,Null,Null,Null,Null,Null,Null,Null,Null,Null,NONE,NHP,2176901,Null,Null,Null,2015-04-06T13:30:00.000Z,{5D9F1F24-9A87-4444-A242-FE3169B99305}
294996,345699.9034,4301386.789,38.85,-118.8,2015-04-13,UNKNOWN,PROPERTY DAMAGE ONLY,MINERAL,Mon Apr 13 00:00:00 PDT 2015,Sun Dec 31 00:39:00 PST 1899,0:39:00,US95N,2625,S,MILE MARKER 77,CLOUDY,-9999,-9999,PDO,Null,NON-COLLISION,1,"SEDAN, 4 DOOR",S,-9999,-9999,GOING STRAIGHT,APPARENTLY NORMAL,Null,OBJECT AVOIDANCE,Null,Null,Null,Null,Null,Null,Null,Null,Null,Null,Null,Null,Null,Null,Null,Null,Null,NHP,2177258,Null,Null,Null,2015-04-13T07:39:00.000Z,{0BCAA0C4-114A-443B-B1F7-935B59B62861}
297768,727131.1767,4196834.376,37.89,-114.4,2015-04-13,DEER,PROPERTY DAMAGE ONLY,LINCOLN,Mon Apr 13 00:00:00 PDT 2015,Sun Dec 31 19:08:00 PST 1899,19:08:00,US93N,5,N,MILE MARKER 115,UNKNOWN,-9999,-9999,PDO,Null,NON-COLLISION,1,CARRY-ALL,N,-9999,-9999,UNKNOWN,Null,Null,UNKNOWN,Null,Null,Null,Null,Null,Null,Null,Null,Null,Null,Null,Null,Null,Null,Null,Null,INACTIVE WORK ZONE,NHP,2177309,Null,Null,Null,2015-04-14T02:08:00.000Z,{4B4B26F7-5A61-4A67-8769-123C5FA7C78A}
296322,346600.3631,4362979.602,39.4,-118.8,2015-04-13,CATTLE,PROPERTY DAMAGE ONLY,CHURCHILL,Mon Apr 13 00:00:00 PDT 2015,Sun Dec 31 04:07:00 PST 1899,4:07:00,US95N,500,N,MILE MARKER 21,CLEAR,-9999,-9999,PDO,Null,NON-COLLISION,1,"HARDTOP, 4 DOOR",N,-9999,-9999,GOING STRAIGHT,APPARENTLY NORMAL,Null,OBJECT AVOIDANCE,Null,Null,Null,Null,Null,Null,Null,Null,Null,Null,Null,Null,Null,Null,Null,Null,NONE,NHP,2177261,Null,Null,Null,2015-04-13T11:07:00.000Z,{F0BE9FDA-D85B-483F-94C6-DF2EFF060B7A}
283731,663149.4558,4004984.259,36.18,-115.2,2015-04-20,DOG,PROPERTY DAMAGE ONLY,CLARK,Mon Apr 20 00:00:00 PDT 2015,Sun Dec 31 23:26:00 PST 1899,23:26:00,US95N,10,W,US95N TO VALLEY VIEW BLVD N/S,CLEAR,-9999,-9999,PDO,Null,NON-COLLISION,1,"SEDAN, 4 DOOR",N,63,4,GOING STRAIGHT,APPARENTLY NORMAL,Null,Null,Null,DOG/COYOTE,Null,Null,Null,Null,Null,Null,Null,Null,Null,Null,Null,Null,DRY,DARK - SPOT LIGHTING,NONE,NHP,2177672,Null,Null,Null,2015-04-21T06:26:00.000Z,{B409D7DC-094D-4B30-9550-51EC6D4215AC}
298226,259377.4864,4324446.547,39.04,-119.8,2015-04-20,DEER,PROPERTY DAMAGE ONLY,DOUGLAS,Mon Apr 20 00:00:00 PDT 2015,Sun Dec 31 21:11:00 PST 1899,21:11:00,US395N,2112,S,MILE MARKER 29,CLEAR,-9999,-9999,PDO,Null,NON-COLLISION,1,SEMI,S,42,2,GOING STRAIGHT,APPARENTLY NORMAL,Null,UNKNOWN,Null,DEER,Null,Null,Null,Null,Null,Null,Null,Null,Null,Null,Null,Null,DRY,DARK - NO LIGHTING,ANIMAL IN ROADWAY,NHP,2177670,Null,Null,Null,2015-04-21T04:11:00.000Z,{2AF3405F-9848-4DDE-ADAA-CA603E7DCF64}
295338,292033.5163,4385033.795,39.59,-119.4,2015-04-27,DEER,PROPERTY DAMAGE ONLY,WASHOE,Mon Apr 27 00:00:00 PDT 2015,Sun Dec 31 22:07:00 PST 1899,22:07:00,IR80E,1250,E,MILE MARKER 37,CLEAR,-9999,-9999,PDO,Null,NON-COLLISION,1,"HATCHBACK, 2 DOOR",E,-9999,-9999,GOING STRAIGHT,APPARENTLY NORMAL,Null,OVER-CORRECTING/OVER-STEERING: OBJECT AVOIDANCE,Null,Null,Null,Null,Null,Null,Null,Null,Null,Null,Null,Null,Null,Null,Null,Null,Null,NHP,2178013,Null,Null,Null,2015-04-28T05:07:00.000Z,{D9C347BC-F2EA-4993-8FD7-D3A8A4AB290C}
295668,600483.8543,4565194.182,41.23,-115.8,2015-04-27,CATTLE,PROPERTY DAMAGE ONLY,ELKO,Mon Apr 27 00:00:00 PDT 2015,Sun Dec 31 20:30:00 PST 1899,20:30:00,SR225,0,Null,MILE MARKER 60,CLEAR,-9999,-9999,PDO,Null,NON-COLLISION,1,PICKUP,S,-9999,-9999,GOING STRAIGHT,Null,Null,UNKNOWN,Null,Null,Null,Null,Null,Null,Null,Null,Null,Null,Null,Null,Null,Null,Null,Null,NONE,NHP,2178036,Null,Null,Null,2015-04-28T03:30:00.000Z,{0A3747C6-AB13-4C47-99DE-8E872129E6CE}
296851,600131.6922,4583954.116,41.4,-115.8,2015-04-27,CATTLE,PROPERTY DAMAGE ONLY,ELKO,Mon Apr 27 00:00:00 PDT 2015,Sun Dec 31 21:49:00 PST 1899,21:49:00,SR225,53,N,MILE MARKER 72,CLEAR,-9999,-9999,PDO,Null,NON-COLLISION,1,PICKUP,S,-9999,-9999,GOING STRAIGHT,APPARENTLY NORMAL,Null,OBJECT AVOIDANCE,Null,Null,Null,Null,Null,Null,Null,Null,Null,Null,Null,Null,Null,Null,Null,Null,Null,NHP,2178015,Null,Null,Null,2015-04-28T04:49:00.000Z,{B215ED89-334E-470A-8BBD-4C41647FA963}