OBJECTID,X,Y,Latitude,Longitude,Date,AnimalType,Crash_Seve,County,Crash_Date_Original,Crash_Time_Original,Crash_Time,Primary_St,Distance,Dir,Secondary_,Weather,Fatalities,Injured,Property_D,Injury_Typ,Crash_Type,Total_Vehi,V1_Type,V1_Dir,V1_Driver_,V1_Lane_Nu,V1_Action,V1_Driver1,V1_Drive_1,V1_Vehicle,V1_Most_Ha,V1_All_Eve,V2_Type,V2_Dir,V2_Driver_,V2_Lane_Nu,V2_Action,V2_Driver1,V2_Drive_1,V2_Vehicle,V2_Most_Ha,V2_All_Eve,First_Harm,Nonmotoris,Factors_Ro,Lighting,HWY_Factor,Agency,Accident_R,Pedalcycli,Pedestrian,Motorcycli,CrashDateT,GlobalID
290522,253616.5235,4313593.394,38.94,-119.8,2015-08-10,DEER,PROPERTY DAMAGE ONLY,DOUGLAS,Mon Aug 10 00:00:00 PDT 2015,Sun Dec 31 20:28:00 PST 1899,20:28:00,SR206,0,Null,BEVERLY WAY,UNKNOWN,-9999,-9999,PDO,Null,NON-COLLISION,1,"SEDAN, 4 DOOR",N,-9999,-9999,GOING STRAIGHT,APPARENTLY NORMAL,Null,Null,Null,Null,Null,Null,Null,Null,Null,Null,Null,Null,Null,Null,Null,Null,Null,Null,INACTIVE WORK ZONE,DCSO,2192925,Null,Null,Null,2015-08-11T03:28:00.000Z,{EF152B67-D109-42C3-BE2E-65BBE94027A1}
314503,269960.7536,4344084.505,39.22,-119.7,2015-08-17,HORSE,INJURY CRASH,LYON,Mon Aug 17 00:00:00 PDT 2015,Sun Dec 31 22:25:00 PST 1899,22:25:00,US50,300,W,KIT KAT DR,CLEAR,-9999,1,Null,C,NON-COLLISION,1,"HATCHBACK, 2 DOOR",E,59,2,GOING STRAIGHT,APPARENTLY NORMAL,Null,Null,Null,HORSE,Null,Null,Null,Null,Null,Null,Null,Null,Null,Null,Null,Null,DRY,DARK - NO LIGHTING,ANIMAL IN ROADWAY,NHP,2295184,Null,Null,Null,2015-08-18T05:25:00.000Z,{52F48081-14BE-47C4-8D4A-548921914206}
299779,626949.4377,4015096.728,36.27,-115.6,2015-08-17,DEER,PROPERTY DAMAGE ONLY,CLARK,Mon Aug 17 00:00:00 PDT 2015,Sun Dec 31 08:00:00 PST 1899,8:00:00,SR157,2400,E,MILE MARKER 4,CLEAR,-9999,-9999,PDO,Null,NON-COLLISION,1,CARRY-ALL,E,84,1,GOING STRAIGHT,APPARENTLY NORMAL,Null,Null,Null,DEER,Null,Null,Null,Null,Null,Null,Null,Null,Null,Null,Null,Null,DRY,DAYLIGHT,ANIMAL IN ROADWAY,NHP,2196641,Null,Null,Null,2015-08-17T15:00:00.000Z,{B79BF199-5232-4B65-9404-BED7151F1295}
299891,305656.7765,4352429.497,39.3,-119.3,2015-08-24,DEER,PROPERTY DAMAGE ONLY,LYON,Mon Aug 24 00:00:00 PDT 2015,Sun Dec 31 21:28:00 PST 1899,21:28:00,US95A,50,S,MILE MARKER 36,CLEAR,-9999,-9999,PDO,Null,NON-COLLISION,1,"SEDAN, 4 DOOR",N,-9999,-9999,GOING STRAIGHT,APPARENTLY NORMAL,Null,Null,Null,Null,Null,Null,Null,Null,Null,Null,Null,Null,Null,Null,Null,Null,Null,Null,NONE,NHP,2197026,Null,Null,Null,2015-08-25T04:28:00.000Z,{8B11CD6C-49D2-4DC0-B69C-FA9158176C77}
318256,553147.5664,4225015.428,38.17,-116.4,2015-12-07,DEER,PROPERTY DAMAGE ONLY,NYE,Mon Dec 07 00:00:00 PST 2015,Sun Dec 31 18:47:00 PST 1899,18:47:00,US6,300,E,MILE MARKER 49,CLEAR,-9999,-9999,PDO,Null,NON-COLLISION,1,"HATCHBACK, 4 DOOR",E,-9999,-9999,GOING STRAIGHT,APPARENTLY NORMAL,Null,OBJECT AVOIDANCE,Null,Null,Null,Null,Null,Null,Null,Null,Null,Null,Null,Null,Null,Null,Null,Null,INACTIVE WORK ZONE,NHP,2213539,Null,Null,Null,2015-12-08T02:47:00.000Z,{D99A5E65-1500-433E-B5C6-C3989D49262E}
319295,533155.0883,4503569.926,40.68,-116.6,2015-12-07,DEER,PROPERTY DAMAGE ONLY,LANDER,Mon Dec 07 00:00:00 PST 2015,Sun Dec 31 07:00:00 PST 1899,7:00:00,IR80E,1130,E,MILE MARKER 26,CLOUDY,-9999,-9999,PDO,Null,NON-COLLISION,1,PICKUP,E,67,1,GOING STRAIGHT,APPARENTLY NORMAL,Null,Null,Null,DEER,Null,Null,Null,Null,Null,Null,Null,Null,Null,Null,Null,Null,DRY,DAWN,ANIMAL IN ROADWAY,NHP,2213507,Null,Null,Null,2015-12-07T15:00:00.000Z,{E2EF085E-C97D-4064-9F84-924C1C7C693A}
398459,317904.9477,4383137.938,39.58,-119.1,2015-12-21,UNKNOWN,PROPERTY DAMAGE ONLY,LYON,Mon Dec 21 00:00:00 PST 2015,Sun Dec 31 22:25:00 PST 1899,22:25:00,SR828,4224,W,ARLY12,CLEAR,-9999,-9999,PDO,Null,REAR-END,2,"HARDTOP, 4 DOOR",E,19,1,GOING STRAIGHT,APPARENTLY NORMAL,Null,FOLLOWED TOO CLOSELY,Null,Null,"SEDAN, 4 DOOR",E,51,1,STOPPED,APPARENTLY NORMAL,Null,OBJECT AVOIDANCE,Null,Null,Null,Null,DRY,DARK - SPOT LIGHTING,ANIMAL IN ROADWAY,NHP,2214346,Null,Null,Null,2015-12-22T06:25:00.000Z,{2AAC394C-132B-447F-ABE7-851C8CD5D233}
319527,709390.6805,4164341.651,37.6,-114.6,2015-12-21,HORSE,PROPERTY DAMAGE ONLY,LINCOLN,Mon Dec 21 00:00:00 PST 2015,Sun Dec 31 19:15:00 PST 1899,19:15:00,US93N,2500,S,MILE MARKER 87,CLEAR,-9999,-9999,PDO,Null,NON-COLLISION,1,"SEDAN, 4 DOOR",N,27,1,GOING STRAIGHT,APPARENTLY NORMAL,Null,Null,Null,HORSE,Null,Null,Null,Null,Null,Null,Null,Null,Null,Null,Null,Null,DRY,DARK - NO LIGHTING,ANIMAL IN ROADWAY,NHP,2214339,Null,Null,Null,2015-12-22T03:15:00.000Z,{248A4015-B49D-4AEF-AE99-0E9004371691}
319529,418126.1627,4219827.595,38.12,-117.9,2015-12-21,COYOTE,PROPERTY DAMAGE ONLY,ESMERALDA,Mon Dec 21 00:00:00 PST 2015,Sun Dec 31 20:36:00 PST 1899,20:36:00,US95N,200,S,MILE MARKER 90,CLEAR,-9999,-9999,PDO,Null,NON-COLLISION,1,"HATCHBACK, 4 DOOR",S,27,-9999,GOING STRAIGHT,APPARENTLY NORMAL,Null,OBJECT AVOIDANCE,Null,OTHER ANIMAL,Null,Null,Null,Null,Null,Null,Null,Null,Null,Null,Null,Null,DRY,DARK - NO LIGHTING,INACTIVE WORK ZONE,NHP,2214343,Null,Null,Null,2015-12-22T04:36:00.000Z,{3EAED93D-F2B9-458E-B471-EA67A99123A5}
397981,687227.9017,3984533.373,35.99,-114.9,2015-12-28,UNKNOWN,PROPERTY DAMAGE ONLY,CLARK,Mon Dec 28 00:00:00 PST 2015,Sun Dec 31 12:33:00 PST 1899,12:33:00,IR11N,3000,S,IR11N TO SR582N/S INT56A,CLEAR,-9999,-9999,PDO,Null,NON-COLLISION,1,"HATCHBACK, 4 DOOR",N,31,-9999,GOING STRAIGHT,APPARENTLY NORMAL,Null,UNKNOWN,Null,MEDIAN BARRIER,Null,Null,Null,Null,Null,Null,Null,Null,Null,Null,Null,Null,DRY,DAYLIGHT,ANIMAL IN ROADWAY,NHP,2224313,Null,Null,Null,2015-12-28T20:33:00.000Z,{593D2CC8-EE8C-4A76-B906-DE5838C99786}
319702,273299.1229,4344822.849,39.22,-119.6,2015-12-28,HORSE,PROPERTY DAMAGE ONLY,LYON,Mon Dec 28 00:00:00 PST 2015,Sun Dec 31 04:20:00 PST 1899,4:20:00,US50,1000,E,MILE MARKER 3,CLOUDY,-9999,-9999,PDO,Null,NON-COLLISION,1,"SEDAN, 4 DOOR",E,53,2,GOING STRAIGHT,APPARENTLY NORMAL,Null,Null,Null,HORSE,Null,Null,Null,Null,Null,Null,Null,Null,Null,Null,Null,Null,DRY,DARK - NO LIGHTING,ANIMAL IN ROADWAY,NHP,2214699,Null,Null,Null,2015-12-28T12:20:00.000Z,{BE8148D0-D142-4E9E-9921-2FC8A92F4082}
318526,253947.3181,4378949.06,39.52,-119.9,2015-12-28,DEER,PROPERTY DAMAGE ONLY,WASHOE,Mon Dec 28 00:00:00 PST 2015,Sun Dec 31 21:30:00 PST 1899,21:30:00,SR659,0,Null,SR659 S/N TO IR80W INT10,UNKNOWN,-9999,-9999,PDO,Null,NON-COLLISION,1,"SEDAN, 4 DOOR",S,-9999,-9999,GOING STRAIGHT,Null,Null,UNKNOWN,Null,Null,Null,Null,Null,Null,Null,Null,Null,Null,Null,Null,Null,Null,Null,Null,Null,RPD,2219263,Null,Null,Null,2015-12-29T05:30:00.000Z,{0D6249AC-F728-4552-90D9-58260F44E901}
286623,662892.7047,4317403.788,38.99,-115.1,2015-02-02,DEER,PROPERTY DAMAGE ONLY,WHITE PINE,Mon Feb 02 00:00:00 PST 2015,Sun Dec 31 05:30:00 PST 1899,5:30:00,SR318,200,N,MILE MARKER 22,CLEAR,-9999,-9999,PDO,Null,NON-COLLISION,1,"SEDAN, 2 DOOR",S,-9999,-9999,GOING STRAIGHT,APPARENTLY NORMAL,Null,Null,Null,Null,Null,Null,Null,Null,Null,Null,Null,Null,Null,Null,Null,Null,Null,Null,INACTIVE WORK ZONE,NHP,2173964,Null,Null,Null,2015-02-02T13:30:00.000Z,{ED61E282-B7BF-4D98-B0DC-C680583BFB2E}
286548,723833.703,4337657.487,39.16,-114.4,2015-02-02,CATTLE,PROPERTY DAMAGE ONLY,WHITE PINE,Mon Feb 02 00:00:00 PST 2015,Sun Dec 31 18:45:00 PST 1899,18:45:00,US6,1164,E,MILE MARKER 79,CLOUDY,-9999,-9999,PDO,Null,NON-COLLISION,1,"TRACTOR TRUCK, DIESEL",E,63,1,GOING STRAIGHT,APPARENTLY NORMAL,Null,Null,Null,CATTLE,Null,Null,Null,Null,Null,Null,Null,Null,Null,Null,Null,Null,DRY,DARK - NO LIGHTING,ANIMAL IN ROADWAY,NHP,2174008,Null,Null,Null,2015-02-03T02:45:00.000Z,{9CF0931D-84A1-4946-B31F-DD198AC29835}
286932,723873.8405,4337723.215,39.16,-114.4,2015-02-02,CATTLE,INJURY CRASH,WHITE PINE,Mon Feb 02 00:00:00 PST 2015,Sun Dec 31 19:05:00 PST 1899,19:05:00,US6,1414,E,MILE MARKER 79,CLOUDY,-9999,2,Null,C,NON-COLLISION,1,PICKUP,W,38,1,GOING STRAIGHT,APPARENTLY NORMAL,Null,Null,Null,CATTLE,Null,Null,Null,Null,Null,Null,Null,Null,Null,Null,Null,Null,DRY,DARK - NO LIGHTING,ANIMAL IN ROADWAY,NHP,2174009,Null,Null,Null,2015-02-03T03:05:00.000Z,{23CF21A9-7648-4CBE-8117-834EC9C0FD9E}
289338,647357.4546,3988999.839,36.03,-115.4,2015-02-02,BURRO,INJURY CRASH,CLARK,Mon Feb 02 00:00:00 PST 2015,Sun Dec 31 20:56:00 PST 1899,20:56:00,SR160,1320,N,AVERY ST,CLEAR,-9999,1,Null,C,NON-COLLISION,1,"HATCHBACK, 4 DOOR",N,67,1,GOING STRAIGHT,APPARENTLY NORMAL,Null,Null,Null,OTHER ANIMAL,Null,Null,Null,Null,Null,Null,Null,Null,Null,Null,Null,Null,WET,DARK - NO LIGHTING,NONE,NHP,2174058,Null,Null,Null,2015-02-03T04:56:00.000Z,{CA3EF88D-8875-4919-B47B-6CD3934E4DC7}
284599,611374.7874,4518468.392,40.81,-115.7,2015-02-16,UNKNOWN,PROPERTY DAMAGE ONLY,ELKO,Mon Feb 16 00:00:00 PST 2015,Sun Dec 31 18:10:00 PST 1899,18:10:00,HOLIDAY DR,400,N,KARVAL DR,CLEAR,-9999,-9999,PDO,Null,NON-COLLISION,1,CARRY-ALL,S,18,-9999,GOING STRAIGHT,APPARENTLY NORMAL,Null,OVER-CORRECTING/OVER-STEERING,Null,DOG/COYOTE: RAN OFF ROAD LEFT: TREE/SHRUB,Null,Null,Null,Null,Null,Null,Null,Null,Null,Null,Null,Null,DRY,DARK - NO LIGHTING,ANIMAL IN ROADWAY,ECSO,2153682,Null,Null,Null,2015-02-17T02:10:00.000Z,{6AF4041F-08F7-400C-A0EF-46B4136D2142}
397910,286476.576,4379611.407,39.54,-119.5,2015-02-16,HORSE,INJURY CRASH,STOREY,Mon Feb 16 00:00:00 PST 2015,Sun Dec 31 06:07:00 PST 1899,6:07:00,DENMARK DR,528,E,SR439,CLEAR,-9999,1,Null,B,NON-COLLISION,1,"SEDAN, 4 DOOR",E,22,1,GOING STRAIGHT,APPARENTLY NORMAL,Null,Null,Null,HORSE,Null,Null,Null,Null,Null,Null,Null,Null,Null,Null,Null,Null,DRY,DAWN,NONE,STSO,2307424,Null,Null,Null,2015-02-16T14:07:00.000Z,{83AEED1D-E5F7-4E43-9177-D64B568603C0}
286419,540678.4153,4505398.921,40.7,-116.5,2015-02-16,DEER,PROPERTY DAMAGE ONLY,EUREKA,Mon Feb 16 00:00:00 PST 2015,Sun Dec 31 03:10:00 PST 1899,3:10:00,IR80E,540,E,MILE MARKER 4,CLEAR,-9999,-9999,PDO,Null,NON-COLLISION,1,"HATCHBACK, 2 DOOR",E,-9999,-9999,GOING STRAIGHT,APPARENTLY NORMAL,Null,OBJECT AVOIDANCE,Null,Null,Null,Null,Null,Null,Null,Null,Null,Null,Null,Null,Null,Null,Null,Null,Null,NHP,2174613,Null,Null,Null,2015-02-16T11:10:00.000Z,{38CDBF5A-E887-44C9-8C6E-2ADBB87821C4}
286417,382174.7403,4202679.466,37.96,-118.3,2015-02-23,HORSE,INJURY CRASH,MINERAL,Mon Feb 23 00:00:00 PST 2015,Sun Dec 31 08:02:00 PST 1899,8:02:00,US6,500,W,MILE MARKER 7,CLEAR,-9999,1,Null,C,NON-COLLISION,1,"TRACTOR TRUCK, DIESEL",E,36,1,GOING STRAIGHT,APPARENTLY NORMAL,Null,OBJECT AVOIDANCE,Null,CROSS MEDIAN/CENTERLINE: EMBANKMENT: RAN OFF ROAD LEFT,Null,Null,Null,Null,Null,Null,Null,Null,Null,Null,Null,Null,DRY,DAYLIGHT,"WET, ICY, SNOW, SLUSH",NHP,2149760,Null,Null,Null,2015-02-23T16:02:00.000Z,{ACC9CB38-45CB-4FD3-A7B9-50AEFB407151}
286539,454058.2409,4585849.155,41.42,-117.5,2015-01-05,DEER,INJURY CRASH,HUMBOLDT,Mon Jan 05 00:00:00 PST 2015,Sun Dec 31 07:05:00 PST 1899,7:05:00,SR290,1056,S,MILE MARKER 13,CLOUDY,-9999,1,Null,A,NON-COLLISION,1,PICKUP,N,46,1,GOING STRAIGHT,APPARENTLY NORMAL,Null,Null,Null,DEER,Null,Null,Null,Null,Null,Null,Null,Null,Null,Null,Null,Null,DRY,DAWN,NONE,NHP,2172606,Null,Null,Null,2015-01-05T15:05:00.000Z,{299D7C0D-C971-4C76-9BD0-409C25E47E8C}
286737,283089.6305,4353413.577,39.3,-119.5,2015-01-19,HORSE,INJURY CRASH,LYON,Mon Jan 19 00:00:00 PST 2015,Sun Dec 31 17:45:00 PST 1899,17:45:00,US50,334,W,MILE MARKER 12,CLEAR,-9999,1,Null,C,NON-COLLISION,2,PICKUP,E,40,2,GOING STRAIGHT,"FELL ASLEEP, FAINTED, FATIGUED, ETC.",Null,Null,Null,HORSE,CARRY-ALL,E,69,2,GOING STRAIGHT,HAD BEEN DRINKING,Null,Null,Null,HORSE: OVERTURN/ROLLOVER,Null,Null,DRY,DARK - SPOT LIGHTING,NONE,NHP,2173322,Null,Null,Null,2015-01-20T01:45:00.000Z,{51EE1505-82A1-4E53-82FB-5EBD983219D9}
286881,259309.8199,4321816.637,39.01,-119.8,2015-01-26,SHEEP,INJURY CRASH,DOUGLAS,Mon Jan 26 00:00:00 PST 2015,Sun Dec 31 13:36:00 PST 1899,13:36:00,US395N,176,S,MILE MARKER 27,CLEAR,-9999,5,Null,B,REAR-END,4,CARRY-ALL,N,21,1,GOING STRAIGHT,APPARENTLY NORMAL,Null,DRIVING TOO FAST FOR CONDITIONS,Null,Null,CARRY-ALL,N,65,1,STOPPED,APPARENTLY NORMAL,Null,Null,Null,SLOW/STOPPED VEHICLE,Null,Null,DRY,DAYLIGHT,ANIMAL IN ROADWAY,NHP,2173604,Null,Null,Null,2015-01-26T21:36:00.000Z,{5FDA9C5B-D560-4DA9-B61D-49E06DDEFACF}
286864,627385.2561,3985716.755,36.01,-115.6,2015-01-26,DEER,PROPERTY DAMAGE ONLY,CLARK,Mon Jan 26 00:00:00 PST 2015,Sun Dec 31 19:18:00 PST 1899,19:18:00,SR160,1000,N,MILE MARKER 26,RAIN,-9999,-9999,PDO,Null,NON-COLLISION,1,"SEDAN, 4 DOOR",N,61,2,GOING STRAIGHT,APPARENTLY NORMAL,Null,Null,Null,DEER,Null,Null,Null,Null,Null,Null,Null,Null,Null,Null,Null,Null,DRY,DARK - NO LIGHTING,Null,NHP,2173626,Null,Null,Null,2015-01-27T03:18:00.000Z,{DA8291CE-77BE-48EE-AECE-2622D09636EA}
296982,702678.1545,4323070.893,39.03,-114.7,2015-07-06,DEER,PROPERTY DAMAGE ONLY,WHITE PINE,Mon Jul 06 00:00:00 PDT 2015,Sun Dec 31 12:08:00 PST 1899,12:08:00,US6,2640,E,MILE MARKER 59,CLOUDY,-9999,-9999,PDO,Null,NON-COLLISION,1,"SEDAN, 2 DOOR",E,32,-9999,NOT REPORTED,APPARENTLY NORMAL,Null,OBJECT AVOIDANCE,Null,DEER: CROSS MEDIAN/CENTERLINE: GUARDRAIL FACE,Null,Null,Null,Null,Null,Null,Null,Null,Null,Null,Null,Null,DRY,DAYLIGHT,ANIMAL IN ROADWAY,NHP,2181453,Null,Null,Null,2015-07-06T19:08:00.000Z,{0D38EB5C-28FF-4070-9FF1-56B72E879F5C}
285487,693317.93,3981991.481,35.96,-114.9,2015-07-06,COYOTE,INJURY CRASH,CLARK,Mon Jul 06 00:00:00 PDT 2015,Sun Dec 31 02:49:00 PST 1899,2:49:00,ADAMS BLVD,484,E,GINGERWOOD ST,CLOUDY,-9999,1,Null,B,NON-COLLISION,1,CONVERTIBLE,E,36,2,GOING STRAIGHT,APPARENTLY NORMAL,Null,FAILURE TO KEEP IN PROPER LANE OR RUNNING OFF ROAD: OVER-CORRECTING/OVER-STEERING: RAN OFF ROAD: UNSAFE LANE CHANGE: OTHER IMPROPER DRIVING,Null,RAN OFF ROAD RIGHT: OVERTURN/ROLLOVER,Null,Null,Null,Null,Null,Null,Null,Null,Null,Null,Null,Null,DRY,DARK - CONTINUOUS LIGHTING,ANIMAL IN ROADWAY,BCPD,2151981,Null,Null,Null,2015-07-06T09:49:00.000Z,{259AACF7-EC0A-47C9-AF83-34AC38F0200E}
297754,687551.6934,4339183.691,39.18,-114.8,2015-07-13,DEER,PROPERTY DAMAGE ONLY,WHITE PINE,Mon Jul 13 00:00:00 PDT 2015,Sun Dec 31 21:00:00 PST 1899,21:00:00,US6,100,W,MILE MARKER 44,CLEAR,-9999,-9999,PDO,Null,NON-COLLISION,1,CARRY-ALL,W,71,1,GOING STRAIGHT,APPARENTLY NORMAL,Null,OBJECT AVOIDANCE,Null,DEER,Null,Null,Null,Null,Null,Null,Null,Null,Null,Null,Null,Null,DRY,DARK - NO LIGHTING,ANIMAL IN ROADWAY,NHP,2181851,Null,Null,Null,2015-07-14T04:00:00.000Z,{A8D71C93-CCA3-41C2-ADF3-52EC71CBE6E2}
299025,690888.5666,4643278.747,41.92,-114.7,2015-07-13,ANTELOPE,PROPERTY DAMAGE ONLY,ELKO,Mon Jul 13 00:00:00 PDT 2015,Sun Dec 31 08:50:00 PST 1899,8:50:00,US93N,1000,N,MILE MARKER 136,CLOUDY,-9999,-9999,PDO,Null,NON-COLLISION,1,PICKUP,S,30,1,GOING STRAIGHT,APPARENTLY NORMAL,Null,OBJECT AVOIDANCE,Null,ANTELOPE,Null,Null,Null,Null,Null,Null,Null,Null,Null,Null,Null,Null,DRY,DAYLIGHT,ANIMAL IN ROADWAY,NHP,2181811,Null,Null,Null,2015-07-13T15:50:00.000Z,{7CF15650-5A67-422D-B4BD-77DE3E5FB488}
300944,247341.5854,4317574.668,38.97,-119.9,2015-07-20,UNKNOWN,INJURY CRASH,DOUGLAS,Mon Jul 20 00:00:00 PDT 2015,Sun Dec 31 14:44:00 PST 1899,14:44:00,SR207,0,Null,KATHERINE CT,CLEAR,-9999,1,Null,U,NON-COLLISION,1,PICKUP,W,93,-9999,GOING STRAIGHT,APPARENTLY NORMAL,Null,OVER-CORRECTING/OVER-STEERING,Null,Null,Null,Null,Null,Null,Null,Null,Null,Null,Null,Null,Null,Null,DRY,DAYLIGHT,NONE,NHP,2195991,Null,Null,Null,2015-07-20T21:44:00.000Z,{16230A5D-9EAE-42D3-B460-F08CE320751D}
281470,613459.0638,4515202.811,40.78,-115.7,2015-07-20,DEER,PROPERTY DAMAGE ONLY,ELKO,Mon Jul 20 00:00:00 PDT 2015,Sun Dec 31 03:45:00 PST 1899,3:45:00,SR227,0,N,MILE MARKER 8,CLEAR,-9999,-9999,PDO,Null,NON-COLLISION,1,"SEDAN, 4 DOOR",N,-9999,-9999,GOING STRAIGHT,APPARENTLY NORMAL,Null,OBJECT AVOIDANCE,Null,Null,Null,Null,Null,Null,Null,Null,Null,Null,Null,Null,Null,Null,Null,Null,Null,ECSO,2153720,Null,Null,Null,2015-07-20T10:45:00.000Z,{2244431E-6A7D-4985-A74C-507EA62F2B8E}
297594,725137.3576,4200262.547,37.92,-114.4,2015-07-20,DEER,PROPERTY DAMAGE ONLY,LINCOLN,Mon Jul 20 00:00:00 PDT 2015,Sun Dec 31 17:19:00 PST 1899,17:19:00,SR321,2112,S,MILE MARKER 2,CLOUDY,-9999,-9999,PDO,Null,NON-COLLISION,1,"SEDAN, 4 DOOR",N,29,1,GOING STRAIGHT,APPARENTLY NORMAL,Null,Null,Null,DEER,Null,Null,Null,Null,Null,Null,Null,Null,Null,Null,Null,Null,DRY,DAYLIGHT,ANIMAL IN ROADWAY,NHP,2182150,Null,Null,Null,2015-07-21T00:19:00.000Z,{8F771CD2-A771-4013-860C-BE9A6F71BF23}
297954,574743.1435,4480006.714,40.47,-116.1,2015-07-20,DEER,PROPERTY DAMAGE ONLY,EUREKA,Mon Jul 20 00:00:00 PDT 2015,Sun Dec 31 07:15:00 PST 1899,7:15:00,SR278,700,S,MILE MARKER 68,CLEAR,-9999,-9999,PDO,Null,NON-COLLISION,1,"SEDAN, 4 DOOR",S,22,1,GOING STRAIGHT,APPARENTLY NORMAL,Null,Null,Null,DEER,Null,Null,Null,Null,Null,Null,Null,Null,Null,Null,Null,Null,DRY,DAYLIGHT,ANIMAL IN ROADWAY,NHP,2182119,Null,Null,Null,2015-07-20T14:15:00.000Z,{6297BDE6-E98A-451D-BFA2-49A104AF0EAF}
299029,417868.155,4520554.157,40.83,-118,2015-07-27,UNKNOWN,PROPERTY DAMAGE ONLY,PERSHING,Mon Jul 27 00:00:00 PDT 2015,Sun Dec 31 05:32:00 PST 1899,5:32:00,IR80E,100,W,MILE MARKER 73,CLEAR,-9999,-9999,PDO,Null,NON-COLLISION,1,"SEDAN, 2 DOOR",E,18,-9999,GOING STRAIGHT,"FELL ASLEEP, FAINTED, FATIGUED, ETC.",Null,FAILURE TO KEEP IN PROPER LANE OR RUNNING OFF ROAD: UNSAFE LANE CHANGE: OBJECT AVOIDANCE,Null,OTHER ANIMAL: RAN OFF ROAD LEFT: RAN OFF ROAD RIGHT: DITCH,Null,Null,Null,Null,Null,Null,Null,Null,Null,Null,Null,Null,DRY,DAWN,ANIMAL IN ROADWAY,NHP,2182426,Null,Null,Null,2015-07-27T12:32:00.000Z,{E1693F32-1B3E-4C01-9542-2CF665989475}
297887,738786.1685,4204431.95,37.96,-114.3,2015-07-27,HORSE,INJURY CRASH,LINCOLN,Mon Jul 27 00:00:00 PDT 2015,Sun Dec 31 20:35:00 PST 1899,20:35:00,SR322,528,E,MILE MARKER 10,CLEAR,-9999,1,Null,B,NON-COLLISION,1,"SEDAN, 4 DOOR",W,56,1,GOING STRAIGHT,APPARENTLY NORMAL,Null,Null,Null,HORSE,Null,Null,Null,Null,Null,Null,Null,Null,Null,Null,Null,Null,DRY,DARK - NO LIGHTING,ANIMAL IN ROADWAY,NHP,2182464,Null,Null,Null,2015-07-28T03:35:00.000Z,{E90738A8-D4E2-4D53-AD8E-C559567CCF1F}
297590,325829.9914,4639299.303,41.89,-119.1,2015-06-01,OTHER ANIMAL,INJURY CRASH,HUMBOLDT,Mon Jun 01 00:00:00 PDT 2015,Sun Dec 31 22:45:00 PST 1899,22:45:00,SR140,2640,N,MILE MARKER 94,UNKNOWN,-9999,1,Null,B,NON-COLLISION,1,PICKUP,S,60,1,GOING STRAIGHT,"FELL ASLEEP, FAINTED, FATIGUED, ETC.: HAD BEEN DRINKING: DRUG INVOLVEMENT",Null,OVER-CORRECTING/OVER-STEERING: DROVE LEFT OF CENTER: RAN OFF ROAD,Null,OTHER ANIMAL: CROSS MEDIAN/CENTERLINE: RAN OFF ROAD LEFT: RAN OFF ROAD RIGHT: OVERTURN/ROLLOVER,Null,Null,Null,Null,Null,Null,Null,Null,Null,Null,Null,Null,DRY,DARK - NO LIGHTING,ANIMAL IN ROADWAY,NHP,2179690,Null,Null,Null,2015-06-02T05:45:00.000Z,{A3D50D43-986E-4F15-99C9-CC44C59CB83F}
314342,309929.2359,4308675.367,38.91,-119.2,2015-06-01,DEER,PROPERTY DAMAGE ONLY,LYON,Mon Jun 01 00:00:00 PDT 2015,Sun Dec 31 21:21:00 PST 1899,21:21:00,SR339,693,S,JEANIE DR,CLEAR,-9999,-9999,PDO,Null,NON-COLLISION,1,PICKUP,S,-9999,-9999,GOING STRAIGHT,APPARENTLY NORMAL,Null,Null,Null,Null,Null,Null,Null,Null,Null,Null,Null,Null,Null,Null,Null,Null,Null,Null,Null,NHP,2291319,Null,Null,Null,2015-06-02T04:21:00.000Z,{5B5B6233-70BA-45D9-B53C-D3940E499D01}
296146,493454.3769,4231430.957,38.23,-117.1,2015-06-08,CATTLE,PROPERTY DAMAGE ONLY,NYE,Mon Jun 08 00:00:00 PDT 2015,Sun Dec 31 04:45:00 PST 1899,4:45:00,SR376,3168,S,MILE MARKER 12,CLEAR,-9999,-9999,PDO,Null,NON-COLLISION,1,PICKUP,N,-9999,-9999,GOING STRAIGHT,APPARENTLY NORMAL,Null,OBJECT AVOIDANCE,Null,Null,Null,Null,Null,Null,Null,Null,Null,Null,Null,Null,Null,Null,Null,Null,Null,NHP,2179975,Null,Null,Null,2015-06-08T11:45:00.000Z,{94D5813F-31AE-4663-9D78-D5AA4FBB1C60}
296773,403577.8251,4244572.935,38.34,-118.1,2015-06-08,CATTLE,PROPERTY DAMAGE ONLY,MINERAL,Mon Jun 08 00:00:00 PDT 2015,Sun Dec 31 04:25:00 PST 1899,4:25:00,US95N,2640,S,MILE MARKER 13,CLEAR,-9999,-9999,PDO,Null,NON-COLLISION,1,"SEDAN, 2 DOOR",N,-9999,-9999,GOING STRAIGHT,APPARENTLY NORMAL,Null,OBJECT AVOIDANCE,Null,Null,Null,Null,Null,Null,Null,Null,Null,Null,Null,Null,Null,Null,Null,Null,NONE,NHP,2179972,Null,Null,Null,2015-06-08T11:25:00.000Z,{13A81B10-06D6-4DF4-BAA2-F4E377BCDCD9}