OBJECTID,X,Y,Latitude,Longitude,Date,AnimalType,Crash_Seve,County,Crash_Date_Original,Crash_Time_Original,Crash_Time,Primary_St,Distance,Dir,Secondary_,Weather,Fatalities,Injured,Property_D,Injury_Typ,Crash_Type,Total_Vehi,V1_Type,V1_Dir,V1_Driver_,V1_Lane_Nu,V1_Action,V1_Driver1,V1_Drive_1,V1_Vehicle,V1_Most_Ha,V1_All_Eve,V2_Type,V2_Dir,V2_Driver_,V2_Lane_Nu,V2_Action,V2_Driver1,V2_Drive_1,V2_Vehicle,V2_Most_Ha,V2_All_Eve,First_Harm,Nonmotoris,Factors_Ro,Lighting,HWY_Factor,Agency,Accident_R,Pedalcycli,Pedestrian,Motorcycli,CrashDateT,GlobalID
298446,403577.8251,4244572.935,38.34,-118.1,2015-06-08,CATTLE,PROPERTY DAMAGE ONLY,MINERAL,Mon Jun 08 00:00:00 PDT 2015,Sun Dec 31 04:20:00 PST 1899,4:20:00,US95N,2640,S,MILE MARKER 13,CLEAR,-9999,-9999,PDO,Null,NON-COLLISION,1,"HARDTOP, 4 DOOR",N,-9999,-9999,GOING STRAIGHT,APPARENTLY NORMAL,Null,OBJECT AVOIDANCE,Null,Null,Null,Null,Null,Null,Null,Null,Null,Null,Null,Null,Null,Null,Null,Null,NONE,NHP,2179971,Null,Null,Null,2015-06-08T11:20:00.000Z,{D5813A32-A62C-4964-8417-76B0FB38D6E8}
286977,502692.4823,4364374.497,39.43,-117,2015-06-15,CATTLE,PROPERTY DAMAGE ONLY,LANDER,Mon Jun 15 00:00:00 PDT 2015,Sun Dec 31 23:00:00 PST 1899,23:00:00,US50,391,E,MILE MARKER 33,CLEAR,-9999,-9999,PDO,Null,NON-COLLISION,1,"SEDAN, 4 DOOR",E,75,1,GOING STRAIGHT,APPARENTLY NORMAL,Null,OBJECT AVOIDANCE,Null,CATTLE,Null,Null,Null,Null,Null,Null,Null,Null,Null,Null,Null,Null,DRY,DARK - NO LIGHTING,NONE,LASO,2193525,Null,Null,Null,2015-06-16T06:00:00.000Z,{F0DAB16B-07DF-46F8-B11F-B9A5DE98AFC9}
299325,631001.7484,4015044.948,36.27,-115.5,2015-06-22,BURRO,PROPERTY DAMAGE ONLY,CLARK,Mon Jun 22 00:00:00 PDT 2015,Sun Dec 31 20:54:00 PST 1899,20:54:00,SR157,250,E,MILE MARKER 7,CLEAR,-9999,-9999,PDO,Null,NON-COLLISION,1,CARRY-ALL,W,47,1,GOING STRAIGHT,APPARENTLY NORMAL,Null,Null,Null,BURRO,Null,Null,Null,Null,Null,Null,Null,Null,Null,Null,Null,Null,DRY,DARK - NO LIGHTING,ANIMAL IN ROADWAY,NHP,2180785,Null,Null,Null,2015-06-23T03:54:00.000Z,{14F3C5BA-6A96-4792-A0D4-305D495FC81B}
314927,688778.9705,4028470.582,36.38,-114.9,2015-06-29,DEER,INJURY CRASH,CLARK,Mon Jun 29 00:00:00 PDT 2015,Sun Dec 31 05:35:00 PST 1899,5:35:00,US93N,1100,N,MILE MARKER 52,CLEAR,-9999,2,Null,C,NON-COLLISION,1,PICKUP,S,26,1,NOT REPORTED,APPARENTLY NORMAL,Null,OBJECT AVOIDANCE,Null,DEER: RAN OFF ROAD LEFT: EMBANKMENT: TREE/SHRUB: OVERTURN/ROLLOVER,Null,Null,Null,Null,Null,Null,Null,Null,Null,Null,Null,Null,DRY,DAYLIGHT,NONE,NHP,2292721,Null,Null,Null,2015-06-29T12:35:00.000Z,{BA845BF2-B8A8-44FE-93C4-7478D474BA0F}
287185,441220.4842,4637608.933,41.89,-117.7,2015-03-02,DEER,PROPERTY DAMAGE ONLY,HUMBOLDT,Mon Mar 02 00:00:00 PST 2015,Sun Dec 31 04:00:00 PST 1899,4:00:00,US95N,500,N,MILE MARKER 66,CLOUDY,-9999,-9999,PDO,Null,NON-COLLISION,1,"SEDAN, 4 DOOR",N,-9999,-9999,GOING STRAIGHT,APPARENTLY NORMAL,Null,OBJECT AVOIDANCE,Null,Null,Null,Null,Null,Null,Null,Null,Null,Null,Null,Null,Null,Null,Null,Null,Null,NHP,2175331,Null,Null,Null,2015-03-02T12:00:00.000Z,{8C1D2792-5145-4A44-8FED-0F797B0DE0F9}
287106,441263.6441,4537506.332,40.99,-117.7,2015-03-02,CATTLE,PROPERTY DAMAGE ONLY,HUMBOLDT,Mon Mar 02 00:00:00 PST 2015,Sun Dec 31 02:55:00 PST 1899,2:55:00,IR80E,3168,E,MILE MARKER 16,CLEAR,-9999,-9999,PDO,Null,NON-COLLISION,1,"SEDAN, 4 DOOR",E,-9999,-9999,GOING STRAIGHT,APPARENTLY NORMAL,Null,Null,Null,Null,Null,Null,Null,Null,Null,Null,Null,Null,Null,Null,Null,Null,Null,Null,Null,NHP,2175327,Null,Null,Null,2015-03-02T10:55:00.000Z,{1976FDDD-1C2D-45C9-B11C-E3F8F6E93B48}
316746,441267.6088,4537507.302,40.99,-117.7,2015-03-02,CATTLE,PROPERTY DAMAGE ONLY,HUMBOLDT,Mon Mar 02 00:00:00 PST 2015,Sun Dec 31 03:00:00 PST 1899,3:00:00,IR80W,3168,E,MILE MARKER 16,CLEAR,-9999,-9999,PDO,Null,NON-COLLISION,1,SEMI,W,57,1,GOING STRAIGHT,APPARENTLY NORMAL,Null,OBJECT AVOIDANCE,Null,CATTLE,Null,Null,Null,Null,Null,Null,Null,Null,Null,Null,Null,Null,DRY,DARK - SPOT LIGHTING,ANIMAL IN ROADWAY,NHP,2286952,Null,Null,Null,2015-03-02T11:00:00.000Z,{D5F8AA7C-CDAA-4F53-983D-6A91DDA449D4}
287427,266954.1898,4363328.185,39.39,-119.7,2015-03-09,DEER,PROPERTY DAMAGE ONLY,WASHOE,Mon Mar 09 00:00:00 PDT 2015,Sun Dec 31 08:02:00 PST 1899,8:02:00,SR341,1400,S,MILE MARKER 3,CLEAR,-9999,-9999,PDO,Null,NON-COLLISION,1,PICKUP,N,52,-9999,GOING STRAIGHT,APPARENTLY NORMAL,Null,RAN OFF ROAD,Null,DEER: RAN OFF ROAD RIGHT: GUARDRAIL END,Null,Null,Null,Null,Null,Null,Null,Null,Null,Null,Null,Null,DRY,DAYLIGHT,ANIMAL IN ROADWAY,NHP,2175636,Null,Null,Null,2015-03-09T15:02:00.000Z,{5FD49B03-2BED-4C16-AE23-F318353C0707}
287051,300772.3876,4361931.307,39.38,-119.3,2015-03-16,HORSE,PROPERTY DAMAGE ONLY,LYON,Mon Mar 16 00:00:00 PDT 2015,Sun Dec 31 19:45:00 PST 1899,19:45:00,US50,1056,E,MILE MARKER 24,CLEAR,-9999,-9999,PDO,Null,NON-COLLISION,1,"HARDTOP, 4 DOOR",W,-9999,-9999,GOING STRAIGHT,APPARENTLY NORMAL,Null,OBJECT AVOIDANCE,Null,Null,Null,Null,Null,Null,Null,Null,Null,Null,Null,Null,Null,Null,Null,Null,NONE,NHP,2175983,Null,Null,Null,2015-03-17T02:45:00.000Z,{179627B3-7DC6-4350-A543-5644DB11B19F}
283741,613058.4585,4475432.227,40.42,-115.7,2015-03-16,DEER,PROPERTY DAMAGE ONLY,ELKO,Mon Mar 16 00:00:00 PDT 2015,Sun Dec 31 16:00:00 PST 1899,16:00:00,HARRISON PASS RD,0,Null,SR228,CLEAR,-9999,-9999,PDO,Null,NON-COLLISION,1,MOTORCYCLE,N,60,1,GOING STRAIGHT,APPARENTLY NORMAL,Null,Null,Null,DEER,Null,Null,Null,Null,Null,Null,Null,Null,Null,Null,Null,Null,SNOW,DAYLIGHT,ANIMAL IN ROADWAY,ECSO,2242829,Null,Null,YES,2015-03-16T23:00:00.000Z,{8172D7DC-AC5C-4632-9D19-CCEEE1B97447}
287032,561077.1308,4500669.6,40.65,-116.3,2015-03-16,DEER,PROPERTY DAMAGE ONLY,EUREKA,Mon Mar 16 00:00:00 PDT 2015,Sun Dec 31 07:20:00 PST 1899,7:20:00,IR80E,450,E,MILE MARKER 18,CLEAR,-9999,-9999,PDO,Null,NON-COLLISION,1,SEDAN,E,-9999,-9999,GOING STRAIGHT,APPARENTLY NORMAL,Null,Null,Null,Null,Null,Null,Null,Null,Null,Null,Null,Null,Null,Null,Null,Null,Null,Null,Null,NHP,2175951,Null,Null,Null,2015-03-16T14:20:00.000Z,{D118A1C9-FA84-49DF-B3C0-52D8AF472179}
287127,726169.8733,4200298.718,37.92,-114.4,2015-03-16,DEER,PROPERTY DAMAGE ONLY,LINCOLN,Mon Mar 16 00:00:00 PDT 2015,Sun Dec 31 07:40:00 PST 1899,7:40:00,US93N,2112,N,MILE MARKER 117,CLEAR,-9999,-9999,PDO,Null,NON-COLLISION,1,"SEDAN, 4 DOOR",S,17,1,GOING STRAIGHT,APPARENTLY NORMAL,Null,Null,Null,DEER,Null,Null,Null,Null,Null,Null,Null,Null,Null,Null,Null,Null,DRY,DAYLIGHT,ANIMAL IN ROADWAY,NHP,2175952,Null,Null,Null,2015-03-16T14:40:00.000Z,{773A772A-C082-4A91-9769-0D0ED948AC6E}
287362,728300.851,4185416.929,37.79,-114.4,2015-03-16,DEER,PROPERTY DAMAGE ONLY,LINCOLN,Mon Mar 16 00:00:00 PDT 2015,Sun Dec 31 20:36:00 PST 1899,20:36:00,US93N,1584,S,SR816,CLEAR,-9999,-9999,PDO,Null,NON-COLLISION,1,VAN,N,28,1,GOING STRAIGHT,APPARENTLY NORMAL,Null,Null,Null,DEER,Null,Null,Null,Null,Null,Null,Null,Null,Null,Null,Null,Null,DRY,DARK - NO LIGHTING,ANIMAL IN ROADWAY,NHP,2175997,Null,Null,Null,2015-03-17T03:36:00.000Z,{43C4F199-03F0-4A00-879F-D6391013BCBF}
299972,667858.3409,4125365.12,37.26,-115.1,2015-03-30,DEER,PROPERTY DAMAGE ONLY,LINCOLN,Mon Mar 30 00:00:00 PDT 2015,Sun Dec 31 21:45:00 PST 1899,21:45:00,US93N,2000,S,MILE MARKER 31,CLEAR,-9999,-9999,PDO,Null,NON-COLLISION,1,SEMI,N,36,1,GOING STRAIGHT,Null,Null,Null,Null,DEER,Null,Null,Null,Null,Null,Null,Null,Null,Null,Null,Null,Null,DRY,DARK - NO LIGHTING,ANIMAL IN ROADWAY,NHP,2195933,Null,Null,Null,2015-03-31T04:45:00.000Z,{6B0CED4B-2AAF-4F16-9A62-C08047CED4CF}
296568,671159.009,4544047.143,41.03,-115,2015-05-04,DEER,PROPERTY DAMAGE ONLY,ELKO,Mon May 04 00:00:00 PDT 2015,Sun Dec 31 04:25:00 PST 1899,4:25:00,US93N,350,N,MILE MARKER 69,CLEAR,-9999,-9999,PDO,Null,NON-COLLISION,1,VAN,S,-9999,-9999,GOING STRAIGHT,APPARENTLY NORMAL,Null,Null,Null,Null,Null,Null,Null,Null,Null,Null,Null,Null,Null,Null,Null,Null,Null,Null,Null,NHP,2178323,Null,Null,Null,2015-05-04T11:25:00.000Z,{EB5C89D1-942F-4127-82CB-AEFC17B11761}
295557,391015.4338,4222213.099,38.14,-118.2,2015-05-04,BURRO,PROPERTY DAMAGE ONLY,MINERAL,Mon May 04 00:00:00 PDT 2015,Sun Dec 31 20:34:00 PST 1899,20:34:00,SR360,700,W,MILE MARKER 10,CLEAR,-9999,-9999,PDO,Null,NON-COLLISION,1,"TRACTOR TRUCK, DIESEL",E,48,1,GOING STRAIGHT,APPARENTLY NORMAL,Null,Null,Null,BURRO,Null,Null,Null,Null,Null,Null,Null,Null,Null,Null,Null,Null,DRY,DARK - NO LIGHTING,NONE,NHP,2178362,Null,Null,Null,2015-05-05T03:34:00.000Z,{7B7CE891-6AA8-416E-A859-9B1052A6A051}
285542,621601.4214,4512821.738,40.76,-115.6,2015-05-11,DEER,INJURY CRASH,ELKO,Mon May 11 00:00:00 PDT 2015,Sun Dec 31 23:29:00 PST 1899,23:29:00,LOWER LAMOILLE RD,500,E,HOG TOMMY RD,CLEAR,-9999,1,Null,C,NON-COLLISION,1,CARRY-ALL,S,18,1,NOT REPORTED,APPARENTLY NORMAL,Null,RAN OFF ROAD,Null,DEER: RAN OFF ROAD RIGHT,Null,Null,Null,Null,Null,Null,Null,Null,Null,Null,Null,Null,ICE,DARK - NO LIGHTING,ANIMAL IN ROADWAY,ECSO,2242848,Null,Null,Null,2015-05-12T06:29:00.000Z,{442E712A-083D-45B6-9259-18F94CD1D5B5}
294578,256333.1215,4354527.807,39.31,-119.8,2015-05-11,DEER,PROPERTY DAMAGE ONLY,WASHOE,Mon May 11 00:00:00 PDT 2015,Sun Dec 31 21:15:00 PST 1899,21:15:00,IR580N,700,S,MILE MARKER 7,CLEAR,-9999,-9999,PDO,Null,NON-COLLISION,1,CARRY-ALL,N,-9999,-9999,GOING STRAIGHT,"FELL ASLEEP, FAINTED, FATIGUED, ETC.",Null,Null,Null,Null,Null,Null,Null,Null,Null,Null,Null,Null,Null,Null,Null,Null,Null,Null,NONE,NHP,2178695,Null,Null,Null,2015-05-12T04:15:00.000Z,{72C7A94E-A3EF-4ACC-A0B0-DE195507B2E5}
296549,666156.1288,4361201.066,39.38,-115.1,2015-05-18,DEER,PROPERTY DAMAGE ONLY,WHITE PINE,Mon May 18 00:00:00 PDT 2015,Sun Dec 31 05:05:00 PST 1899,5:05:00,US50,2640,E,MILE MARKER 52,CLOUDY,-9999,-9999,PDO,Null,NON-COLLISION,1,PICKUP,W,-9999,-9999,GOING STRAIGHT,APPARENTLY NORMAL,Null,Null,Null,Null,Null,Null,Null,Null,Null,Null,Null,Null,Null,Null,Null,Null,Null,Null,Null,NHP,2178978,Null,Null,Null,2015-05-18T12:05:00.000Z,{F3E71659-C56E-4220-B626-641B00448A74}
297607,665008.3208,4364604.239,39.42,-115.1,2015-05-18,DEER,PROPERTY DAMAGE ONLY,WHITE PINE,Mon May 18 00:00:00 PDT 2015,Sun Dec 31 05:00:00 PST 1899,5:00:00,US50,1000,E,MILE MARKER 50,CLEAR,-9999,-9999,PDO,Null,NON-COLLISION,1,PICKUP,W,-9999,-9999,GOING STRAIGHT,APPARENTLY NORMAL,Null,Null,Null,Null,Null,Null,Null,Null,Null,Null,Null,Null,Null,Null,Null,Null,Null,Null,Null,NHP,2179021,Null,Null,Null,2015-05-18T12:00:00.000Z,{FB670EB3-FD9C-41DC-8CFE-BB22AF4E77D9}
413239,260358.9401,4333822.333,39.12,-119.8,2015-05-18,DEER,PROPERTY DAMAGE ONLY,CARSON CITY,Mon May 18 00:00:00 PDT 2015,Sun Dec 31 06:04:00 PST 1899,6:04:00,US395N,50,S,US50,UNKNOWN,-9999,-9999,PDO,Null,NON-COLLISION,1,"HARDTOP, 4 DOOR",S,-9999,-9999,GOING STRAIGHT,APPARENTLY NORMAL,Null,Null,Null,Null,Null,Null,Null,Null,Null,Null,Null,Null,Null,Null,Null,Null,Null,Null,NONE,NHP,2178980,Null,Null,Null,2015-05-18T13:04:00.000Z,{D9921CDC-AFE8-4272-93F3-F1720DAAC52B}
283664,245532.1411,4328426.215,39.07,-119.9,2015-05-25,DEER,PROPERTY DAMAGE ONLY,DOUGLAS,Mon May 25 00:00:00 PDT 2015,Sun Dec 31 04:50:00 PST 1899,4:50:00,US50,500,N,LOGAN CREEK DR,CLEAR,-9999,-9999,PDO,Null,NON-COLLISION,1,PICKUP,E,-9999,-9999,GOING STRAIGHT,APPARENTLY NORMAL,Null,OBJECT AVOIDANCE,Null,Null,Null,Null,Null,Null,Null,Null,Null,Null,Null,Null,Null,Null,Null,Null,Null,DCSO,2153082,Null,Null,Null,2015-05-25T11:50:00.000Z,{4E524D2F-ECF5-4923-A812-904D1226A1A2}
297885,709370.5363,4243398.16,38.31,-114.6,2015-05-25,DEER,PROPERTY DAMAGE ONLY,LINCOLN,Mon May 25 00:00:00 PDT 2015,Sun Dec 31 16:50:00 PST 1899,16:50:00,US93N,2640,S,MILE MARKER 148,CLEAR,-9999,-9999,PDO,Null,NON-COLLISION,1,"SEDAN, 4 DOOR",N,34,1,GOING STRAIGHT,APPARENTLY NORMAL,Null,Null,Null,DEER,Null,Null,Null,Null,Null,Null,Null,Null,Null,Null,Null,Null,DRY,DAYLIGHT,ANIMAL IN ROADWAY,NHP,2179345,Null,Null,Null,2015-05-25T23:50:00.000Z,{58DD91F3-555F-4481-8483-F56FFFABC2BB}
298225,634260.3039,4541920.948,41.02,-115.4,2015-05-25,DEER,PROPERTY DAMAGE ONLY,ELKO,Mon May 25 00:00:00 PDT 2015,Sun Dec 31 05:33:00 PST 1899,5:33:00,IR80E,350,E,MILE MARKER 49,CLEAR,-9999,-9999,PDO,Null,NON-COLLISION,1,PICKUP,E,-9999,-9999,GOING STRAIGHT,APPARENTLY NORMAL,Null,Null,Null,Null,Null,Null,Null,Null,Null,Null,Null,Null,Null,Null,Null,Null,Null,Null,Null,NHP,2179326,Null,Null,Null,2015-05-25T12:33:00.000Z,{720A6638-7E1F-4A94-AAFB-E022AB18A664}
323580,652765.0282,4019873.351,36.31,-115.3,2015-11-02,DOG/COYOTE,PROPERTY DAMAGE ONLY,CLARK,Mon Nov 02 00:00:00 PST 2015,Sun Dec 31 21:11:00 PST 1899,21:11:00,US95S,150,N,MILE MARKER 91,CLEAR,-9999,-9999,PDO,Null,NON-COLLISION,1,"HATCHBACK, 2 DOOR",S,21,2,GOING STRAIGHT,APPARENTLY NORMAL,Null,Null,Null,DOG/COYOTE,Null,Null,Null,Null,Null,Null,Null,Null,Null,Null,Null,Null,DRY,DARK - NO LIGHTING,NONE,NHP,2211650,Null,Null,Null,2015-11-03T05:11:00.000Z,{CE20B5A4-44B3-4871-B520-05B580D86C12}
315955,705314.4217,4549738.868,41.07,-114.6,2015-11-02,DEER,PROPERTY DAMAGE ONLY,ELKO,Mon Nov 02 00:00:00 PST 2015,Sun Dec 31 07:15:00 PST 1899,7:15:00,IR80E,528,E,MILE MARKER 96,"FOG, SMOG, SMOKE",-9999,-9999,PDO,Null,NON-COLLISION,1,"SEDAN, 4 DOOR",E,23,2,GOING STRAIGHT,APPARENTLY NORMAL,Null,Null,Null,DEER,Null,Null,Null,Null,Null,Null,Null,Null,Null,Null,Null,Null,DRY,DARK - NO LIGHTING,ANIMAL IN ROADWAY,NHP,2211584,Null,Null,Null,2015-11-02T15:15:00.000Z,{DDEB9114-638A-41C8-9BB7-3CB605F62AF2}
315958,705674.7841,4549818.593,41.07,-114.6,2015-11-02,DEER,PROPERTY DAMAGE ONLY,ELKO,Mon Nov 02 00:00:00 PST 2015,Sun Dec 31 05:45:00 PST 1899,5:45:00,IR80W,1584,E,MILE MARKER 96,CLOUDY,-9999,-9999,PDO,Null,NON-COLLISION,1,PICKUP,W,-9999,2,GOING STRAIGHT,Null,Null,HIT AND RUN,Null,DEER,Null,Null,Null,Null,Null,Null,Null,Null,Null,Null,Null,Null,DRY,DARK - NO LIGHTING,ANIMAL IN ROADWAY,NHP,2211589,Null,Null,Null,2015-11-02T13:45:00.000Z,{3BAD8376-074B-489C-86E8-E6FE4A67233F}
315963,721320.3754,4204135.872,37.96,-114.5,2015-11-02,DEER,PROPERTY DAMAGE ONLY,LINCOLN,Mon Nov 02 00:00:00 PST 2015,Sun Dec 31 08:48:00 PST 1899,8:48:00,US93N,1584,N,MILE MARKER 121,CLEAR,-9999,-9999,PDO,Null,NON-COLLISION,1,CARRY-ALL,S,57,1,GOING STRAIGHT,APPARENTLY NORMAL,Null,Null,Null,DEER,Null,Null,Null,Null,Null,Null,Null,Null,Null,Null,Null,Null,DRY,DAYLIGHT,ANIMAL IN ROADWAY,NHP,2211597,Null,Null,Null,2015-11-02T16:48:00.000Z,{5C19CFE7-A09E-4DCE-818B-DEE2B2663FC2}
316009,648102.7083,3989101.394,36.04,-115.4,2015-11-02,BURRO,PROPERTY DAMAGE ONLY,CLARK,Mon Nov 02 00:00:00 PST 2015,Sun Dec 31 19:00:00 PST 1899,19:00:00,SR160,600,N,MILE MARKER 11,CLEAR,-9999,-9999,PDO,Null,NON-COLLISION,1,PICKUP,S,59,1,GOING STRAIGHT,APPARENTLY NORMAL,Null,Null,Null,BURRO,Null,Null,Null,Null,Null,Null,Null,Null,Null,Null,Null,Null,DRY,DARK - NO LIGHTING,NONE,NHP,2211705,Null,Null,Null,2015-11-03T03:00:00.000Z,{1183326C-8965-4931-A915-667B520893A2}
316118,693676.9392,4036806.284,36.46,-114.8,2015-11-09,DOG/COYOTE,PROPERTY DAMAGE ONLY,CLARK,Mon Nov 09 00:00:00 PST 2015,Sun Dec 31 21:42:00 PST 1899,21:42:00,IR15S,1891,N,MILE MARKER 70,CLEAR,-9999,-9999,PDO,Null,NON-COLLISION,1,"HATCHBACK, 4 DOOR",S,55,1,GOING STRAIGHT,APPARENTLY NORMAL,Null,Null,Null,DOG/COYOTE,Null,Null,Null,Null,Null,Null,Null,Null,Null,Null,Null,Null,DRY,DARK - NO LIGHTING,NONE,NHP,2212023,Null,Null,Null,2015-11-10T05:42:00.000Z,{D129C899-2FFF-4037-AC8E-4E5903ADEB64}
316104,604831.5028,4522655.029,40.85,-115.8,2015-11-09,DEER,PROPERTY DAMAGE ONLY,ELKO,Mon Nov 09 00:00:00 PST 2015,Sun Dec 31 09:34:00 PST 1899,9:34:00,IR80W,1056,E,MILE MARKER 25,SNOW,-9999,-9999,PDO,Null,NON-COLLISION,1,PICKUP,W,68,2,GOING STRAIGHT,APPARENTLY NORMAL,Null,Null,Null,DEER,Null,Null,Null,Null,Null,Null,Null,Null,Null,Null,Null,Null,DRY,DAYLIGHT,WEATHER,NHP,2211966,Null,Null,Null,2015-11-09T17:34:00.000Z,{1CE6569C-31F5-4FED-B93C-DF76AFBE661C}
316111,714470.1775,3897158.227,35.19,-114.6,2015-11-09,BIG HORN SHEEP,PROPERTY DAMAGE ONLY,CLARK,Mon Nov 09 00:00:00 PST 2015,Sun Dec 31 15:30:00 PST 1899,15:30:00,SR163,2640,E,MILE MARKER 14,CLEAR,-9999,-9999,PDO,Null,NON-COLLISION,1,"SEDAN, 4 DOOR",E,34,2,GOING STRAIGHT,APPARENTLY NORMAL,Null,Null,Null,BIG HORN SHEEP,Null,Null,Null,Null,Null,Null,Null,Null,Null,Null,Null,Null,DRY,DAYLIGHT,ANIMAL IN ROADWAY,NHP,2211990,Null,Null,Null,2015-11-09T23:30:00.000Z,{1CE3A620-4C2E-4D41-9ECE-6E653A452E58}
316219,670078.5291,4287019.461,38.72,-115,2015-11-16,UNKNOWN,INJURY CRASH,WHITE PINE,Mon Nov 16 00:00:00 PST 2015,Sun Dec 31 03:30:00 PST 1899,3:30:00,SR318,1320,S,MILE MARKER 1,SNOW,-9999,1,Null,C,NON-COLLISION,1,"HARDTOP, 4 DOOR",S,32,-9999,GOING STRAIGHT,APPARENTLY NORMAL,Null,RAN OFF ROAD,Null,CROSS MEDIAN/CENTERLINE: RAN OFF ROAD LEFT: OVERTURN/ROLLOVER,Null,Null,Null,Null,Null,Null,Null,Null,Null,Null,Null,Null,DRY,DARK - NO LIGHTING,WEATHER,NHP,2212372,Null,Null,Null,2015-11-16T11:30:00.000Z,{6B96F499-CFA0-4F07-8C68-943DE1C57316}
316233,711251.1899,4228674.582,38.18,-114.6,2015-11-16,DEER,PROPERTY DAMAGE ONLY,LINCOLN,Mon Nov 16 00:00:00 PST 2015,Sun Dec 31 11:46:00 PST 1899,11:46:00,US93N,1056,N,MILE MARKER 138,SEVERE CROSSWINDS,-9999,-9999,PDO,Null,NON-COLLISION,1,PICKUP,N,73,1,GOING STRAIGHT,APPARENTLY NORMAL,Null,Null,Null,DEER,Null,Null,Null,Null,Null,Null,Null,Null,Null,Null,Null,Null,DRY,DAYLIGHT,ANIMAL IN ROADWAY,NHP,2212396,Null,Null,Null,2015-11-16T19:46:00.000Z,{0D39C821-DF02-4656-9D24-35B8AD0812B9}
317938,705229.704,4046952.186,36.55,-114.7,2015-11-23,DEER,PROPERTY DAMAGE ONLY,CLARK,Mon Nov 23 00:00:00 PST 2015,Sun Dec 31 07:36:00 PST 1899,7:36:00,IR15S,70,S,MILE MARKER 80,CLEAR,-9999,-9999,PDO,Null,NON-COLLISION,1,SEMI,S,43,2,GOING STRAIGHT,APPARENTLY NORMAL,Null,Null,Null,DEER,Null,Null,Null,Null,Null,Null,Null,Null,Null,Null,Null,Null,DRY,DAYLIGHT,NONE,NHP,2212789,Null,Null,Null,2015-11-23T15:36:00.000Z,{6423D88B-F1CC-4875-AA41-1A0D39436F1C}
316783,639538.1465,3997250.098,36.11,-115.4,2015-11-23,BURRO,PROPERTY DAMAGE ONLY,CLARK,Mon Nov 23 00:00:00 PST 2015,Sun Dec 31 17:30:00 PST 1899,17:30:00,SR159,1500,N,MILE MARKER 8,CLEAR,-9999,-9999,PDO,Null,NON-COLLISION,1,UTILITY,S,51,1,GOING STRAIGHT,APPARENTLY NORMAL,Null,Null,Null,BURRO,Null,Null,Null,Null,Null,Null,Null,Null,Null,Null,Null,Null,DRY,DARK - NO LIGHTING,ANIMAL IN ROADWAY,NHP,2212838,Null,Null,Null,2015-11-24T01:30:00.000Z,{4406DEBE-EBBB-49C3-ADED-AE386E3B4EBC}
303825,691817.0964,3982403.771,35.97,-114.9,2015-11-30,DOG/COYOTE,PROPERTY DAMAGE ONLY,CLARK,Mon Nov 30 00:00:00 PST 2015,Sun Dec 31 01:45:00 PST 1899,1:45:00,US93S,0,Null,MILE MARKER 10.11,CLEAR,-9999,-9999,PDO,Null,NON-COLLISION,1,CARRY-ALL,S,-9999,-9999,GOING STRAIGHT,APPARENTLY NORMAL,Null,Null,Null,Null,Null,Null,Null,Null,Null,Null,Null,Null,Null,Null,Null,Null,Null,Null,NONE,BCPD,2206862,Null,Null,Null,2015-11-30T09:45:00.000Z,{A8981224-F343-4E2C-BBB7-44A03CD3AF6E}
318124,705195.0875,4549770.803,41.07,-114.6,2015-11-30,DEER,PROPERTY DAMAGE ONLY,ELKO,Mon Nov 30 00:00:00 PST 2015,Sun Dec 31 16:50:00 PST 1899,16:50:00,IR80E,106,E,MILE MARKER 96,CLEAR,-9999,-9999,PDO,Null,NON-COLLISION,1,"SEDAN, 4 DOOR",E,24,1,GOING STRAIGHT,APPARENTLY NORMAL,Null,Null,Null,DEER,Null,Null,Null,Null,Null,Null,Null,Null,Null,Null,Null,Null,DRY,DARK - NO LIGHTING,ANIMAL IN ROADWAY,NHP,2213207,Null,Null,Null,2015-12-01T00:50:00.000Z,{D5067A92-53F0-4BE2-99B4-1E2839B8D9C3}
318114,720609.1551,4170329.942,37.65,-114.5,2015-11-30,COYOTE,PROPERTY DAMAGE ONLY,LINCOLN,Mon Nov 30 00:00:00 PST 2015,Sun Dec 31 10:22:00 PST 1899,10:22:00,US93N,528,N,MILE MARKER 97,CLEAR,-9999,-9999,PDO,Null,NON-COLLISION,1,"SEDAN, 4 DOOR",N,86,1,GOING STRAIGHT,APPARENTLY NORMAL,Null,Null,Null,DOG/COYOTE,Null,Null,Null,Null,Null,Null,Null,Null,Null,Null,Null,Null,DRY,DAYLIGHT,ANIMAL IN ROADWAY,NHP,2213178,Null,Null,Null,2015-11-30T18:22:00.000Z,{C3451970-9953-4137-95E4-23C7F7DA76E8}