OBJECTID,X,Y,Latitude,Longitude,Date,AnimalType,Crash_Seve,County,Crash_Date_Original,Crash_Time_Original,Crash_Time,Primary_St,Distance,Dir,Secondary_,Weather,Fatalities,Injured,Property_D,Injury_Typ,Crash_Type,Total_Vehi,V1_Type,V1_Dir,V1_Driver_,V1_Lane_Nu,V1_Action,V1_Driver1,V1_Drive_1,V1_Vehicle,V1_Most_Ha,V1_All_Eve,V2_Type,V2_Dir,V2_Driver_,V2_Lane_Nu,V2_Action,V2_Driver1,V2_Drive_1,V2_Vehicle,V2_Most_Ha,V2_All_Eve,First_Harm,Nonmotoris,Factors_Ro,Lighting,HWY_Factor,Agency,Accident_R,Pedalcycli,Pedestrian,Motorcycli,CrashDateT,GlobalID
303356,650966.4697,4510642.57,40.73,-115.2,2015-10-05,DEER,PROPERTY DAMAGE ONLY,ELKO,Mon Oct 05 00:00:00 PDT 2015,Sun Dec 31 19:25:00 PST 1899,19:25:00,SR229,2600,S,MILE MARKER 27,CLOUDY,-9999,-9999,PDO,Null,NON-COLLISION,1,CARRY-ALL,N,65,1,GOING STRAIGHT,APPARENTLY NORMAL,Null,OBJECT AVOIDANCE,Null,DEER,Null,Null,Null,Null,Null,Null,Null,Null,Null,Null,Null,Null,DRY,DUSK,NONE,NHP,2199111,Null,Null,Null,2015-10-06T02:25:00.000Z,{0A3AE121-1D7C-4EF3-B3EB-B22105891759}
324161,271776.9986,4354963.834,39.31,-119.6,2015-10-05,DEER,PROPERTY DAMAGE ONLY,STOREY,Mon Oct 05 00:00:00 PDT 2015,Sun Dec 31 04:04:00 PST 1899,4:04:00,E ST,200,N,MILL ST,CLEAR,-9999,-9999,PDO,Null,NON-COLLISION,1,"SEDAN, 4 DOOR",S,31,-9999,GOING STRAIGHT,APPARENTLY NORMAL,Null,OBJECT AVOIDANCE,Null,OTHER MOVABLE OBJECT,Null,Null,Null,Null,Null,Null,Null,Null,Null,Null,Null,Null,DRY,DARK - CONTINUOUS LIGHTING,ANIMAL IN ROADWAY,STSO,2216127,Null,Null,Null,2015-10-05T11:04:00.000Z,{EE81938E-F492-48D5-931B-F23B5CD97FBF}
315612,704602.2808,4324138.059,39.04,-114.6,2015-10-12,ELK,PROPERTY DAMAGE ONLY,WHITE PINE,Mon Oct 12 00:00:00 PDT 2015,Sun Dec 31 20:00:00 PST 1899,20:00:00,US6,250,W,MILE MARKER 61,CLEAR,-9999,-9999,PDO,Null,NON-COLLISION,1,PICKUP,W,37,1,GOING STRAIGHT,APPARENTLY NORMAL,Null,Null,Null,ELK,Null,Null,Null,Null,Null,Null,Null,Null,Null,Null,Null,Null,DRY,DARK - NO LIGHTING,ANIMAL IN ROADWAY,NHP,2210641,Null,Null,Null,2015-10-13T03:00:00.000Z,{798453B3-B2D8-4E3F-AACD-B0E06DC1C6A1}
315522,259488.2261,4383010.015,39.56,-119.8,2015-10-12,DOG/COYOTE,PROPERTY DAMAGE ONLY,WASHOE,Mon Oct 12 00:00:00 PDT 2015,Sun Dec 31 04:50:00 PST 1899,4:50:00,US395S,200,S,MILE MARKER 28,CLEAR,-9999,-9999,PDO,Null,NON-COLLISION,1,CARRY-ALL,S,32,2,GOING STRAIGHT,APPARENTLY NORMAL,Null,OBJECT AVOIDANCE,Null,DOG/COYOTE,Null,Null,Null,Null,Null,Null,Null,Null,Null,Null,Null,Null,DRY,DARK - SPOT LIGHTING,NONE,NHP,2297777,Null,Null,Null,2015-10-12T11:50:00.000Z,{6DF464AE-77E2-455B-A75F-19D3E45C4F61}
315611,708043.4386,4548489.121,41.06,-114.5,2015-10-12,DEER,PROPERTY DAMAGE ONLY,ELKO,Mon Oct 12 00:00:00 PDT 2015,Sun Dec 31 18:59:00 PST 1899,18:59:00,IR80E,300,E,MILE MARKER 98,CLEAR,-9999,-9999,PDO,Null,NON-COLLISION,1,VAN,E,29,2,GOING STRAIGHT,APPARENTLY NORMAL,Null,OBJECT AVOIDANCE,Null,DEER,Null,Null,Null,Null,Null,Null,Null,Null,Null,Null,Null,Null,DRY,DARK - NO LIGHTING,ANIMAL IN ROADWAY,NHP,2210639,Null,Null,Null,2015-10-13T01:59:00.000Z,{0A977D28-E8B6-44D6-84F8-57E91BA678A6}
315718,612557.0228,4166287.884,37.64,-115.7,2015-10-19,CATTLE,PROPERTY DAMAGE ONLY,LINCOLN,Mon Oct 19 00:00:00 PDT 2015,Sun Dec 31 19:20:00 PST 1899,19:20:00,SR375,200,S,MILE MARKER 11,CLEAR,-9999,-9999,PDO,Null,NON-COLLISION,1,CARRY-ALL,S,54,1,GOING STRAIGHT,APPARENTLY NORMAL,Null,Null,Null,CATTLE,Null,Null,Null,Null,Null,Null,Null,Null,Null,Null,Null,Null,DRY,DARK - NO LIGHTING,ANIMAL IN ROADWAY,NHP,2210960,Null,Null,Null,2015-10-20T02:20:00.000Z,{9495CBEA-92DF-431B-ABB2-7AF9D09178C5}
315719,612478.8947,4166335.648,37.64,-115.7,2015-10-19,CATTLE,PROPERTY DAMAGE ONLY,LINCOLN,Mon Oct 19 00:00:00 PDT 2015,Sun Dec 31 18:59:00 PST 1899,18:59:00,SR375,100,N,MILE MARKER 11,CLOUDY,-9999,-9999,PDO,Null,NON-COLLISION,1,CARRY-ALL,N,73,1,GOING STRAIGHT,APPARENTLY NORMAL,Null,UNKNOWN,Null,CATTLE,Null,Null,Null,Null,Null,Null,Null,Null,Null,Null,Null,Null,DRY,DARK - NO LIGHTING,ANIMAL IN ROADWAY,NHP,2210961,Null,Null,Null,2015-10-20T01:59:00.000Z,{13514DCA-FB0D-4BF3-8BFF-83E90C517617}
315721,612491.9155,4166327.687,37.64,-115.7,2015-10-19,CATTLE,PROPERTY DAMAGE ONLY,LINCOLN,Mon Oct 19 00:00:00 PDT 2015,Sun Dec 31 19:30:00 PST 1899,19:30:00,SR375,50,N,MILE MARKER 11,CLOUDY,-9999,-9999,PDO,Null,NON-COLLISION,1,"TRACTOR TRUCK, DIESEL",N,49,1,GOING STRAIGHT,APPARENTLY NORMAL,Null,UNKNOWN,Null,CATTLE,Null,Null,Null,Null,Null,Null,Null,Null,Null,Null,Null,Null,DRY,DARK - NO LIGHTING,ANIMAL IN ROADWAY,NHP,2210965,Null,Null,Null,2015-10-20T02:30:00.000Z,{1175C4E6-CED5-4741-A8E8-1B0D236D01A1}
315710,530141.9942,4463035.779,40.32,-116.6,2015-10-19,ANTELOPE,PROPERTY DAMAGE ONLY,LANDER,Mon Oct 19 00:00:00 PDT 2015,Sun Dec 31 07:05:00 PST 1899,7:05:00,SR306,200,N,MILE MARKER 6,CLOUDY: RAIN,-9999,-9999,PDO,Null,NON-COLLISION,1,PICKUP,S,49,1,GOING STRAIGHT,APPARENTLY NORMAL,Null,Null,Null,ANTELOPE,Null,Null,Null,Null,Null,Null,Null,Null,Null,Null,Null,Null,DRY,DAWN,ANIMAL IN ROADWAY,NHP,2210933,Null,Null,Null,2015-10-19T14:05:00.000Z,{B2025C65-199B-4953-BE58-63CDC53794EE}
315846,488489.1059,4440383.557,40.11,-117.1,2015-10-26,DEER,PROPERTY DAMAGE ONLY,LANDER,Mon Oct 26 00:00:00 PDT 2015,Sun Dec 31 06:15:00 PST 1899,6:15:00,SR305,600,N,MILE MARKER 78,CLEAR,-9999,-9999,PDO,Null,NON-COLLISION,1,HARDTOP,N,-9999,-9999,GOING STRAIGHT,APPARENTLY NORMAL,Null,OBJECT AVOIDANCE,Null,Null,Null,Null,Null,Null,Null,Null,Null,Null,Null,Null,Null,Null,Null,Null,Null,NHP,2211290,Null,Null,Null,2015-10-26T13:15:00.000Z,{B78DD75B-BFA2-4BE0-A87C-B294DD96874F}
302292,603797.7574,4522263.158,40.84,-115.8,2015-09-07,DEER,PROPERTY DAMAGE ONLY,ELKO,Mon Sep 07 00:00:00 PDT 2015,Sun Dec 31 03:55:00 PST 1899,3:55:00,IR80E,2640,E,MILE MARKER 24,CLEAR,-9999,-9999,PDO,Null,NON-COLLISION,1,"TRACTOR TRUCK, DIESEL",E,52,1,GOING STRAIGHT,"FELL ASLEEP, FAINTED, FATIGUED, ETC.",Null,Null,Null,DEER,Null,Null,Null,Null,Null,Null,Null,Null,Null,Null,Null,Null,DRY,DARK - NO LIGHTING,ANIMAL IN ROADWAY,NHP,2197683,Null,Null,Null,2015-09-07T10:55:00.000Z,{0A93767A-977C-4BB1-8774-6D5FE79D3D98}
302463,705111.3071,3894516.549,35.17,-114.7,2015-09-14,DEER,INJURY CRASH,CLARK,Mon Sep 14 00:00:00 PDT 2015,Sun Dec 31 21:39:00 PST 1899,21:39:00,SR163,1584,E,MILE MARKER 6,CLOUDY,-9999,1,Null,U,NON-COLLISION,1,"SEDAN, 4 DOOR",E,20,1,GOING STRAIGHT,APPARENTLY NORMAL,Null,Null,Null,DEER,Null,Null,Null,Null,Null,Null,Null,Null,Null,Null,Null,Null,DRY,DARK - NO LIGHTING,"WET, ICY, SNOW, SLUSH",NHP,2198035,Null,Null,Null,2015-09-15T04:39:00.000Z,{817D8D5D-6EFA-4ECD-A5B6-CE75DBC968A3}
300777,589348.3943,4017756.52,36.3,-116,2015-09-14,BURRO,PROPERTY DAMAGE ONLY,NYE,Mon Sep 14 00:00:00 PDT 2015,Sun Dec 31 06:05:00 PST 1899,6:05:00,SR160,2851,S,MILE MARKER 17,CLEAR,-9999,-9999,PDO,Null,NON-COLLISION,1,CARRY-ALL,N,47,1,GOING STRAIGHT,APPARENTLY NORMAL,Null,UNKNOWN,Null,BURRO,Null,Null,Null,Null,Null,Null,Null,Null,Null,Null,Null,Null,DRY,DAYLIGHT,NONE,NHP,2197993,Null,Null,Null,2015-09-14T13:05:00.000Z,{010D3956-71B1-45CA-AD79-8C504F2A1157}
302456,259384.8089,4324711.579,39.04,-119.8,2015-09-21,UNKNOWN,PROPERTY DAMAGE ONLY,DOUGLAS,Mon Sep 21 00:00:00 PDT 2015,Sun Dec 31 05:55:00 PST 1899,5:55:00,US395N,1056,S,STEPHANIE WAY,CLEAR,-9999,-9999,PDO,Null,NON-COLLISION,1,"SEDAN, 4 DOOR",N,-9999,-9999,GOING STRAIGHT,APPARENTLY NORMAL,Null,Null,Null,Null,Null,Null,Null,Null,Null,Null,Null,Null,Null,Null,Null,Null,Null,Null,NONE,NHP,2198331,Null,Null,Null,2015-09-21T12:55:00.000Z,{8F722E99-6B8D-4420-8E47-2FA7D0D6ACC1}
315218,306748.6598,4386634.95,39.61,-119.3,2015-09-21,ANTELOPE,PROPERTY DAMAGE ONLY,LYON,Mon Sep 21 00:00:00 PDT 2015,Sun Dec 31 10:24:00 PST 1899,10:24:00,US50A,0,Null,SR427,CLEAR,-9999,-9999,PDO,Null,REAR-END,2,PICKUP,W,20,1,GOING STRAIGHT,APPARENTLY NORMAL,Null,Null,Null,ANTELOPE,CARRY-ALL,W,51,1,STOPPED,APPARENTLY NORMAL,Null,UNKNOWN,Null,Null,Null,Null,DRY,DAYLIGHT,NONE,NHP,2296840,Null,Null,Null,2015-09-21T17:24:00.000Z,{EDB1091E-37A3-4997-9AE2-8852C4A4DCC1}
304252,527262.7309,4451304.85,40.21,-116.7,2015-09-28,CATTLE,PROPERTY DAMAGE ONLY,LANDER,Mon Sep 28 00:00:00 PDT 2015,Sun Dec 31 19:45:00 PST 1899,19:45:00,CARICO RANCH RD,7000,W,CORTEZ ACCESS RD,CLEAR,-9999,-9999,PDO,Null,NON-COLLISION,1,"TRACTOR TRUCK, DIESEL",E,37,1,GOING STRAIGHT,APPARENTLY NORMAL,Null,UNKNOWN,Null,OTHER ANIMAL,Null,Null,Null,Null,Null,Null,Null,Null,Null,Null,Null,Null,DRY,DARK - NO LIGHTING,ANIMAL IN ROADWAY,LASO,2207325,Null,Null,Null,2015-09-29T02:45:00.000Z,{E80EA42B-677D-4505-AA00-90D27420502F}
315226,739065.5923,4330900.139,39.09,-114.2,2015-09-28,CATTLE,INJURY CRASH,WHITE PINE,Mon Sep 28 00:00:00 PDT 2015,Sun Dec 31 00:20:00 PST 1899,0:20:00,US6,1320,E,MILE MARKER 91,CLEAR,-9999,2,Null,B,NON-COLLISION,1,PICKUP,W,33,1,GOING STRAIGHT,APPARENTLY NORMAL,Null,Null,Null,CATTLE: RAN OFF ROAD LEFT: OVERTURN/ROLLOVER,Null,Null,Null,Null,Null,Null,Null,Null,Null,Null,Null,Null,DRY,DARK - NO LIGHTING,ANIMAL IN ROADWAY,NHP,2297147,Null,Null,Null,2015-09-28T07:20:00.000Z,{B61FEDEF-93B9-41FD-8D9D-0C64D2FEA221}
382455,263359.1109,4339449.631,39.17,-119.7,2015-04-11,DEER,PROPERTY DAMAGE ONLY,CARSON CITY,Sat Apr 11 00:00:00 PDT 2015,Sun Dec 31 06:07:00 PST 1899,6:07:00,IR580S,600,N,US50E/W TO IR580S INT39,CLEAR,-9999,-9999,PDO,Null,NON-COLLISION,1,PICKUP,S,-9999,-9999,GOING STRAIGHT,APPARENTLY NORMAL,Null,Null,Null,Null,Null,Null,Null,Null,Null,Null,Null,Null,Null,Null,Null,Null,Null,Null,NONE,NHP,2288807,Null,Null,Null,2015-04-11T13:07:00.000Z,{8E8FA1AE-9B2E-4B69-9A6C-8B41C8371B9B}
294577,410778.6654,4498484.589,40.63,-118.1,2015-04-11,CATTLE,PROPERTY DAMAGE ONLY,PERSHING,Sat Apr 11 00:00:00 PDT 2015,Sun Dec 31 03:25:00 PST 1899,3:25:00,SR400,528,S,MILE MARKER 13,CLOUDY,-9999,-9999,PDO,Null,NON-COLLISION,1,CARRY-ALL,S,-9999,-9999,GOING STRAIGHT,APPARENTLY NORMAL,Null,Null,Null,Null,Null,Null,Null,Null,Null,Null,Null,Null,Null,Null,Null,Null,Null,Null,NONE,NHP,2177173,Null,Null,Null,2015-04-11T10:25:00.000Z,{3B1B8F21-612A-481D-BF21-02B19F37BBA1}
298208,622113.1885,4534158.631,40.95,-115.5,2015-04-18,DEER,PROPERTY DAMAGE ONLY,ELKO,Sat Apr 18 00:00:00 PDT 2015,Sun Dec 31 11:50:00 PST 1899,11:50:00,IR80W,1500,E,MILE MARKER 39,CLEAR,-9999,-9999,PDO,Null,NON-COLLISION,1,CARRY-ALL,W,-9999,-9999,GOING STRAIGHT,APPARENTLY NORMAL,Null,Null,Null,Null,Null,Null,Null,Null,Null,Null,Null,Null,Null,Null,Null,Null,Null,Null,Null,NHP,2177548,Null,Null,Null,2015-04-18T18:50:00.000Z,{8A311814-0D2B-4356-94A7-215C74F83472}
296833,726044.625,4532596.5,40.91,-114.3,2015-04-25,DOG/COYOTE,PROPERTY DAMAGE ONLY,ELKO,Sat Apr 25 00:00:00 PDT 2015,Sun Dec 31 07:39:00 PST 1899,7:39:00,IR80W,500,E,MILE MARKER 113,CLOUDY,-9999,-9999,PDO,Null,NON-COLLISION,1,"SEDAN, 4 DOOR",W,-9999,-9999,GOING STRAIGHT,APPARENTLY NORMAL,Null,OBJECT AVOIDANCE,Null,Null,Null,Null,Null,Null,Null,Null,Null,Null,Null,Null,Null,Null,Null,Null,NONE,NHP,2177890,Null,Null,Null,2015-04-25T14:39:00.000Z,{8ABC6002-0126-4060-9D4F-5886D481B0E9}
284112,660244.8735,4001428.817,36.14,-115.2,2015-04-25,DOG,INJURY CRASH,CLARK,Sat Apr 25 00:00:00 PDT 2015,Sun Dec 31 08:42:00 PST 1899,8:42:00,SR589,0,Null,WESTWIND RD,CLOUDY,-9999,1,Null,C,"SIDESWIPE, OVERTAKING",2,"SEDAN, 4 DOOR",E,36,-9999,CHANGING LANES,APPARENTLY NORMAL,Null,OBJECT AVOIDANCE,MOTOR VEHICLE IN TRANSPORT,DOG/COYOTE: RAN OFF ROAD RIGHT: CROSS MEDIAN/CENTERLINE: LIGHT/LUMINARY SUPPORT,CARRY-ALL,E,27,Null,GOING STRAIGHT,APPARENTLY NORMAL,Null,Null,MOTOR VEHICLE IN TRANSPORT,Null,MOTOR VEHICLE IN TRANSPORT,Null,DRY,DAYLIGHT,NONE: ANIMAL IN ROADWAY,LVMPD,2133799,Null,Null,Null,2015-04-25T15:42:00.000Z,{CB0E1578-0269-4451-A56F-2FA34C99BD50}
298447,646723.6497,4149814.663,37.48,-115.3,2015-04-25,CATTLE,PROPERTY DAMAGE ONLY,LINCOLN,Sat Apr 25 00:00:00 PDT 2015,Sun Dec 31 20:30:00 PST 1899,20:30:00,SR375,800,W,MILE MARKER 42,RAIN,-9999,-9999,PDO,Null,NON-COLLISION,1,"SEDAN, 4 DOOR",W,26,-9999,GOING STRAIGHT,APPARENTLY NORMAL,Null,RAN OFF ROAD: OBJECT AVOIDANCE,Null,CROSS MEDIAN/CENTERLINE: RAN OFF ROAD LEFT: OVERTURN/ROLLOVER,Null,Null,Null,Null,Null,Null,Null,Null,Null,Null,Null,Null,DRY,DARK - NO LIGHTING,"WET, ICY, SNOW, SLUSH: ANIMAL IN ROADWAY",NHP,2177943,Null,Null,Null,2015-04-26T03:30:00.000Z,{293B76DE-4052-416A-A193-95685FD4369A}
320839,436951.0339,4303743.609,38.88,-117.7,2015-04-25,CATTLE,PROPERTY DAMAGE ONLY,NYE,Sat Apr 25 00:00:00 PDT 2015,Sun Dec 31 22:00:00 PST 1899,22:00:00,SR844,106,E,MILE MARKER 12,UNKNOWN,-9999,-9999,PDO,Null,NON-COLLISION,1,CARRY-ALL,E,56,-9999,GOING STRAIGHT,APPARENTLY NORMAL,Null,UNKNOWN,Null,CATTLE,Null,Null,Null,Null,Null,Null,Null,Null,Null,Null,Null,Null,DRY,DARK - NO LIGHTING,ANIMAL IN ROADWAY,NYSO,2304107,Null,Null,Null,2015-04-26T05:00:00.000Z,{4F630A9D-015F-4277-9F44-E0608F220B17}
297601,635930.6789,4038879.418,36.49,-115.5,2015-04-25,BURRO,PROPERTY DAMAGE ONLY,CLARK,Sat Apr 25 00:00:00 PDT 2015,Sun Dec 31 21:53:00 PST 1899,21:53:00,US95S,50,S,MILE MARKER 107,CLOUDY,-9999,-9999,PDO,Null,NON-COLLISION,1,"SEDAN, 4 DOOR",S,51,2,GOING STRAIGHT,APPARENTLY NORMAL,Null,Null,Null,BURRO,Null,Null,Null,Null,Null,Null,Null,Null,Null,Null,Null,Null,DRY,DARK - NO LIGHTING,NONE,NHP,2177942,Null,Null,Null,2015-04-26T04:53:00.000Z,{57421D14-4389-412F-AE23-51820B410913}
294812,711913.7378,4220258.55,38.11,-114.6,2015-08-01,DEER,PROPERTY DAMAGE ONLY,LINCOLN,Sat Aug 01 00:00:00 PDT 2015,Sun Dec 31 00:23:00 PST 1899,0:23:00,US93N,150,S,MILE MARKER 133,CLOUDY,-9999,-9999,PDO,Null,NON-COLLISION,1,"HATCHBACK, 4 DOOR",N,29,1,GOING STRAIGHT,Null,Null,RAN OFF ROAD,Null,DEER: CROSS MEDIAN/CENTERLINE: RAN OFF ROAD RIGHT: FENCE/WALL,Null,Null,Null,Null,Null,Null,Null,Null,Null,Null,Null,Null,DRY,DARK - NO LIGHTING,ANIMAL IN ROADWAY,NHP,2182628,Null,Null,Null,2015-08-01T07:23:00.000Z,{0CFC3A60-27CD-44E4-A96F-E3806DE0B20C}
295006,601358.3648,4571798.392,41.29,-115.8,2015-08-01,DEER,PROPERTY DAMAGE ONLY,ELKO,Sat Aug 01 00:00:00 PDT 2015,Sun Dec 31 06:27:00 PST 1899,6:27:00,SR225,800,N,MILE MARKER 64,CLEAR,-9999,-9999,PDO,Null,NON-COLLISION,1,"HATCHBACK, 4 DOOR",N,41,1,GOING STRAIGHT,APPARENTLY NORMAL,Null,Null,Null,DEER,Null,Null,Null,Null,Null,Null,Null,Null,Null,Null,Null,Null,DRY,DAYLIGHT,NONE,NHP,2182634,Null,Null,Null,2015-08-01T13:27:00.000Z,{D14D3B3A-A56F-408B-9B47-5CDEDFF0CEEF}
302249,560976.6188,4500634.063,40.65,-116.3,2015-08-01,DEER,PROPERTY DAMAGE ONLY,EUREKA,Sat Aug 01 00:00:00 PDT 2015,Sun Dec 31 23:00:00 PST 1899,23:00:00,IR80E,100,E,MILE MARKER 18,CLEAR,-9999,-9999,PDO,Null,NON-COLLISION,1,CARRY-ALL,E,37,1,GOING STRAIGHT,APPARENTLY NORMAL,Null,Null,Null,DEER,Null,Null,Null,Null,Null,Null,Null,Null,Null,Null,Null,Null,DRY,DARK - NO LIGHTING,ANIMAL IN ROADWAY,NHP,2182670,Null,Null,Null,2015-08-02T06:00:00.000Z,{F2212827-6043-45D5-9746-A9167446BDBC}
291633,247015.6566,4317174.617,38.97,-119.9,2015-08-15,DOG/COYOTE,INJURY CRASH,DOUGLAS,Sat Aug 15 00:00:00 PDT 2015,Sun Dec 31 18:08:00 PST 1899,18:08:00,SR207,10,E,HALL CT,UNKNOWN,-9999,1,Null,U,NON-COLLISION,1,"HATCHBACK, 4 DOOR",E,60,1,UNKNOWN,Null,Null,RAN OFF ROAD,Null,RAN OFF ROAD RIGHT: EMBANKMENT,Null,Null,Null,Null,Null,Null,Null,Null,Null,Null,Null,Null,DRY,DAYLIGHT,UNKNOWN,DCSO,2192929,Null,Null,Null,2015-08-16T01:08:00.000Z,{80B7E898-F3D1-4ED0-BD24-522C75E4F5D8}
293100,347168.3821,4369351.249,39.46,-118.8,2015-08-15,DEER,PROPERTY DAMAGE ONLY,CHURCHILL,Sat Aug 15 00:00:00 PDT 2015,Sun Dec 31 20:30:00 PST 1899,20:30:00,WILDES RD,1320,E,S MAINE ST,CLEAR,-9999,-9999,PDO,Null,NON-COLLISION,1,PICKUP,E,18,1,GOING STRAIGHT,APPARENTLY NORMAL,Null,OBJECT AVOIDANCE,Null,DEER,Null,Null,Null,Null,Null,Null,Null,Null,Null,Null,Null,Null,DRY,DARK - NO LIGHTING,ANIMAL IN ROADWAY,CHSO,2192881,Null,Null,Null,2015-08-16T03:30:00.000Z,{A0D960BE-C29F-422C-8EEC-82BF39B341F1}
299959,594066.4909,4527499.018,40.89,-115.9,2015-08-15,DEER,PROPERTY DAMAGE ONLY,ELKO,Sat Aug 15 00:00:00 PDT 2015,Sun Dec 31 05:31:00 PST 1899,5:31:00,SR225,2112,S,MILE MARKER 36,CLEAR,-9999,-9999,PDO,Null,NON-COLLISION,1,"SEDAN, 4 DOOR",N,55,1,GOING STRAIGHT,APPARENTLY NORMAL,Null,Null,Null,DEER,Null,Null,Null,Null,Null,Null,Null,Null,Null,Null,Null,Null,DRY,DARK - NO LIGHTING,NONE,NHP,2196548,Null,Null,Null,2015-08-15T12:31:00.000Z,{22228209-17CE-4F80-9C18-00B78290B7A6}
300042,675313.6344,4165187.219,37.62,-115,2015-08-22,DEER,INJURY CRASH,LINCOLN,Sat Aug 22 00:00:00 PDT 2015,Sun Dec 31 00:32:00 PST 1899,0:32:00,US93N,1584,N,MILE MARKER 64,CLEAR,-9999,2,Null,U,NON-COLLISION,1,"HATCHBACK, 4 DOOR",S,37,1,GOING STRAIGHT,APPARENTLY NORMAL,Null,Null,Null,CROSS MEDIAN/CENTERLINE: RAN OFF ROAD LEFT: OVERTURN/ROLLOVER,Null,Null,Null,Null,Null,Null,Null,Null,Null,Null,DEER,Null,DRY,DARK - NO LIGHTING,ANIMAL IN ROADWAY,NHP,2295382,Null,Null,Null,2015-08-22T07:32:00.000Z,{E27A0D07-DAFA-4B76-9479-09452AFBBDFC}
316775,436822.6097,4534318.572,40.96,-117.8,2015-08-29,DEER,PROPERTY DAMAGE ONLY,HUMBOLDT,Sat Aug 29 00:00:00 PDT 2015,Sun Dec 31 21:31:00 PST 1899,21:31:00,IR80W,500,W,MILE MARKER 13,CLEAR,-9999,-9999,PDO,Null,NON-COLLISION,1,SEMI,W,46,2,GOING STRAIGHT,APPARENTLY NORMAL,Null,Null,Null,DEER,Null,Null,Null,Null,Null,Null,Null,Null,Null,Null,Null,Null,WET,DARK - UNKNOWN LIGHTING,NONE,NHP,2295768,Null,Null,Null,2015-08-30T04:31:00.000Z,{C90350C4-9AED-4779-B47E-D5260EE71081}
303968,347527.0187,4369345.298,39.46,-118.8,2015-12-26,DEER,PROPERTY DAMAGE ONLY,CHURCHILL,Sat Dec 26 00:00:00 PST 2015,Sun Dec 31 21:28:00 PST 1899,21:28:00,WILDES RD,2640,E,US95N,CLEAR,-9999,-9999,PDO,Null,NON-COLLISION,1,"HARDTOP, 4 DOOR",E,23,1,GOING STRAIGHT,APPARENTLY NORMAL,Null,OBJECT AVOIDANCE,Null,DEER,Null,Null,Null,Null,Null,Null,Null,Null,Null,Null,Null,Null,DRY,DARK - NO LIGHTING,ANIMAL IN ROADWAY,CHSO,2207025,Null,Null,Null,2015-12-27T05:28:00.000Z,{1D1C153A-7D82-4AB5-B0D8-68D095A5C054}
319663,712253.3296,4218622.658,38.09,-114.6,2015-12-26,DEER,PROPERTY DAMAGE ONLY,LINCOLN,Sat Dec 26 00:00:00 PST 2015,Sun Dec 31 01:41:00 PST 1899,1:41:00,US93N,347,S,MILE MARKER 132,CLOUDY,-9999,-9999,PDO,Null,NON-COLLISION,1,UTILITY,N,50,1,GOING STRAIGHT,APPARENTLY NORMAL,Null,Null,Null,DEER,Null,Null,Null,Null,Null,Null,Null,Null,Null,Null,Null,Null,DRY,DARK - NO LIGHTING,ANIMAL IN ROADWAY,NHP,2214608,Null,Null,Null,2015-12-26T09:41:00.000Z,{FF80ABC6-0475-42F3-82E3-B40FDA6579C5}
319676,243797.955,4378110.281,39.51,-120,2015-12-26,DEER,PROPERTY DAMAGE ONLY,WASHOE,Sat Dec 26 00:00:00 PST 2015,Sun Dec 31 15:44:00 PST 1899,15:44:00,IR80W,45,E,MILE MARKER 4,CLEAR,-9999,-9999,PDO,Null,NON-COLLISION,1,"SEDAN, 4 DOOR",W,31,2,GOING STRAIGHT,APPARENTLY NORMAL,Null,Null,Null,DEER,Null,Null,Null,Null,Null,Null,Null,Null,Null,Null,Null,Null,DRY,DAYLIGHT,NONE,NHP,2214636,Null,Null,Null,2015-12-26T23:44:00.000Z,{1A2933F8-21A5-47E7-A8E3-71491F15FB09}
286512,577247.9588,4381809.438,39.58,-116.1,2015-02-07,DEER,PROPERTY DAMAGE ONLY,EUREKA,Sat Feb 07 00:00:00 PST 2015,Sun Dec 31 12:20:00 PST 1899,12:20:00,US50,2500,E,MILE MARKER 27,SEVERE CROSSWINDS,-9999,-9999,PDO,Null,NON-COLLISION,1,"HATCHBACK, 4 DOOR",E,-9999,-9999,GOING STRAIGHT,APPARENTLY NORMAL,Null,OBJECT AVOIDANCE,Null,Null,Null,Null,Null,Null,Null,Null,Null,Null,Null,Null,Null,Null,Null,Null,NONE,NHP,2174193,Null,Null,Null,2015-02-07T20:20:00.000Z,{137D3905-B088-420B-B0C7-9BDF12C39BE2}
286748,661269.6469,4315307.974,38.97,-115.1,2015-02-07,DEER,PROPERTY DAMAGE ONLY,WHITE PINE,Sat Feb 07 00:00:00 PST 2015,Sun Dec 31 17:10:00 PST 1899,17:10:00,US6,0,Null,MILE MARKER 12,CLEAR,-9999,-9999,PDO,Null,NON-COLLISION,1,CARRY-ALL,E,-9999,-9999,GOING STRAIGHT,APPARENTLY NORMAL,Null,OBJECT AVOIDANCE,Null,Null,Null,Null,Null,Null,Null,Null,Null,Null,Null,Null,Null,Null,Null,Null,NONE,NHP,2174233,Null,Null,Null,2015-02-08T01:10:00.000Z,{2621DAB0-F6EF-4920-823C-0B03DAC0E0A0}