OBJECTID,X,Y,Latitude,Longitude,Date,AnimalType,Crash_Seve,County,Crash_Date_Original,Crash_Time_Original,Crash_Time,Primary_St,Distance,Dir,Secondary_,Weather,Fatalities,Injured,Property_D,Injury_Typ,Crash_Type,Total_Vehi,V1_Type,V1_Dir,V1_Driver_,V1_Lane_Nu,V1_Action,V1_Driver1,V1_Drive_1,V1_Vehicle,V1_Most_Ha,V1_All_Eve,V2_Type,V2_Dir,V2_Driver_,V2_Lane_Nu,V2_Action,V2_Driver1,V2_Drive_1,V2_Vehicle,V2_Most_Ha,V2_All_Eve,First_Harm,Nonmotoris,Factors_Ro,Lighting,HWY_Factor,Agency,Accident_R,Pedalcycli,Pedestrian,Motorcycli,CrashDateT,GlobalID
286443,691501.5625,4551611.5,41.09,-114.7,2015-02-14,DEER,PROPERTY DAMAGE ONLY,ELKO,Sat Feb 14 00:00:00 PST 2015,Sun Dec 31 17:45:00 PST 1899,17:45:00,IR80E,1000,W,MILE MARKER 87,CLOUDY,-9999,-9999,PDO,Null,NON-COLLISION,1,"SEDAN, 4 DOOR",E,-9999,-9999,GOING STRAIGHT,APPARENTLY NORMAL,Null,OBJECT AVOIDANCE,Null,Null,Null,Null,Null,Null,Null,Null,Null,Null,Null,Null,Null,Null,Null,Null,NONE,NHP,2174570,Null,Null,Null,2015-02-15T01:45:00.000Z,{E359AC3C-98C0-4ADB-B14F-F544D0E1F4F2}
286653,247080.7667,4337233.53,39.15,-119.9,2015-02-14,DEER,PROPERTY DAMAGE ONLY,CARSON CITY,Sat Feb 14 00:00:00 PST 2015,Sun Dec 31 07:27:00 PST 1899,7:27:00,SR28,2500,S,MILE MARKER 3,CLEAR,-9999,-9999,PDO,Null,NON-COLLISION,1,"HATCHBACK, 4 DOOR",N,-9999,-9999,GOING STRAIGHT,APPARENTLY NORMAL,Null,OBJECT AVOIDANCE,Null,Null,Null,Null,Null,Null,Null,Null,Null,Null,Null,Null,Null,Null,Null,Null,Null,NHP,2174541,Null,Null,Null,2015-02-14T15:27:00.000Z,{03ABA310-801E-4D85-8377-2C4B31853FEF}
286747,253287.6792,4314716.147,38.95,-119.8,2015-02-14,DEER,PROPERTY DAMAGE ONLY,DOUGLAS,Sat Feb 14 00:00:00 PST 2015,Sun Dec 31 19:01:00 PST 1899,19:01:00,SR207,1056,E,MILE MARKER 10,CLEAR,-9999,-9999,PDO,Null,NON-COLLISION,1,CARRY-ALL,E,-9999,-9999,GOING STRAIGHT,APPARENTLY NORMAL,Null,Null,Null,Null,Null,Null,Null,Null,Null,Null,Null,Null,Null,Null,Null,Null,Null,Null,Null,NHP,2174573,Null,Null,Null,2015-02-15T03:01:00.000Z,{567FDAA8-3441-4964-B9BA-21FDDE024E16}
287264,699698.4145,4322557.031,39.03,-114.7,2015-02-21,ELK,PROPERTY DAMAGE ONLY,WHITE PINE,Sat Feb 21 00:00:00 PST 2015,Sun Dec 31 18:20:00 PST 1899,18:20:00,US6,0,Null,MILE MARKER 57,CLEAR,-9999,-9999,PDO,Null,NON-COLLISION,1,"HATCHBACK, 4 DOOR",W,-9999,-9999,GOING STRAIGHT,APPARENTLY NORMAL,Null,OBJECT AVOIDANCE,Null,Null,Null,Null,Null,Null,Null,Null,Null,Null,Null,Null,Null,Null,Null,Null,NONE,NHP,2174883,Null,Null,Null,2015-02-22T02:20:00.000Z,{E54B55BE-05AF-4DA3-A63F-B6840FE17879}
286584,700777.5215,4321731.961,39.02,-114.7,2015-01-03,ELK,PROPERTY DAMAGE ONLY,WHITE PINE,Sat Jan 03 00:00:00 PST 2015,Sun Dec 31 17:20:00 PST 1899,17:20:00,US6,0,Null,MILE MARKER 58,CLEAR,-9999,-9999,PDO,Null,NON-COLLISION,1,"SEDAN, 4 DOOR",E,-9999,-9999,GOING STRAIGHT,APPARENTLY NORMAL,Null,OBJECT AVOIDANCE,Null,Null,Null,Null,Null,Null,Null,Null,Null,Null,Null,Null,Null,Null,Null,Null,NONE,NHP,2172576,Null,Null,Null,2015-01-04T01:20:00.000Z,{625B0D10-A73D-4EDB-AC24-FFEDF821617B}
286514,708760.1388,4245567.994,38.33,-114.6,2015-01-10,ELK,PROPERTY DAMAGE ONLY,LINCOLN,Sat Jan 10 00:00:00 PST 2015,Sun Dec 31 21:31:00 PST 1899,21:31:00,US93N,526,S,MILE MARKER 149,CLOUDY,-9999,-9999,PDO,Null,NON-COLLISION,1,CARRY-ALL,S,31,1,GOING STRAIGHT,APPARENTLY NORMAL,Null,Null,Null,ELK,Null,Null,Null,Null,Null,Null,Null,Null,Null,Null,Null,Null,DRY,DARK - NO LIGHTING,ANIMAL IN ROADWAY,NHP,2172854,Null,Null,Null,2015-01-11T05:31:00.000Z,{55F1DC00-8140-4C16-BB8D-F38C164DE2CB}
286662,341677.2716,4372268.03,39.49,-118.8,2015-01-10,DEER,PROPERTY DAMAGE ONLY,CHURCHILL,Sat Jan 10 00:00:00 PST 2015,Sun Dec 31 04:25:00 PST 1899,4:25:00,US50,500,E,MILE MARKER 17,CLOUDY,-9999,-9999,PDO,Null,NON-COLLISION,1,"SEDAN, 4 DOOR",E,-9999,-9999,GOING STRAIGHT,APPARENTLY NORMAL,Null,Null,Null,Null,Null,Null,Null,Null,Null,Null,Null,Null,Null,Null,Null,Null,Null,Null,NONE,NHP,2172827,Null,Null,Null,2015-01-10T12:25:00.000Z,{445278EB-731C-4684-9F19-56F462AC7751}
287154,676447.8063,3994287.842,36.08,-115,2015-01-10,COYOTE,PROPERTY DAMAGE ONLY,CLARK,Sat Jan 10 00:00:00 PST 2015,Sun Dec 31 23:24:00 PST 1899,23:24:00,US95S,200,N,US95S TO GALLERIA DR E EXIT 64B,CLEAR,-9999,-9999,PDO,Null,NON-COLLISION,1,"SEDAN, 4 DOOR",S,38,4,GOING STRAIGHT,APPARENTLY NORMAL,Null,Null,Null,DOG/COYOTE,Null,Null,Null,Null,Null,Null,Null,Null,Null,Null,Null,Null,WET,DARK - SPOT LIGHTING,NONE,NHP,2172855,Null,Null,Null,2015-01-11T07:24:00.000Z,{A58BDC18-7B2B-453C-864C-0262BF21BEFB}
285697,661085.8513,4011365.74,36.23,-115.2,2015-01-17,HORSE,PROPERTY DAMAGE ONLY,CLARK,Sat Jan 17 00:00:00 PST 2015,Sun Dec 31 17:22:00 PST 1899,17:22:00,N DECATUR BLVD,700,N,W ALEXANDER RD,CLEAR,-9999,-9999,PDO,Null,NON-COLLISION,1,VAN,S,25,1,GOING STRAIGHT,APPARENTLY NORMAL,Null,Null,HORSE,HORSE,Null,Null,Null,Null,Null,Null,Null,Null,Null,Null,HORSE,Null,DRY,DARK - CONTINUOUS LIGHTING,ANIMAL IN ROADWAY,LVMPD,2074184,Null,Null,Null,2015-01-18T01:22:00.000Z,{2C65CE8A-75BC-4ACF-8D2C-377BAC9A6D25}
286933,397508.2081,4206765.537,38,-118.2,2015-01-24,HORSE,INJURY CRASH,ESMERALDA,Sat Jan 24 00:00:00 PST 2015,Sun Dec 31 18:22:00 PST 1899,18:22:00,US6,500,E,MILE MARKER 3,CLEAR,-9999,2,Null,A,NON-COLLISION,1,"SEDAN, 4 DOOR",E,24,1,GOING STRAIGHT,APPARENTLY NORMAL,Null,UNKNOWN,Null,HORSE,Null,Null,Null,Null,Null,Null,Null,Null,Null,Null,Null,Null,DRY,DARK - NO LIGHTING,NONE,NHP,2173549,Null,Null,Null,2015-01-25T02:22:00.000Z,{AEE240AD-9EFC-4855-A143-A08BF635BC94}
298627,696569.6847,4325367.682,39.06,-114.7,2015-07-04,ELK,PROPERTY DAMAGE ONLY,WHITE PINE,Sat Jul 04 00:00:00 PDT 2015,Sun Dec 31 02:58:00 PST 1899,2:58:00,US6,1584,E,MILE MARKER 54,CLOUDY,-9999,-9999,PDO,Null,NON-COLLISION,1,SEMI,W,46,1,GOING STRAIGHT,APPARENTLY NORMAL,Null,Null,Null,ELK,Null,Null,Null,Null,Null,Null,Null,Null,Null,Null,Null,Null,DRY,DARK - NO LIGHTING,ANIMAL IN ROADWAY,NHP,2181351,Null,Null,Null,2015-07-04T09:58:00.000Z,{ED358E67-91C9-4510-83C7-4BAE1D2DF3A6}
287824,672709.4873,3998404.285,36.11,-115.1,2015-07-04,DOG/COYOTE,PROPERTY DAMAGE ONLY,CLARK,Sat Jul 04 00:00:00 PDT 2015,Sun Dec 31 23:57:00 PST 1899,23:57:00,SR592,35,W,US95N TO SR592E/W INT69,CLEAR,-9999,-9999,PDO,Null,NON-COLLISION,1,CARRY-ALL,E,28,1,GOING STRAIGHT,APPARENTLY NORMAL,Null,Null,Null,DOG/COYOTE,Null,Null,Null,Null,Null,Null,Null,Null,Null,Null,Null,Null,DRY,DARK - SPOT LIGHTING,NONE,NHP,2181401,Null,Null,Null,2015-07-05T06:57:00.000Z,{E21C76F3-C1A5-48C2-B4FB-D5A2B400FBEE}
294742,669716.4519,4121960.596,37.23,-115.1,2015-07-04,DEER,PROPERTY DAMAGE ONLY,LINCOLN,Sat Jul 04 00:00:00 PDT 2015,Sun Dec 31 20:40:00 PST 1899,20:40:00,US93N,1050,N,MILE MARKER 28,CLEAR,-9999,-9999,PDO,Null,NON-COLLISION,1,SEDAN,S,36,1,GOING STRAIGHT,APPARENTLY NORMAL,Null,Null,Null,DEER,Null,Null,Null,Null,Null,Null,Null,Null,Null,Null,Null,Null,DRY,DARK - NO LIGHTING,ANIMAL IN ROADWAY,NHP,2181388,Null,Null,Null,2015-07-05T03:40:00.000Z,{D067D68F-9F7F-4F13-AA9E-EDF22BAE2D5C}
294913,259357.7905,4323755.547,39.03,-119.8,2015-07-04,DEER,PROPERTY DAMAGE ONLY,DOUGLAS,Sat Jul 04 00:00:00 PDT 2015,Sun Dec 31 09:03:00 PST 1899,9:03:00,US395N,1100,N,JOHNSON LN,CLOUDY,-9999,-9999,PDO,Null,NON-COLLISION,1,"HATCHBACK, 4 DOOR",N,-9999,-9999,GOING STRAIGHT,APPARENTLY NORMAL,Null,Null,Null,Null,Null,Null,Null,Null,Null,Null,Null,Null,Null,Null,Null,Null,Null,Null,NONE,NHP,2181359,Null,Null,Null,2015-07-04T16:03:00.000Z,{EAD066DC-26C7-4781-B266-6DA51762AECF}
284420,695089.8085,3984681.397,35.99,-114.8,2015-07-11,OTHER ANIMAL,PROPERTY DAMAGE ONLY,CLARK,Sat Jul 11 00:00:00 PDT 2015,Sun Dec 31 13:48:00 PST 1899,13:48:00,US93N,640,S,LAKE MOUNTAIN DR,CLEAR,-9999,-9999,PDO,Null,NON-COLLISION,1,"SEDAN, 4 DOOR",N,-9999,-9999,GOING STRAIGHT,APPARENTLY NORMAL,Null,UNKNOWN,Null,Null,Null,Null,Null,Null,Null,Null,Null,Null,Null,Null,Null,Null,Null,Null,NONE,BCPD,2151985,Null,Null,Null,2015-07-11T20:48:00.000Z,{2054DD7A-9562-46CA-B38B-4562E827AB54}
296143,744194.8199,4207607.744,37.98,-114.2,2015-07-11,DEER,PROPERTY DAMAGE ONLY,LINCOLN,Sat Jul 11 00:00:00 PDT 2015,Sun Dec 31 19:35:00 PST 1899,19:35:00,SR322,1584,E,MILE MARKER 15,CLEAR,-9999,-9999,PDO,Null,NON-COLLISION,1,PICKUP,E,26,-9999,GOING STRAIGHT,Null,Null,RAN OFF ROAD,Null,RAN OFF ROAD RIGHT: FENCE/WALL: HIGHWAY TRAFFIC SIGN POST,Null,Null,Null,Null,Null,Null,Null,Null,Null,Null,Null,Null,DRY,DAYLIGHT,NONE,NHP,2181743,Null,Null,Null,2015-07-12T02:35:00.000Z,{E295AD72-1809-4478-888A-4B3D7021551B}
295813,740200.5868,4330232.226,39.09,-114.2,2015-07-11,DEER,PROPERTY DAMAGE ONLY,WHITE PINE,Sat Jul 11 00:00:00 PDT 2015,Sun Dec 31 21:10:00 PST 1899,21:10:00,US6,500,E,MILE MARKER 92,CLEAR,-9999,-9999,PDO,Null,NON-COLLISION,1,"SEDAN, 2 DOOR",E,53,1,GOING STRAIGHT,APPARENTLY NORMAL,Null,Null,Null,DEER: CROSS MEDIAN/CENTERLINE: RAN OFF ROAD LEFT,Null,Null,Null,Null,Null,Null,Null,Null,Null,Null,Null,Null,DRY,DARK - NO LIGHTING,ANIMAL IN ROADWAY,NHP,2181744,Null,Null,Null,2015-07-12T04:10:00.000Z,{77506EBE-43F8-42BF-8A22-4E628E7648DC}
296741,346481.9347,4357868.97,39.36,-118.8,2015-07-18,DEER,PROPERTY DAMAGE ONLY,CHURCHILL,Sat Jul 18 00:00:00 PDT 2015,Sun Dec 31 05:30:00 PST 1899,5:30:00,US95N,900,S,MILE MARKER 18,"FOG, SMOG, SMOKE",-9999,-9999,PDO,Null,NON-COLLISION,1,VAN,S,-9999,-9999,GOING STRAIGHT,APPARENTLY NORMAL,Null,UNKNOWN,Null,Null,Null,Null,Null,Null,Null,Null,Null,Null,Null,Null,Null,Null,Null,Null,NONE,NHP,2182051,Null,Null,Null,2015-07-18T12:30:00.000Z,{B59154C6-B1E8-4577-9AA2-8CC10F2DA42B}
302022,249982.5884,4390292.321,39.63,-119.9,2015-07-18,DEER,PROPERTY DAMAGE ONLY,WASHOE,Sat Jul 18 00:00:00 PDT 2015,Sun Dec 31 02:00:00 PST 1899,2:00:00,US395N,100,S,MILE MARKER 36.11,CLEAR,-9999,-9999,PDO,Null,NON-COLLISION,1,"SEDAN, 4 DOOR",N,-9999,-9999,GOING STRAIGHT,APPARENTLY NORMAL,Null,Null,Null,Null,Null,Null,Null,Null,Null,Null,Null,Null,Null,Null,Null,Null,Null,Null,Null,NHP,2182046,Null,Null,Null,2015-07-18T09:00:00.000Z,{0A860090-FD8C-4C66-B0AE-0985D19329FB}
291279,662730.9686,4006888.783,36.19,-115.2,2015-07-25,UNKNOWN,INJURY CRASH,CLARK,Sat Jul 25 00:00:00 PDT 2015,Sun Dec 31 03:58:00 PST 1899,3:58:00,SR599,275,S,SPRING RD,CLEAR,-9999,2,Null,U,REAR-END,2,"SEDAN, 4 DOOR",S,37,2,GOING STRAIGHT,APPARENTLY NORMAL,Null,DRIVING TOO FAST FOR CONDITIONS,Null,SLOW/STOPPED VEHICLE,PICKUP,S,41,2,STOPPED,APPARENTLY NORMAL,Null,Null,Null,Null,Null,Null,DRY,DARK - CONTINUOUS LIGHTING,NONE,LVMPD,2193620,Null,Null,Null,2015-07-25T10:58:00.000Z,{70DC0678-F650-4FC6-98FC-E545155BD33E}
280020,311219.9321,4324365.124,39.05,-119.2,2015-06-06,DEER,PROPERTY DAMAGE ONLY,LYON,Sat Jun 06 00:00:00 PDT 2015,Sun Dec 31 09:00:00 PST 1899,9:00:00,US95A,50,S,MILLER LN,CLEAR,-9999,-9999,PDO,Null,NON-COLLISION,1,SEDAN,N,25,1,GOING STRAIGHT,APPARENTLY NORMAL,Null,Null,Null,DEER,Null,Null,Null,Null,Null,Null,Null,Null,Null,Null,Null,Null,DRY,DAYLIGHT,NONE,LYSO,2247247,Null,Null,Null,2015-06-06T16:00:00.000Z,{32E6267A-244E-4B62-B1A5-2A4F6B2DFB19}
297065,498126.1642,4214527.388,38.08,-117,2015-06-06,CATTLE,PROPERTY DAMAGE ONLY,NYE,Sat Jun 06 00:00:00 PDT 2015,Sun Dec 31 08:56:00 PST 1899,8:56:00,US6,0,Null,MILE MARKER 13,UNKNOWN,-9999,-9999,PDO,Null,NON-COLLISION,1,CARRY-ALL,W,-9999,1,UNKNOWN,Null,Null,UNKNOWN,Null,CATTLE,Null,Null,Null,Null,Null,Null,Null,Null,Null,Null,Null,Null,DRY,UNKNOWN,UNKNOWN,NHP,2179900,Null,Null,Null,2015-06-06T15:56:00.000Z,{D0463A85-8B78-43EF-8CB7-54EC1AF7FA28}
326193,259341.0989,4357306.459,39.33,-119.8,2015-06-13,DEER,PROPERTY DAMAGE ONLY,WASHOE,Sat Jun 13 00:00:00 PDT 2015,Sun Dec 31 20:53:00 PST 1899,20:53:00,EASTLAKE BLVD,1,S,US395A,CLEAR,-9999,-9999,PDO,Null,NON-COLLISION,1,MOTORCYCLE,N,68,-9999,GOING STRAIGHT,APPARENTLY NORMAL,Null,Null,Null,DEER: RAN OFF ROAD RIGHT,Null,Null,Null,Null,Null,Null,Null,Null,Null,Null,Null,Null,DRY,DARK - NO LIGHTING,NONE,WASO,2308297,Null,Null,YES,2015-06-14T03:53:00.000Z,{3DAF73BD-5989-40D7-A43E-DD95BD8518D1}
296014,729859.6181,4202811.294,37.94,-114.4,2015-06-20,HORSE,PROPERTY DAMAGE ONLY,LINCOLN,Sat Jun 20 00:00:00 PDT 2015,Sun Dec 31 21:00:00 PST 1899,21:00:00,SR322,2000,E,MILE MARKER 4,CLEAR,-9999,-9999,PDO,Null,NON-COLLISION,1,PICKUP,W,67,1,GOING STRAIGHT,APPARENTLY NORMAL,Null,Null,Null,HORSE,Null,Null,Null,Null,Null,Null,Null,Null,Null,Null,Null,Null,DRY,DARK - NO LIGHTING,ANIMAL IN ROADWAY,NHP,2180702,Null,Null,Null,2015-06-21T04:00:00.000Z,{F969E406-B27C-467C-B85D-A615A8EF6CB4}
296548,249160.7337,4390351.264,39.63,-119.9,2015-06-20,DEER,PROPERTY DAMAGE ONLY,WASHOE,Sat Jun 20 00:00:00 PDT 2015,Sun Dec 31 21:54:00 PST 1899,21:54:00,US395S,3168,N,MILE MARKER 36,CLEAR,-9999,-9999,PDO,Null,NON-COLLISION,1,"HATCHBACK, 4 DOOR",S,-9999,-9999,GOING STRAIGHT,APPARENTLY NORMAL,Null,Null,Null,Null,Null,Null,Null,Null,Null,Null,Null,Null,Null,Null,Null,Null,Null,Null,NONE,NHP,2180690,Null,Null,Null,2015-06-21T04:54:00.000Z,{EFCD4159-0F40-4487-800E-5B84294363A4}
294992,249304.9691,4390339.264,39.63,-119.9,2015-06-20,DEER,PROPERTY DAMAGE ONLY,WASHOE,Sat Jun 20 00:00:00 PDT 2015,Sun Dec 31 21:50:00 PST 1899,21:50:00,US395S,2112,N,MILE MARKER 36.11,CLEAR,-9999,-9999,PDO,Null,NON-COLLISION,1,"SEDAN, 4 DOOR",S,-9999,-9999,GOING STRAIGHT,APPARENTLY NORMAL,Null,Null,Null,Null,Null,Null,Null,Null,Null,Null,Null,Null,Null,Null,Null,Null,Null,Null,NONE,NHP,2180689,Null,Null,Null,2015-06-21T04:50:00.000Z,{B66E8A52-4B21-4099-B442-D230B5BB682E}
295455,521181.4637,4500772.545,40.66,-116.7,2015-06-20,DEER,PROPERTY DAMAGE ONLY,LANDER,Sat Jun 20 00:00:00 PDT 2015,Sun Dec 31 09:00:00 PST 1899,9:00:00,IR80W,2300,E,MILE MARKER 18,CLOUDY,-9999,-9999,PDO,Null,NON-COLLISION,1,"HATCHBACK, 4 DOOR",W,-9999,-9999,GOING STRAIGHT,APPARENTLY NORMAL,Null,OBJECT AVOIDANCE,Null,Null,Null,Null,Null,Null,Null,Null,Null,Null,Null,Null,Null,Null,Null,Null,Null,NHP,2180655,Null,Null,Null,2015-06-20T16:00:00.000Z,{921B6407-885B-40CC-8325-4D5C3B362F89}
297256,671056.0625,4551977,41.1,-115,2015-06-20,DEER,PROPERTY DAMAGE ONLY,ELKO,Sat Jun 20 00:00:00 PDT 2015,Sun Dec 31 22:53:00 PST 1899,22:53:00,IR80E,1250,W,MILE MARKER 74,CLEAR,-9999,-9999,PDO,Null,NON-COLLISION,1,CONVERTIBLE,E,-9999,-9999,GOING STRAIGHT,APPARENTLY NORMAL,Null,OBJECT AVOIDANCE,Null,Null,Null,Null,Null,Null,Null,Null,Null,Null,Null,Null,Null,Null,Null,Null,Null,NHP,2180693,Null,Null,Null,2015-06-21T05:53:00.000Z,{3106EE82-8ABB-444E-8D7B-BA3352CE0B1E}
298309,657757.8119,4551180.803,41.1,-115.1,2015-06-20,DEER,PROPERTY DAMAGE ONLY,ELKO,Sat Jun 20 00:00:00 PDT 2015,Sun Dec 31 04:50:00 PST 1899,4:50:00,IR80E,1500,E,MILE MARKER 65,CLEAR,-9999,-9999,PDO,Null,NON-COLLISION,1,"SEDAN, 4 DOOR",E,-9999,-9999,GOING STRAIGHT,APPARENTLY NORMAL,Null,Null,Null,Null,Null,Null,Null,Null,Null,Null,Null,Null,Null,Null,Null,Null,Null,Null,Null,NHP,2180657,Null,Null,Null,2015-06-20T11:50:00.000Z,{5C27BFE7-A431-46C6-BC30-97DB855F3386}
297977,296150.6962,4359891.177,39.36,-119.4,2015-06-27,HORSE,INJURY CRASH,LYON,Sat Jun 27 00:00:00 PDT 2015,Sun Dec 31 22:03:00 PST 1899,22:03:00,US50,200,E,MILE MARKER 21,CLEAR,-9999,1,Null,B,NON-COLLISION,3,SEDAN,E,84,1,GOING STRAIGHT,APPARENTLY NORMAL,Null,UNKNOWN,Null,HORSE,SEDAN,E,25,1,GOING STRAIGHT,APPARENTLY NORMAL,Null,Null,Null,HORSE,Null,Null,DRY,DARK - NO LIGHTING,ANIMAL IN ROADWAY,NHP,2181030,Null,Null,Null,2015-06-28T05:03:00.000Z,{AF7C84DF-EE4C-43D1-8384-28485B9E3C9B}
284609,344981.1241,4363342.653,39.41,-118.8,2015-03-07,CATTLE,PROPERTY DAMAGE ONLY,CHURCHILL,Sat Mar 07 00:00:00 PST 2015,Sun Dec 31 10:20:00 PST 1899,10:20:00,S ALLEN RD,1400,N,SR718,CLEAR,-9999,-9999,PDO,Null,NON-COLLISION,1,CONVERTIBLE,N,40,1,PARKED,APPARENTLY NORMAL,Null,Null,Null,OTHER ANIMAL,Null,Null,Null,Null,Null,Null,Null,Null,Null,Null,Null,Null,DRY,DAYLIGHT,ANIMAL IN ROADWAY,CHSO,2152706,Null,Null,Null,2015-03-07T18:20:00.000Z,{9A5D62FD-CB8F-4537-9824-E566CD88A5FE}
287225,262524.5528,4360714.659,39.36,-119.8,2015-03-14,DEER,PROPERTY DAMAGE ONLY,WASHOE,Sat Mar 14 00:00:00 PDT 2015,Sun Dec 31 05:24:00 PST 1899,5:24:00,US395A,4224,S,MILE MARKER 14,CLEAR,-9999,-9999,PDO,Null,NON-COLLISION,1,PICKUP,S,-9999,-9999,GOING STRAIGHT,APPARENTLY NORMAL,Null,Null,Null,Null,Null,Null,Null,Null,Null,Null,Null,Null,Null,Null,Null,Null,Null,Null,Null,NHP,2175881,Null,Null,Null,2015-03-14T12:24:00.000Z,{5758B938-00CB-4796-8DCD-F09629337D30}
287310,249621.1842,4377910.307,39.51,-119.9,2015-03-14,DEER,PROPERTY DAMAGE ONLY,WASHOE,Sat Mar 14 00:00:00 PDT 2015,Sun Dec 31 07:04:00 PST 1899,7:04:00,IR80W,800,W,MILE MARKER 8,CLOUDY,-9999,-9999,PDO,Null,NON-COLLISION,1,"HATCHBACK, 4 DOOR",W,-9999,-9999,GOING STRAIGHT,APPARENTLY NORMAL,Null,OBJECT AVOIDANCE,Null,Null,Null,Null,Null,Null,Null,Null,Null,Null,Null,Null,Null,Null,Null,Null,NONE,NHP,2175882,Null,Null,Null,2015-03-14T14:04:00.000Z,{A0186A37-44F7-42B0-872D-544B89C40115}
287311,260999.564,4360809.825,39.36,-119.8,2015-03-14,DEER,PROPERTY DAMAGE ONLY,WASHOE,Sat Mar 14 00:00:00 PDT 2015,Sun Dec 31 06:54:00 PST 1899,6:54:00,IR580N,500,S,MILE MARKER 12,CLOUDY,-9999,-9999,PDO,Null,NON-COLLISION,1,"SEDAN, 4 DOOR",N,-9999,-9999,GOING STRAIGHT,APPARENTLY NORMAL,Null,Null,Null,Null,Null,Null,Null,Null,Null,Null,Null,Null,Null,Null,Null,Null,Null,Null,NONE,NHP,2175883,Null,Null,Null,2015-03-14T13:54:00.000Z,{F9EBF8A8-7A83-49E5-A5C1-6305657FCCB1}
299204,637312.7512,4015747.18,36.28,-115.5,2015-03-28,UNKNOWN,PROPERTY DAMAGE ONLY,CLARK,Sat Mar 28 00:00:00 PDT 2015,Sun Dec 31 09:27:00 PST 1899,9:27:00,SR157,500,E,MILE MARKER 11,CLEAR,-9999,-9999,PDO,Null,NON-COLLISION,1,SEDAN,W,31,-9999,GOING STRAIGHT,OTHER IMPROPER DRIVING,Null,OBJECT AVOIDANCE,Null,OTHER ANIMAL: RAN OFF ROAD RIGHT: EMBANKMENT,Null,Null,Null,Null,Null,Null,Null,Null,Null,Null,Null,Null,DRY,DAYLIGHT,ANIMAL IN ROADWAY,NHP,2176604,Null,Null,Null,2015-03-28T16:27:00.000Z,{7ADE65E2-142C-43B2-8CB4-15AD6719B9BD}
397911,286541.7041,4378956.703,39.53,-119.5,2015-03-28,HORSE,PROPERTY DAMAGE ONLY,STOREY,Sat Mar 28 00:00:00 PDT 2015,Sun Dec 31 02:37:00 PST 1899,2:37:00,SR439,2300,S,DENMARK DR,UNKNOWN,-9999,-9999,PDO,Null,NON-COLLISION,1,"SEDAN, 4 DOOR",N,26,1,GOING STRAIGHT,APPARENTLY NORMAL,Null,Null,Null,HORSE,Null,Null,Null,Null,Null,Null,Null,Null,Null,Null,Null,Null,DRY,DARK - NO LIGHTING,NONE,STSO,2307429,Null,Null,Null,2015-03-28T09:37:00.000Z,{326D948A-744C-48D6-8763-C579405902EA}
294676,439696.1026,4544703.424,41.05,-117.7,2015-03-28,DEER,PROPERTY DAMAGE ONLY,HUMBOLDT,Sat Mar 28 00:00:00 PDT 2015,Sun Dec 31 00:28:00 PST 1899,0:28:00,US95N,1500,S,MILE MARKER 5,CLEAR,-9999,-9999,PDO,Null,NON-COLLISION,1,PICKUP,S,-9999,-9999,GOING STRAIGHT,APPARENTLY NORMAL,Null,UNKNOWN,Null,Null,Null,Null,Null,Null,Null,Null,Null,Null,Null,Null,Null,Null,Null,Null,NONE,NHP,2176512,Null,Null,Null,2015-03-28T07:28:00.000Z,{D106C8E5-19FA-40BA-B7DA-0AE7103365F0}
298060,598121.3433,4517314.103,40.8,-115.8,2015-03-28,DEER,PROPERTY DAMAGE ONLY,ELKO,Sat Mar 28 00:00:00 PDT 2015,Sun Dec 31 17:55:00 PST 1899,17:55:00,IR80W,1584,W,MILE MARKER 20,CLEAR,-9999,-9999,PDO,Null,NON-COLLISION,1,PICKUP,W,-9999,-9999,GOING STRAIGHT,APPARENTLY NORMAL,Null,OBJECT AVOIDANCE,Null,Null,Null,Null,Null,Null,Null,Null,Null,Null,Null,Null,Null,Null,Null,Null,Null,NHP,2176546,Null,Null,Null,2015-03-29T00:55:00.000Z,{1EB23C62-1466-48ED-970E-D6EC2116ADD3}
298114,687696.9242,4338948.299,39.18,-114.8,2015-05-02,DEER,PROPERTY DAMAGE ONLY,WHITE PINE,Sat May 02 00:00:00 PDT 2015,Sun Dec 31 04:50:00 PST 1899,4:50:00,US6,800,E,MILE MARKER 44,CLEAR,-9999,-9999,PDO,Null,NON-COLLISION,1,CARRY-ALL,W,-9999,-9999,GOING STRAIGHT,APPARENTLY NORMAL,Null,OBJECT AVOIDANCE,Null,Null,Null,Null,Null,Null,Null,Null,Null,Null,Null,Null,Null,Null,Null,Null,NONE,NHP,2178237,Null,Null,Null,2015-05-02T11:50:00.000Z,{F7AEFF70-82BC-401F-BD9A-FCC5A94EA50E}