OBJECTID,X,Y,Latitude,Longitude,Date,AnimalType,Crash_Seve,County,Crash_Date_Original,Crash_Time_Original,Crash_Time,Primary_St,Distance,Dir,Secondary_,Weather,Fatalities,Injured,Property_D,Injury_Typ,Crash_Type,Total_Vehi,V1_Type,V1_Dir,V1_Driver_,V1_Lane_Nu,V1_Action,V1_Driver1,V1_Drive_1,V1_Vehicle,V1_Most_Ha,V1_All_Eve,V2_Type,V2_Dir,V2_Driver_,V2_Lane_Nu,V2_Action,V2_Driver1,V2_Drive_1,V2_Vehicle,V2_Most_Ha,V2_All_Eve,First_Harm,Nonmotoris,Factors_Ro,Lighting,HWY_Factor,Agency,Accident_R,Pedalcycli,Pedestrian,Motorcycli,CrashDateT,GlobalID
297713,674909.4863,4117888.289,37.19,-115,2015-05-02,CATTLE,PROPERTY DAMAGE ONLY,LINCOLN,Sat May 02 00:00:00 PDT 2015,Sun Dec 31 21:30:00 PST 1899,21:30:00,US93N,120,S,MILE MARKER 24,CLOUDY,-9999,-9999,PDO,Null,NON-COLLISION,1,UNKNOWN,S,-9999,1,GOING STRAIGHT,Null,Null,HIT AND RUN,Null,CATTLE,Null,Null,Null,Null,Null,Null,Null,Null,Null,Null,Null,Null,DRY,DARK - NO LIGHTING,ANIMAL IN ROADWAY,NHP,2178167,Null,Null,Null,2015-05-03T04:30:00.000Z,{CD88346E-8965-4692-887A-666800EFBCAA}
320867,555171.8125,4227189.5,38.19,-116.4,2015-05-02,CATTLE,PROPERTY DAMAGE ONLY,NYE,Sat May 02 00:00:00 PDT 2015,Sun Dec 31 18:00:00 PST 1899,18:00:00,SR375,0,Null,US6,UNKNOWN,-9999,-9999,PDO,Null,NON-COLLISION,1,PICKUP,W,50,-9999,GOING STRAIGHT,Null,Null,UNKNOWN,Null,CATTLE,Null,Null,Null,Null,Null,Null,Null,Null,Null,Null,Null,Null,DRY,UNKNOWN,ANIMAL IN ROADWAY,NYSO,2304116,Null,Null,Null,2015-05-03T01:00:00.000Z,{DD5E3CC7-5E68-4671-A766-0642841D3A83}
280277,619014.2227,4508881.741,40.72,-115.6,2015-05-09,DEER,PROPERTY DAMAGE ONLY,ELKO,Sat May 09 00:00:00 PDT 2015,Sun Dec 31 10:00:00 PST 1899,10:00:00,SR227,0,Null,PALACE PKWY,UNKNOWN,-9999,-9999,PDO,Null,NON-COLLISION,1,"SEDAN, 2 DOOR",S,-9999,-9999,GOING STRAIGHT,Null,Null,UNKNOWN,Null,Null,Null,Null,Null,Null,Null,Null,Null,Null,Null,Null,Null,Null,Null,Null,NONE,ECSO,2242847,Null,Null,Null,2015-05-09T17:00:00.000Z,{EBB22C4D-38CF-403F-A70C-A5A579142B53}
298125,550514.4874,4500884.968,40.66,-116.4,2015-05-30,DEER,PROPERTY DAMAGE ONLY,EUREKA,Sat May 30 00:00:00 PDT 2015,Sun Dec 31 21:45:00 PST 1899,21:45:00,IR80E,50,W,MILE MARKER 11,CLEAR,-9999,-9999,PDO,Null,NON-COLLISION,1,PICKUP,E,53,2,GOING STRAIGHT,APPARENTLY NORMAL,Null,Null,Null,DEER,Null,Null,Null,Null,Null,Null,Null,Null,Null,Null,Null,Null,DRY,DARK - NO LIGHTING,ANIMAL IN ROADWAY,NHP,2179603,Null,Null,Null,2015-05-31T04:45:00.000Z,{27FE445A-8B62-4053-A910-B5B1C6FFC455}
294502,598551.1923,4603780.461,41.58,-115.8,2015-05-30,CATTLE,PROPERTY DAMAGE ONLY,ELKO,Sat May 30 00:00:00 PDT 2015,Sun Dec 31 21:23:00 PST 1899,21:23:00,SR225,500,S,MILE MARKER 85,CLEAR,-9999,-9999,PDO,Null,NON-COLLISION,1,CARRY-ALL,N,19,1,GOING STRAIGHT,APPARENTLY NORMAL,Null,Null,Null,CATTLE,Null,Null,Null,Null,Null,Null,Null,Null,Null,Null,Null,Null,DRY,DARK - NO LIGHTING,ANIMAL IN ROADWAY,NHP,2179605,Null,Null,Null,2015-05-31T04:23:00.000Z,{BFC87832-F8EE-45BA-A2BE-0954BF7E57F8}
336807,281476.1367,4352264.314,39.29,-119.5,2015-11-07,HORSE,PROPERTY DAMAGE ONLY,LYON,Sat Nov 07 00:00:00 PST 2015,Sun Dec 31 18:55:00 PST 1899,18:55:00,US50,0,Null,OCCIDENTAL DR W,CLEAR,-9999,-9999,PDO,Null,NON-COLLISION,1,PICKUP,E,69,-9999,GOING STRAIGHT,APPARENTLY NORMAL,Null,Null,Null,HORSE,Null,Null,Null,Null,Null,Null,Null,Null,Null,Null,Null,Null,DRY,DARK - SPOT LIGHTING,ANIMAL IN ROADWAY,NHP,2211911,Null,Null,Null,2015-11-08T02:55:00.000Z,{F548DDF3-EE1A-460B-87B8-928DA298562F}
319061,710222.4364,4240980.532,38.29,-114.6,2015-11-07,ELK,PROPERTY DAMAGE ONLY,LINCOLN,Sat Nov 07 00:00:00 PST 2015,Sun Dec 31 17:07:00 PST 1899,17:07:00,US93N,528,S,MILE MARKER 146,CLEAR,-9999,-9999,PDO,Null,NON-COLLISION,1,PICKUP,S,35,1,GOING STRAIGHT,APPARENTLY NORMAL,Null,Null,Null,ELK,Null,Null,Null,Null,Null,Null,Null,Null,Null,Null,Null,Null,DRY,DARK - NO LIGHTING,ANIMAL IN ROADWAY,NHP,2211903,Null,Null,Null,2015-11-08T01:07:00.000Z,{1F59122D-B814-4EE1-BEAC-EECFBE2B20EF}
316072,503815.5923,4358375.082,39.37,-117,2015-11-07,DEER,INJURY CRASH,LANDER,Sat Nov 07 00:00:00 PST 2015,Sun Dec 31 09:55:00 PST 1899,9:55:00,SR376,786,S,MILE MARKER 16,CLEAR,-9999,1,Null,C,NON-COLLISION,1,"SEDAN, 4 DOOR",N,21,-9999,GOING STRAIGHT,Null,Null,OVER-CORRECTING/OVER-STEERING: RAN OFF ROAD: OBJECT AVOIDANCE,Null,RAN OFF ROAD RIGHT: RAN OFF ROAD LEFT: EMBANKMENT,Null,Null,Null,Null,Null,Null,Null,Null,Null,Null,Null,Null,DRY,DAYLIGHT,ANIMAL IN ROADWAY,NHP,2211887,Null,Null,Null,2015-11-07T17:55:00.000Z,{C40D0CE5-FBEC-4287-B667-36F1F86421B1}
316086,647014.875,4549810,41.09,-115.2,2015-11-07,DEER,PROPERTY DAMAGE ONLY,ELKO,Sat Nov 07 00:00:00 PST 2015,Sun Dec 31 23:50:00 PST 1899,23:50:00,IR80W,2600,W,MILE MARKER 59,CLEAR,-9999,-9999,PDO,Null,NON-COLLISION,1,CARRY-ALL,W,59,2,GOING STRAIGHT,APPARENTLY NORMAL,Null,OBJECT AVOIDANCE,Null,DEER,Null,Null,Null,Null,Null,Null,Null,Null,Null,Null,Null,Null,DRY,DARK - NO LIGHTING,NONE,NHP,2211923,Null,Null,Null,2015-11-08T07:50:00.000Z,{82B9F324-20CB-4B77-94A8-F7EC44CA4886}
307824,669002.3018,4010422.482,36.22,-115.1,2015-11-21,DOG/COYOTE,INJURY CRASH,CLARK,Sat Nov 21 00:00:00 PST 2015,Sun Dec 31 11:49:00 PST 1899,11:49:00,IR15S,800,N,IR15S TO SR574W INT46,CLEAR,-9999,1,Null,C,ANGLE,2,"SEDAN, 4 DOOR",S,39,1,GOING STRAIGHT,APPARENTLY NORMAL,Null,FAILURE TO KEEP IN PROPER LANE OR RUNNING OFF ROAD: UNSAFE LANE CHANGE: OBJECT AVOIDANCE,Null,DOG/COYOTE,UTILITY,S,42,1,GOING STRAIGHT,APPARENTLY NORMAL,Null,Null,Null,Null,Null,Null,DRY,DAYLIGHT,ANIMAL IN ROADWAY,NHP,2212723,Null,Null,Null,2015-11-21T19:49:00.000Z,{07997AAD-D7D9-4430-8B9F-C9A4A04D9516}
319190,249242.9111,4390385.403,39.63,-119.9,2015-11-21,DEER,INJURY CRASH,WASHOE,Sat Nov 21 00:00:00 PST 2015,Sun Dec 31 00:00:00 PST 1899,0:00:00,US395N,385,S,FRWA26 TO US395N INT78,CLEAR,-9999,2,Null,B,NON-COLLISION,1,"HATCHBACK, 4 DOOR",N,63,2,GOING STRAIGHT,APPARENTLY NORMAL,Null,Null,Null,DEER,Null,Null,Null,Null,Null,Null,Null,Null,Null,Null,Null,Null,DRY,DARK - NO LIGHTING,ANIMAL IN ROADWAY,NHP,2212706,Null,Null,Null,2015-11-21T08:00:00.000Z,{D4375842-8188-4783-8593-2735BDDBD336}
404893,539330.9862,4505612.033,40.7,-116.5,2015-11-21,COYOTE,PROPERTY DAMAGE ONLY,EUREKA,Sat Nov 21 00:00:00 PST 2015,Sun Dec 31 04:00:00 PST 1899,4:00:00,IR80W,5280,E,IR80W TO FREU03 INT254,CLEAR,-9999,-9999,PDO,Null,NON-COLLISION,1,SEDAN,W,-9999,-9999,GOING STRAIGHT,APPARENTLY NORMAL,Null,OBJECT AVOIDANCE,Null,DOG/COYOTE,Null,Null,Null,Null,Null,Null,Null,Null,Null,Null,Null,Null,Null,Null,Null,EUSO,2388023,Null,Null,Null,2015-11-21T12:00:00.000Z,{F87FD888-3009-49B6-B610-482124A1800E}
318081,703881.7261,4550252.01,41.08,-114.6,2015-11-28,DEER,PROPERTY DAMAGE ONLY,ELKO,Sat Nov 28 00:00:00 PST 2015,Sun Dec 31 16:16:00 PST 1899,16:16:00,IR80E,1000,E,MILE MARKER 95,CLOUDY,-9999,-9999,PDO,Null,NON-COLLISION,1,CARRY-ALL,E,40,2,GOING STRAIGHT,APPARENTLY NORMAL,Null,OBJECT AVOIDANCE,Null,DEER,Null,Null,Null,Null,Null,Null,Null,Null,Null,Null,Null,Null,DRY,DARK - NO LIGHTING,ANIMAL IN ROADWAY,NHP,2213112,Null,Null,Null,2015-11-29T00:16:00.000Z,{F76FB336-24A0-4B25-BABA-B1933ED5B94C}
315451,441130.4219,4634237.53,41.86,-117.7,2015-10-03,DEER,PROPERTY DAMAGE ONLY,HUMBOLDT,Sat Oct 03 00:00:00 PDT 2015,Sun Dec 31 15:00:00 PST 1899,15:00:00,US95N,0,Null,MILE MARKER 64,UNKNOWN,-9999,-9999,PDO,Null,NON-COLLISION,1,"HATCHBACK, 4 DOOR",S,69,1,GOING STRAIGHT,APPARENTLY NORMAL,Null,Null,Null,DEER,Null,Null,Null,Null,Null,Null,Null,Null,Null,Null,Null,Null,DRY,DAYLIGHT,ANIMAL IN ROADWAY,NHP,2297465,Null,Null,Null,2015-10-03T22:00:00.000Z,{C253B441-EE70-428F-B9AC-63B8258483CF}
315607,684650.8385,4602432.982,41.55,-114.8,2015-10-10,UNKNOWN,PROPERTY DAMAGE ONLY,ELKO,Sat Oct 10 00:00:00 PDT 2015,Sun Dec 31 13:02:00 PST 1899,13:02:00,US93N,1000,S,MILE MARKER 109,CLEAR,-9999,-9999,PDO,Null,NON-COLLISION,1,CARRY-ALL,S,28,1,GOING STRAIGHT,APPARENTLY NORMAL,Null,MECHANICAL DEFECTS: ROAD DEFECT: OBJECT AVOIDANCE,Null,"OTHER ANIMAL: EQUIPMENT FAILURE (BLOWN TIRE, BRAKE FAILURE, ETC.): RAN OFF ROAD RIGHT: OVERTURN/ROLLOVER",Null,Null,Null,Null,Null,Null,Null,Null,Null,Null,Null,Null,DRY,DAYLIGHT,DEBRIS,NHP,2210582,Null,Null,Null,2015-10-10T20:02:00.000Z,{6887E347-B5BA-4882-9FF6-9203B336869F}
315514,349747.4707,4370937.803,39.47,-118.7,2015-10-10,DEER,PROPERTY DAMAGE ONLY,CHURCHILL,Sat Oct 10 00:00:00 PDT 2015,Sun Dec 31 19:35:00 PST 1899,19:35:00,US50,1500,E,MILE MARKER 22,CLEAR,-9999,-9999,PDO,Null,NON-COLLISION,1,PICKUP,W,38,1,GOING STRAIGHT,APPARENTLY NORMAL,Null,UNKNOWN,Null,DEER,Null,Null,Null,Null,Null,Null,Null,Null,Null,Null,Null,Null,DRY,DARK - NO LIGHTING,ANIMAL IN ROADWAY,NHP,2297752,Null,Null,Null,2015-10-11T02:35:00.000Z,{B484DE4A-BE3A-4DB5-BD98-92E4A9ABB64B}
315670,597843.3263,4594531.654,41.5,-115.8,2015-10-17,DEER,PROPERTY DAMAGE ONLY,ELKO,Sat Oct 17 00:00:00 PDT 2015,Sun Dec 31 07:05:00 PST 1899,7:05:00,SR225,100,S,MILE MARKER 79,CLOUDY,-9999,-9999,PDO,Null,NON-COLLISION,1,PICKUP,N,34,1,GOING STRAIGHT,APPARENTLY NORMAL,Null,Null,Null,DEER,Null,Null,Null,Null,Null,Null,Null,Null,Null,Null,Null,Null,DRY,DAYLIGHT,NONE,NHP,2210836,Null,Null,Null,2015-10-17T14:05:00.000Z,{B89A5A1A-5ACB-4F01-A9EA-B64FDCC2A05A}
315677,706928.645,4548938.197,41.07,-114.5,2015-10-17,DEER,INJURY CRASH,ELKO,Sat Oct 17 00:00:00 PDT 2015,Sun Dec 31 12:27:00 PST 1899,12:27:00,IR80E,1584,E,MILE MARKER 97,RAIN,-9999,1,Null,C,NON-COLLISION,1,"SEDAN, 4 DOOR",E,34,2,GOING STRAIGHT,APPARENTLY NORMAL,Null,OBJECT AVOIDANCE,Null,"DEER: RAN OFF ROAD RIGHT: OTHER POST, POLE OR SUPPORT",Null,Null,Null,Null,Null,Null,Null,Null,Null,Null,Null,Null,DRY,DAYLIGHT,"WEATHER: WET, ICY, SNOW, SLUSH: ANIMAL IN ROADWAY",NHP,2210847,Null,Null,Null,2015-10-17T19:27:00.000Z,{93083AB4-8FDA-454F-B67C-7F8392BF92B1}
315794,244852.5589,4378968.526,39.52,-120,2015-10-24,DEER,PROPERTY DAMAGE ONLY,WASHOE,Sat Oct 24 00:00:00 PDT 2015,Sun Dec 31 00:18:00 PST 1899,0:18:00,SR425,400,E,SUMMERSET DR,CLEAR,-9999,-9999,PDO,Null,NON-COLLISION,1,"HATCHBACK, 2 DOOR",E,21,1,GOING STRAIGHT,Null,Null,UNKNOWN,Null,DEER,Null,Null,Null,Null,Null,Null,Null,Null,Null,Null,Null,Null,DRY,DARK - NO LIGHTING,ANIMAL IN ROADWAY,NHP,2211144,Null,Null,Null,2015-10-24T07:18:00.000Z,{E9EF48AA-8028-4E28-BB12-FD5B33488547}
315798,706936.5423,4549044.416,41.07,-114.5,2015-10-24,DEER,PROPERTY DAMAGE ONLY,ELKO,Sat Oct 24 00:00:00 PDT 2015,Sun Dec 31 09:41:00 PST 1899,9:41:00,IR80W,1584,E,MILE MARKER 97,CLEAR,-9999,-9999,PDO,Null,NON-COLLISION,1,CONVERTIBLE,W,63,3,GOING STRAIGHT,APPARENTLY NORMAL,Null,Null,Null,DEER,Null,Null,Null,Null,Null,Null,Null,Null,Null,Null,Null,Null,DRY,DAYLIGHT,ANIMAL IN ROADWAY,NHP,2211159,Null,Null,Null,2015-10-24T16:41:00.000Z,{FB012870-2DFF-4225-94D1-79FA569918A6}
315811,255537.9388,4320302.502,39,-119.8,2015-10-24,DEER,PROPERTY DAMAGE ONLY,DOUGLAS,Sat Oct 24 00:00:00 PDT 2015,Sun Dec 31 23:12:00 PST 1899,23:12:00,SR206,47,W,WILLOWBEND RD,CLEAR,-9999,-9999,PDO,Null,NON-COLLISION,1,PICKUP,E,58,1,GOING STRAIGHT,APPARENTLY NORMAL,Null,Null,Null,DEER,Null,Null,Null,Null,Null,Null,Null,Null,Null,Null,Null,Null,DRY,DARK - NO LIGHTING,NONE,NHP,2211190,Null,Null,Null,2015-10-25T06:12:00.000Z,{999F3333-5F2B-41C5-AA43-7FB2C7334D39}
304994,655089.639,4009133.923,36.21,-115.3,2015-10-31,DOG,INJURY CRASH,CLARK,Sat Oct 31 00:00:00 PDT 2015,Sun Dec 31 16:36:00 PST 1899,16:36:00,CORAL SHORES DR,5,E,SPINNAKER COVE DR,CLEAR,-9999,1,Null,C,NON-COLLISION,1,UNKNOWN,U,-9999,-9999,TURNING LEFT,Null,Null,Null,Null,PEDESTRIAN: DOG/COYOTE,Null,Null,Null,Null,Null,Null,Null,Null,Null,Null,Null,UNKNOWN,DRY,DAYLIGHT,NONE,LVMPD,2309689,Null,YES,Null,2015-10-31T23:36:00.000Z,{B6D2B651-82A4-4F79-91FD-C5C72F304D79}
304253,727064.4473,4196697.777,37.89,-114.4,2015-10-31,DEER,PROPERTY DAMAGE ONLY,LINCOLN,Sat Oct 31 00:00:00 PDT 2015,Sun Dec 31 10:55:00 PST 1899,10:55:00,US93N,500,S,MILE MARKER 115,CLOUDY,-9999,-9999,PDO,Null,NON-COLLISION,1,UNKNOWN,U,-9999,-9999,Null,Null,Null,Null,Null,Null,Null,Null,Null,Null,Null,Null,Null,Null,Null,Null,Null,Null,DRY,DAYLIGHT,NONE,LISO,2207328,Null,Null,Null,2015-10-31T17:55:00.000Z,{B16C6C28-EC1A-4455-9B56-D30533251665}
302469,692463.1018,4391516.136,39.65,-114.8,2015-09-12,ELK,PROPERTY DAMAGE ONLY,WHITE PINE,Sat Sep 12 00:00:00 PDT 2015,Sun Dec 31 01:50:00 PST 1899,1:50:00,US93N,2640,S,MILE MARKER 83,CLEAR,-9999,-9999,PDO,Null,NON-COLLISION,1,UTILITY,S,39,1,GOING STRAIGHT,APPARENTLY NORMAL,Null,UNKNOWN,Null,ELK,Null,Null,Null,Null,Null,Null,Null,Null,Null,Null,Null,Null,DRY,DARK - NO LIGHTING,ANIMAL IN ROADWAY,NHP,2197920,Null,Null,Null,2015-09-12T08:50:00.000Z,{77040413-8A01-4517-A9F4-1037CFEC40B7}
292166,669821.1271,4011461.019,36.23,-115.1,2015-09-19,UNKNOWN,PROPERTY DAMAGE ONLY,CLARK,Sat Sep 19 00:00:00 PDT 2015,Sun Dec 31 19:15:00 PST 1899,19:15:00,IR15N,1500,S,IR15N TO SR573W/E INT48,UNKNOWN,-9999,-9999,PDO,Null,NON-COLLISION,1,"HATCHBACK, 4 DOOR",N,26,-9999,GOING STRAIGHT,Null,Null,FAILURE TO KEEP IN PROPER LANE OR RUNNING OFF ROAD: UNSAFE LANE CHANGE,Null,PARKED MOTOR VEHICLE,Null,Null,Null,Null,Null,Null,Null,Null,Null,Null,Null,Null,WET,UNKNOWN,UNKNOWN,NHP,2198347,Null,Null,Null,2015-09-20T02:15:00.000Z,{919DA7D2-6B82-4FA5-9709-84245CD2646C}
302362,266495.6608,4363113.278,39.39,-119.7,2015-09-19,HORSE,INJURY CRASH,WASHOE,Sat Sep 19 00:00:00 PDT 2015,Sun Dec 31 22:27:00 PST 1899,22:27:00,SR341,2112,S,MILE MARKER 4,CLEAR,-9999,1,Null,U,NON-COLLISION,1,CARRY-ALL,W,72,1,GOING STRAIGHT,APPARENTLY NORMAL,Null,Null,Null,HORSE,Null,Null,Null,Null,Null,Null,Null,Null,Null,Null,Null,Null,DRY,DARK - NO LIGHTING,ANIMAL IN ROADWAY,NHP,2198298,Null,Null,Null,2015-09-20T05:27:00.000Z,{EB0BB8E1-4EC4-42F6-A7E3-D950E236EEF8}
300674,663184.9847,4136351.453,37.36,-115.2,2015-09-19,DEER,PROPERTY DAMAGE ONLY,LINCOLN,Sat Sep 19 00:00:00 PDT 2015,Sun Dec 31 05:45:00 PST 1899,5:45:00,US93N,1200,N,MILE MARKER 38,CLEAR,-9999,-9999,PDO,Null,NON-COLLISION,1,PICKUP,N,39,1,GOING STRAIGHT,APPARENTLY NORMAL,Null,UNKNOWN,Null,DEER: RAN OFF ROAD RIGHT,Null,Null,Null,Null,Null,Null,Null,Null,Null,Null,Null,Null,DRY,DAWN,ANIMAL IN ROADWAY,NHP,2198264,Null,Null,Null,2015-09-19T12:45:00.000Z,{0C2D9D97-5A19-464D-B757-E423D4DD341A}
302412,662300.2181,4366203.396,39.43,-115.1,2015-09-19,DEER,PROPERTY DAMAGE ONLY,WHITE PINE,Sat Sep 19 00:00:00 PDT 2015,Sun Dec 31 19:17:00 PST 1899,19:17:00,US50,1000,W,MILE MARKER 48,CLEAR,-9999,-9999,PDO,Null,NON-COLLISION,1,CARRY-ALL,E,28,1,GOING STRAIGHT,APPARENTLY NORMAL,Null,Null,Null,DEER,Null,Null,Null,Null,Null,Null,Null,Null,Null,Null,Null,Null,DRY,DARK - NO LIGHTING,ANIMAL IN ROADWAY,NHP,2198294,Null,Null,Null,2015-09-20T02:17:00.000Z,{30C34E5B-F667-42BE-9099-72E219E7182F}
302355,249036.9061,4354844.518,39.31,-119.9,2015-09-26,DEER,PROPERTY DAMAGE ONLY,WASHOE,Sat Sep 26 00:00:00 PDT 2015,Sun Dec 31 22:25:00 PST 1899,22:25:00,SR431,1584,E,MILE MARKER 7,CLEAR,-9999,-9999,PDO,Null,NON-COLLISION,1,"SEDAN, 4 DOOR",W,22,1,GOING STRAIGHT,APPARENTLY NORMAL,Null,Null,Null,DEER,Null,Null,Null,Null,Null,Null,Null,Null,Null,Null,Null,Null,DRY,DARK - NO LIGHTING,ANIMAL IN ROADWAY,NHP,2198617,Null,Null,Null,2015-09-27T05:25:00.000Z,{B4CC5054-46F1-4A05-AA83-5F19E65C61B2}
297103,295632.5277,4301452.696,38.84,-119.4,2015-04-12,DEER,INJURY CRASH,LYON,Sun Apr 12 00:00:00 PDT 2015,Sun Dec 31 17:46:00 PST 1899,17:46:00,SR824,500,E,MILE MARKER 4,CLEAR,-9999,1,Null,B,NON-COLLISION,1,PICKUP,W,63,-9999,GOING STRAIGHT,HAD BEEN DRINKING,Null,RAN OFF ROAD: OBJECT AVOIDANCE,Null,RAN OFF ROAD RIGHT: OTHER NON-COLLISION,Null,Null,Null,Null,Null,Null,Null,Null,Null,Null,Null,Null,DRY,DAYLIGHT,NONE,NHP,2177250,Null,Null,Null,2015-04-13T00:46:00.000Z,{3238C097-7810-45B9-9A05-6C78A6900F6E}
298622,697156.4332,4324382.522,39.05,-114.7,2015-04-12,DEER,PROPERTY DAMAGE ONLY,WHITE PINE,Sun Apr 12 00:00:00 PDT 2015,Sun Dec 31 19:45:00 PST 1899,19:45:00,US6,0,Null,MILE MARKER 55,CLEAR,-9999,-9999,PDO,Null,NON-COLLISION,1,"HATCHBACK, 4 DOOR",W,-9999,-9999,GOING STRAIGHT,APPARENTLY NORMAL,Null,Null,Null,Null,Null,Null,Null,Null,Null,Null,Null,Null,Null,Null,Null,Null,Null,Null,NONE,NHP,2177281,Null,Null,Null,2015-04-13T02:45:00.000Z,{A41DFB31-2085-41D3-80CA-033B09844C79}
296170,681793.9677,4478504.01,40.44,-114.9,2015-04-19,ELK,PROPERTY DAMAGE ONLY,ELKO,Sun Apr 19 00:00:00 PDT 2015,Sun Dec 31 23:29:00 PST 1899,23:29:00,US93N,994,N,MILE MARKER 25,CLEAR,-9999,-9999,PDO,Null,NON-COLLISION,1,SEMI,N,48,1,GOING STRAIGHT,APPARENTLY NORMAL,Null,Null,Null,"ELK: RAN OFF ROAD RIGHT: OTHER POST, POLE OR SUPPORT: FIRE/EXPLOSION",Null,Null,Null,Null,Null,Null,Null,Null,Null,Null,Null,Null,DRY,DARK - NO LIGHTING,ANIMAL IN ROADWAY,NHP,2177625,Null,Null,Null,2015-04-20T06:29:00.000Z,{5D384EF6-836E-4831-9E18-CD4BEBE185B9}
299351,259473.2256,4327832.611,39.07,-119.8,2015-04-19,DEER,PROPERTY DAMAGE ONLY,DOUGLAS,Sun Apr 19 00:00:00 PDT 2015,Sun Dec 31 08:56:00 PST 1899,8:56:00,US395N,1500,S,MILE MARKER 31,CLEAR,-9999,-9999,PDO,Null,NON-COLLISION,1,"HATCHBACK, 4 DOOR",S,37,1,GOING STRAIGHT,APPARENTLY NORMAL,Null,Null,Null,DEER,Null,Null,Null,Null,Null,Null,Null,Null,Null,Null,Null,Null,DRY,DAYLIGHT,ANIMAL IN ROADWAY,NHP,2177596,Null,Null,Null,2015-04-19T15:56:00.000Z,{B6B58986-F839-4DFB-8061-373E9531B481}
296379,352826.321,4270320.697,38.57,-118.7,2015-04-26,UNKNOWN,PROPERTY DAMAGE ONLY,MINERAL,Sun Apr 26 00:00:00 PDT 2015,Sun Dec 31 21:23:00 PST 1899,21:23:00,US95N,1500,S,MILE MARKER 55,CLEAR,-9999,-9999,PDO,Null,NON-COLLISION,1,"SEDAN, 4 DOOR",S,-9999,-9999,GOING STRAIGHT,APPARENTLY NORMAL,Null,UNKNOWN,Null,Null,Null,Null,Null,Null,Null,Null,Null,Null,Null,Null,Null,Null,Null,Null,NONE,NHP,2177971,Null,Null,Null,2015-04-27T04:23:00.000Z,{65830444-6E11-44C3-915E-E03FC8651444}
397914,286320.7235,4379589.528,39.54,-119.5,2015-08-09,HORSE,PROPERTY DAMAGE ONLY,STOREY,Sun Aug 09 00:00:00 PDT 2015,Sun Dec 31 03:45:00 PST 1899,3:45:00,SR439,0,Null,DENMARK DR,CLEAR,-9999,-9999,PDO,Null,NON-COLLISION,1,"SEDAN, 4 DOOR",N,28,2,GOING STRAIGHT,APPARENTLY NORMAL,Null,Null,Null,HORSE,Null,Null,Null,Null,Null,Null,Null,Null,Null,Null,Null,Null,DRY,DARK - NO LIGHTING,ANIMAL IN ROADWAY,STSO,2307444,Null,Null,Null,2015-08-09T10:45:00.000Z,{4D7C5C69-3ACC-4F37-983C-5DAE5D22D30D}
302478,434272.7691,4598218.006,41.53,-117.8,2015-08-09,DEER,PROPERTY DAMAGE ONLY,HUMBOLDT,Sun Aug 09 00:00:00 PDT 2015,Sun Dec 31 21:40:00 PST 1899,21:40:00,US95N,40,N,MILE MARKER 41,"FOG, SMOG, SMOKE",-9999,-9999,PDO,Null,NON-COLLISION,1,PICKUP,N,35,1,GOING STRAIGHT,APPARENTLY NORMAL,Null,OBJECT AVOIDANCE,Null,DEER,Null,Null,Null,Null,Null,Null,Null,Null,Null,Null,Null,Null,DRY,DARK - NO LIGHTING,NONE,NHP,2182813,Null,Null,Null,2015-08-10T04:40:00.000Z,{A8EE8158-EE10-4AA8-9037-DF791FCAA996}
326846,686514.7556,4625930.44,41.76,-114.8,2015-08-09,DEER,PROPERTY DAMAGE ONLY,ELKO,Sun Aug 09 00:00:00 PDT 2015,Sun Dec 31 20:55:00 PST 1899,20:55:00,US93N,0,Null,MILE MARKER 125,CLEAR,-9999,-9999,PDO,Null,NON-COLLISION,1,"SEDAN, 4 DOOR",N,-9999,1,GOING STRAIGHT,APPARENTLY NORMAL,Null,OBJECT AVOIDANCE,Null,DEER: RAN OFF ROAD LEFT: EMBANKMENT: DITCH,Null,Null,Null,Null,Null,Null,Null,Null,Null,Null,Null,Null,DRY,DARK - NO LIGHTING,ANIMAL IN ROADWAY,ECSO,2230365,Null,Null,Null,2015-08-10T03:55:00.000Z,{183B4D77-6C69-4535-996A-9452E273AECF}
322392,270234.8817,4361123.507,39.37,-119.7,2015-08-16,HORSE,PROPERTY DAMAGE ONLY,STOREY,Sun Aug 16 00:00:00 PDT 2015,Sun Dec 31 20:41:00 PST 1899,20:41:00,SR341,600,N,CARTWRIGHT RD,CLEAR,-9999,-9999,PDO,Null,NON-COLLISION,1,CARRY-ALL,N,42,1,GOING STRAIGHT,APPARENTLY NORMAL,Null,Null,Null,HORSE,Null,Null,Null,Null,Null,Null,Null,Null,Null,Null,Null,Null,DRY,DARK - NO LIGHTING,ANIMAL IN ROADWAY,STSO,2307445,Null,Null,Null,2015-08-17T03:41:00.000Z,{1621C013-54F4-4AC7-962C-B20597E808CE}