OBJECTID,X,Y,Latitude,Longitude,Date,AnimalType,Crash_Seve,County,Crash_Date_Original,Crash_Time_Original,Crash_Time,Primary_St,Distance,Dir,Secondary_,Weather,Fatalities,Injured,Property_D,Injury_Typ,Crash_Type,Total_Vehi,V1_Type,V1_Dir,V1_Driver_,V1_Lane_Nu,V1_Action,V1_Driver1,V1_Drive_1,V1_Vehicle,V1_Most_Ha,V1_All_Eve,V2_Type,V2_Dir,V2_Driver_,V2_Lane_Nu,V2_Action,V2_Driver1,V2_Drive_1,V2_Vehicle,V2_Most_Ha,V2_All_Eve,First_Harm,Nonmotoris,Factors_Ro,Lighting,HWY_Factor,Agency,Accident_R,Pedalcycli,Pedestrian,Motorcycli,CrashDateT,GlobalID
302301,244938.8958,4324297.468,39.03,-119.9,2015-08-16,DEER,PROPERTY DAMAGE ONLY,DOUGLAS,Sun Aug 16 00:00:00 PDT 2015,Sun Dec 31 21:18:00 PST 1899,21:18:00,US50,100,E,MASON CT,CLEAR,-9999,-9999,PDO,Null,NON-COLLISION,1,VAN,W,40,2,GOING STRAIGHT,APPARENTLY NORMAL,Null,Null,Null,DEER,Null,Null,Null,Null,Null,Null,Null,Null,Null,Null,Null,Null,DRY,DARK - NO LIGHTING,NONE,NHP,2295125,Null,Null,Null,2015-08-17T04:18:00.000Z,{A98BA980-61D1-4283-BC3E-438A758B4B62}
302300,679029.6879,4360114.539,39.37,-114.9,2015-08-16,CATTLE,PROPERTY DAMAGE ONLY,WHITE PINE,Sun Aug 16 00:00:00 PDT 2015,Sun Dec 31 04:30:00 PST 1899,4:30:00,SR490,500,W,MILE MARKER 1,CLEAR,-9999,-9999,PDO,Null,NON-COLLISION,1,PICKUP,W,43,1,GOING STRAIGHT,APPARENTLY NORMAL,Null,Null,Null,CATTLE,Null,Null,Null,Null,Null,Null,Null,Null,Null,Null,Null,Null,DRY,DARK - NO LIGHTING,ANIMAL IN ROADWAY,NHP,2196602,Null,Null,Null,2015-08-16T11:30:00.000Z,{586AAD3B-6193-4B02-BB3F-C7DC49BD89AF}
397915,286289.2502,4379439.132,39.54,-119.5,2015-08-23,HORSE,PROPERTY DAMAGE ONLY,STOREY,Sun Aug 23 00:00:00 PDT 2015,Sun Dec 31 05:20:00 PST 1899,5:20:00,SR439S,500,S,DENMARK DR,CLEAR,-9999,-9999,PDO,Null,NON-COLLISION,1,"SEDAN, 4 DOOR",S,47,2,GOING STRAIGHT,APPARENTLY NORMAL,Null,Null,Null,HORSE,Null,Null,Null,Null,Null,Null,Null,Null,Null,Null,Null,Null,DRY,DARK - NO LIGHTING,ANIMAL IN ROADWAY,STSO,2216124,Null,Null,Null,2015-08-23T12:20:00.000Z,{3276510F-02D2-452C-896F-22DD3B7BEBB2}
302429,248330.4781,4331817.817,39.1,-119.9,2015-08-23,DEER,PROPERTY DAMAGE ONLY,DOUGLAS,Sun Aug 23 00:00:00 PDT 2015,Sun Dec 31 23:00:00 PST 1899,23:00:00,US50,500,W,SR28,CLEAR,-9999,-9999,PDO,Null,NON-COLLISION,1,CARRY-ALL,E,-9999,-9999,GOING STRAIGHT,APPARENTLY NORMAL,Null,Null,Null,Null,Null,Null,Null,Null,Null,Null,Null,Null,Null,Null,Null,Null,Null,Null,NONE,NHP,2295541,Null,Null,Null,2015-08-24T06:00:00.000Z,{A83C34A1-7026-4231-AF4F-C7C609867A7E}
300897,602435.7908,4047980.683,36.57,-115.9,2015-08-30,UNKNOWN,INJURY CRASH,CLARK,Sun Aug 30 00:00:00 PDT 2015,Sun Dec 31 06:13:00 PST 1899,6:13:00,US95N,1000,S,MILE MARKER 130,CLEAR,-9999,1,Null,U,NON-COLLISION,1,PICKUP,N,32,-9999,GOING STRAIGHT,APPARENTLY NORMAL,Null,OBJECT AVOIDANCE,Null,DOG/COYOTE: RAN OFF ROAD LEFT: CROSS MEDIAN/CENTERLINE: OVERTURN/ROLLOVER,Null,Null,Null,Null,Null,Null,Null,Null,Null,Null,Null,Null,DRY,DAYLIGHT,ANIMAL IN ROADWAY,NHP,2197278,Null,Null,Null,2015-08-30T13:13:00.000Z,{F25E92C7-03C1-436E-A49F-D295F8A44549}
302411,629418.0468,4014901.911,36.27,-115.6,2015-08-30,UNKNOWN,INJURY CRASH,CLARK,Sun Aug 30 00:00:00 PDT 2015,Sun Dec 31 22:05:00 PST 1899,22:05:00,SR157,123,E,MILE MARKER 6,CLEAR,-9999,1,Null,U,NON-COLLISION,1,MOTORCYCLE,E,66,-9999,NOT REPORTED,APPARENTLY NORMAL,Null,Null,Null,"RAN OFF ROAD RIGHT: OTHER POST, POLE OR SUPPORT: OVERTURN/ROLLOVER",Null,Null,Null,Null,Null,Null,Null,Null,Null,Null,Null,Null,DRY,DARK - NO LIGHTING,ANIMAL IN ROADWAY: UNKNOWN,NHP,2197271,Null,Null,YES,2015-08-31T05:05:00.000Z,{23575BB8-E55B-4164-AA3D-87A977656948}
302327,454531.3911,4589060.279,41.45,-117.5,2015-08-30,DEER,INJURY CRASH,HUMBOLDT,Sun Aug 30 00:00:00 PDT 2015,Sun Dec 31 13:30:00 PST 1899,13:30:00,SR290,490,W,MILE MARKER 15,CLEAR,-9999,1,Null,U,NON-COLLISION,1,MOTORCYCLE,E,32,1,GOING STRAIGHT,Null,Null,Null,Null,DEER: RAN OFF ROAD RIGHT,Null,Null,Null,Null,Null,Null,Null,Null,Null,Null,Null,Null,DRY,DAYLIGHT,ANIMAL IN ROADWAY,NHP,2197289,Null,Null,YES,2015-08-30T20:30:00.000Z,{11F172FA-38E1-4264-8E37-92A63837AD5B}
397917,286320.7235,4379589.528,39.54,-119.5,2015-12-06,HORSE,PROPERTY DAMAGE ONLY,STOREY,Sun Dec 06 00:00:00 PST 2015,Sun Dec 31 03:13:00 PST 1899,3:13:00,SR439,0,Null,DENMARK DR,CLEAR,-9999,-9999,PDO,Null,NON-COLLISION,1,"SEDAN, 4 DOOR",N,19,1,GOING STRAIGHT,APPARENTLY NORMAL,Null,Null,Null,HORSE,Null,Null,Null,Null,Null,Null,Null,Null,Null,Null,Null,Null,DRY,DARK - NO LIGHTING,ANIMAL IN ROADWAY,STSO,2216135,Null,Null,Null,2015-12-06T11:13:00.000Z,{B3649300-1643-41A9-833A-C9A232A468BE}
318238,705674.7841,4549818.593,41.07,-114.6,2015-12-06,DEER,PROPERTY DAMAGE ONLY,ELKO,Sun Dec 06 00:00:00 PST 2015,Sun Dec 31 17:00:00 PST 1899,17:00:00,IR80W,1584,E,MILE MARKER 96,CLOUDY,-9999,-9999,PDO,Null,NON-COLLISION,1,"SEDAN, 4 DOOR",W,40,1,GOING STRAIGHT,APPARENTLY NORMAL,Null,Null,Null,DEER,Null,Null,Null,Null,Null,Null,Null,Null,Null,Null,Null,Null,DRY,DARK - NO LIGHTING,ANIMAL IN ROADWAY,NHP,2213494,Null,Null,Null,2015-12-07T01:00:00.000Z,{30683225-8C9B-4F7D-BB99-6764064C9EEF}
318230,628255.4966,3986174.202,36.01,-115.6,2015-12-06,BURRO,PROPERTY DAMAGE ONLY,CLARK,Sun Dec 06 00:00:00 PST 2015,Sun Dec 31 02:44:00 PST 1899,2:44:00,SR160,1052,S,MILE MARKER 25,CLEAR,-9999,-9999,PDO,Null,NON-COLLISION,1,CARRY-ALL,N,53,1,GOING STRAIGHT,APPARENTLY NORMAL,Null,Null,Null,BURRO,Null,Null,Null,Null,Null,Null,Null,Null,Null,Null,Null,Null,DRY,DARK - NO LIGHTING,NONE,NHP,2213477,Null,Null,Null,2015-12-06T10:44:00.000Z,{39C5A5C5-E5E0-4193-B9DC-703B77B24A4C}
318385,619044.7072,4508882.188,40.72,-115.6,2015-12-13,DEER,PROPERTY DAMAGE ONLY,ELKO,Sun Dec 13 00:00:00 PST 2015,Sun Dec 31 10:27:00 PST 1899,10:27:00,SR227,100,N,PALACE PKWY,CLEAR,-9999,-9999,PDO,Null,NON-COLLISION,1,CARRY-ALL,S,58,-9999,GOING STRAIGHT,APPARENTLY NORMAL,Null,OBJECT AVOIDANCE,Null,DEER,Null,Null,Null,Null,Null,Null,Null,Null,Null,Null,Null,Null,DRY,DAYLIGHT,NONE,NHP,2213854,Null,Null,Null,2015-12-13T18:27:00.000Z,{207D3D2A-8875-43A7-AD58-F5E02EBE6592}
318398,520011.5511,4194701.732,37.9,-116.8,2015-12-13,CATTLE,PROPERTY DAMAGE ONLY,NYE,Sun Dec 13 00:00:00 PST 2015,Sun Dec 31 17:45:00 PST 1899,17:45:00,ARNY44,1056,S,MILE MARKER 1,"BLOWING SAND, SOIL, DIRT, SNOW",-9999,-9999,PDO,Null,NON-COLLISION,1,SEDAN,S,-9999,-9999,GOING STRAIGHT,APPARENTLY NORMAL,Null,DRIVING TOO FAST FOR CONDITIONS: OBJECT AVOIDANCE,Null,Null,Null,Null,Null,Null,Null,Null,Null,Null,Null,Null,Null,Null,Null,Null,Null,NHP,2213883,Null,Null,Null,2015-12-14T01:45:00.000Z,{2EF6E784-0B5B-4E7A-A31E-2FA61982EF83}
319503,634562.8141,4039869.349,36.49,-115.5,2015-12-20,BURRO,PROPERTY DAMAGE ONLY,CLARK,Sun Dec 20 00:00:00 PST 2015,Sun Dec 31 23:30:00 PST 1899,23:30:00,US95N,250,N,MILE MARKER 108,CLEAR,-9999,-9999,PDO,Null,NON-COLLISION,1,PICKUP,N,50,2,GOING STRAIGHT,APPARENTLY NORMAL,Null,OBJECT AVOIDANCE,Null,BURRO,Null,Null,Null,Null,Null,Null,Null,Null,Null,Null,Null,Null,DRY,DARK - NO LIGHTING,ANIMAL IN ROADWAY,NHP,2214285,Null,Null,Null,2015-12-21T07:30:00.000Z,{C5310CE7-75A8-4E5E-B59B-B0A3AA67DFF5}
326453,267681.0046,4411791.982,39.82,-119.7,2015-12-27,DEER,PROPERTY DAMAGE ONLY,WASHOE,Sun Dec 27 00:00:00 PST 2015,Sun Dec 31 03:10:00 PST 1899,3:10:00,WINNEMUCCA RANCH RD,300,E,RANGE LAND RD,CLEAR,-9999,-9999,PDO,Null,REAR-END,2,PICKUP,E,20,1,GOING STRAIGHT,Null,Null,FOLLOWED TOO CLOSELY,Null,DEER: SLOW/STOPPED VEHICLE,PICKUP,E,20,1,STOPPED,Null,Null,Null,Null,DEER: SLOW/STOPPED VEHICLE,Null,Null,DRY,DARK - NO LIGHTING,ANIMAL IN ROADWAY,WASO,2310778,Null,Null,Null,2015-12-27T11:10:00.000Z,{5EBCF2C4-354D-4E94-9CC7-AF44148AC764}
286883,253165.1884,4389298.774,39.62,-119.9,2015-02-01,DOG/COYOTE,PROPERTY DAMAGE ONLY,WASHOE,Sun Feb 01 00:00:00 PST 2015,Sun Dec 31 02:32:00 PST 1899,2:32:00,US395N,100,N,MILE MARKER 34,CLEAR,-9999,-9999,PDO,Null,NON-COLLISION,1,"SEDAN, 4 DOOR",N,-9999,-9999,GOING STRAIGHT,APPARENTLY NORMAL,Null,Null,Null,Null,Null,Null,Null,Null,Null,Null,Null,Null,Null,Null,Null,Null,Null,Null,Null,NHP,2173939,Null,Null,Null,2015-02-01T10:32:00.000Z,{E01889E3-D104-4F8E-BFF0-8BF854868D2C}
289984,261991.2603,4368423.146,39.43,-119.8,2015-02-15,CATTLE,PROPERTY DAMAGE ONLY,WASHOE,Sun Feb 15 00:00:00 PST 2015,Sun Dec 31 23:15:00 PST 1899,23:15:00,US395A,150,N,SOUTH HILLS DR,CLEAR,-9999,-9999,PDO,Null,NON-COLLISION,1,"SEDAN, 4 DOOR",N,29,3,GOING STRAIGHT,APPARENTLY NORMAL,Null,Null,Null,CATTLE,Null,Null,Null,Null,Null,Null,Null,Null,Null,Null,Null,Null,DRY,DARK - SPOT LIGHTING,NONE,NHP,2174608,Null,Null,Null,2015-02-16T07:15:00.000Z,{1A204D73-C830-437B-ACA1-92663534E5D2}
286470,297713.6684,4407191.702,39.79,-119.4,2015-02-22,CATTLE,PROPERTY DAMAGE ONLY,WASHOE,Sun Feb 22 00:00:00 PST 2015,Sun Dec 31 22:21:00 PST 1899,22:21:00,SR447,50,S,MILE MARKER 13,CLEAR,-9999,-9999,PDO,Null,NON-COLLISION,1,"SEDAN, 4 DOOR",S,-9999,-9999,GOING STRAIGHT,APPARENTLY NORMAL,Null,OBJECT AVOIDANCE,Null,Null,Null,Null,Null,Null,Null,Null,Null,Null,Null,Null,Null,Null,Null,Null,NONE,NHP,2174929,Null,Null,Null,2015-02-23T06:21:00.000Z,{296408B2-D3B2-4E9C-87AE-63F44E6E4D01}
286928,705132.9874,4277326.975,38.62,-114.6,2015-02-22,CATTLE,INJURY CRASH,LINCOLN,Sun Feb 22 00:00:00 PST 2015,Sun Dec 31 21:22:00 PST 1899,21:22:00,US93N,525,S,MILE MARKER 169,CLOUDY,-9999,2,Null,B,NON-COLLISION,1,"SEDAN, 4 DOOR",U,-9999,1,GOING STRAIGHT,Null,Null,Null,Null,CATTLE,Null,Null,Null,Null,Null,Null,Null,Null,Null,Null,Null,Null,DRY,DARK - NO LIGHTING,ANIMAL IN ROADWAY,NHP,2174930,Null,Null,Null,2015-02-23T05:22:00.000Z,{F23BDCDE-E8FB-4738-82A7-D0A2A92DEB95}
284988,264164.1282,4311305.593,38.92,-119.7,2015-01-04,DEER,PROPERTY DAMAGE ONLY,DOUGLAS,Sun Jan 04 00:00:00 PST 2015,Sun Dec 31 08:20:00 PST 1899,8:20:00,US395N,0,Null,VIRGINIA RANCH RD,CLOUDY,-9999,-9999,PDO,Null,NON-COLLISION,1,CARRY-ALL,S,-9999,-9999,GOING STRAIGHT,APPARENTLY NORMAL,Null,OBJECT AVOIDANCE,Null,Null,Null,Null,Null,Null,Null,Null,Null,Null,Null,Null,Null,Null,Null,Null,Null,DCSO,2152986,Null,Null,Null,2015-01-04T16:20:00.000Z,{FA77113E-10FB-4BE8-BFD6-9A6EF7AFE817}
286482,718676.5836,4553227.446,41.1,-114.4,2015-01-11,DEER,PROPERTY DAMAGE ONLY,ELKO,Sun Jan 11 00:00:00 PST 2015,Sun Dec 31 12:00:00 PST 1899,12:00:00,SR233,500,S,MILE MARKER 7,CLOUDY,-9999,-9999,PDO,Null,NON-COLLISION,1,"SEDAN, 4 DOOR",N,-9999,-9999,GOING STRAIGHT,APPARENTLY NORMAL,Null,UNKNOWN,Null,Null,Null,Null,Null,Null,Null,Null,Null,Null,Null,Null,Null,Null,Null,Null,Null,NHP,2172910,Null,Null,Null,2015-01-11T20:00:00.000Z,{5590B48F-8EE6-4534-AD1F-1CA89507A273}
286583,727112.6548,4198505.632,37.91,-114.4,2015-01-18,DEER,PROPERTY DAMAGE ONLY,LINCOLN,Sun Jan 18 00:00:00 PST 2015,Sun Dec 31 13:50:00 PST 1899,13:50:00,US93N,528,N,MILE MARKER 116,CLOUDY,-9999,-9999,PDO,Null,NON-COLLISION,1,MOTORIZED HOME,S,66,1,GOING STRAIGHT,APPARENTLY NORMAL,Null,Null,Null,DEER,Null,Null,Null,Null,Null,Null,Null,Null,Null,Null,Null,Null,DRY,DAYLIGHT,ANIMAL IN ROADWAY,NHP,2173270,Null,Null,Null,2015-01-18T21:50:00.000Z,{C825DC7B-32A0-4A28-A9B5-CEEC1C3C7A47}
286395,435723.7468,4618398.58,41.71,-117.8,2015-01-25,DEER,PROPERTY DAMAGE ONLY,HUMBOLDT,Sun Jan 25 00:00:00 PST 2015,Sun Dec 31 17:45:00 PST 1899,17:45:00,US95N,2112,S,MILE MARKER 54,CLEAR,-9999,-9999,PDO,Null,NON-COLLISION,1,"SEDAN, 4 DOOR",S,-9999,-9999,GOING STRAIGHT,APPARENTLY NORMAL,Null,OBJECT AVOIDANCE,Null,Null,Null,Null,Null,Null,Null,Null,Null,Null,Null,Null,Null,Null,Null,Null,Null,NHP,2173581,Null,Null,Null,2015-01-26T01:45:00.000Z,{5AE43555-F6B6-4F84-90AA-5B0973315635}
296877,307607.1591,4360838.55,39.38,-119.2,2015-07-05,HORSE,PROPERTY DAMAGE ONLY,LYON,Sun Jul 05 00:00:00 PDT 2015,Sun Dec 31 05:00:00 PST 1899,5:00:00,US95A,2112,N,MILE MARKER 41,CLEAR,-9999,-9999,PDO,Null,NON-COLLISION,1,UTILITY,N,-9999,-9999,GOING STRAIGHT,APPARENTLY NORMAL,Null,OBJECT AVOIDANCE,Null,Null,Null,Null,Null,Null,Null,Null,Null,Null,Null,Null,Null,Null,Null,Null,Null,NHP,2181407,Null,Null,Null,2015-07-05T12:00:00.000Z,{9CC515C4-7DC3-48D3-A949-9297163CEF92}
296174,601513.0348,4577854.068,41.35,-115.8,2015-07-05,DEER,PROPERTY DAMAGE ONLY,ELKO,Sun Jul 05 00:00:00 PDT 2015,Sun Dec 31 04:48:00 PST 1899,4:48:00,SR225,500,N,MILE MARKER 68,CLOUDY,-9999,-9999,PDO,Null,NON-COLLISION,1,CARRY-ALL,N,39,1,GOING STRAIGHT,APPARENTLY NORMAL,Null,Null,Null,DEER,Null,Null,Null,Null,Null,Null,Null,Null,Null,Null,Null,Null,DRY,DARK - NO LIGHTING,ANIMAL IN ROADWAY,NHP,2181410,Null,Null,Null,2015-07-05T11:48:00.000Z,{3037CBAB-4394-42EE-8492-C008A507A41E}
295747,700643.9429,4446820.566,40.15,-114.6,2015-07-12,DEER,PROPERTY DAMAGE ONLY,ELKO,Sun Jul 12 00:00:00 PDT 2015,Sun Dec 31 22:06:00 PST 1899,22:06:00,US93N,0,Null,MILE MARKER 2,CLEAR,-9999,-9999,PDO,Null,NON-COLLISION,1,CARRY-ALL,N,38,1,GOING STRAIGHT,APPARENTLY NORMAL,Null,Null,Null,DEER,Null,Null,Null,Null,Null,Null,Null,Null,Null,Null,Null,Null,DRY,DARK - NO LIGHTING,Null,NHP,2181788,Null,Null,Null,2015-07-13T05:06:00.000Z,{67244058-DFD5-478F-9918-993AD4AB30E3}
295265,347942.3556,4276456.724,38.62,-118.7,2015-07-19,DEER,PROPERTY DAMAGE ONLY,MINERAL,Sun Jul 19 00:00:00 PDT 2015,Sun Dec 31 05:08:00 PST 1899,5:08:00,US95N,25,N,MILE MARKER 60,CLEAR,-9999,-9999,PDO,Null,NON-COLLISION,1,"HARDTOP, 4 DOOR",N,-9999,-9999,GOING STRAIGHT,APPARENTLY NORMAL,Null,OBJECT AVOIDANCE,Null,Null,Null,Null,Null,Null,Null,Null,Null,Null,Null,Null,Null,Null,Null,Null,NONE,NHP,2182084,Null,Null,Null,2015-07-19T12:08:00.000Z,{A99655FD-2060-49C6-B7DB-9AFA9C4B1081}
297306,616799.5288,4510394.846,40.74,-115.6,2015-07-19,DEER,INJURY CRASH,ELKO,Sun Jul 19 00:00:00 PDT 2015,Sun Dec 31 04:20:00 PST 1899,4:20:00,SR227,1584,N,MILE MARKER 12,CLEAR,-9999,1,Null,B,NON-COLLISION,1,MOTORCYCLE,N,58,1,GOING STRAIGHT,APPARENTLY NORMAL,Null,RAN OFF ROAD: OBJECT AVOIDANCE,Null,DEER,Null,Null,Null,Null,Null,Null,Null,Null,Null,Null,Null,Null,DRY,DARK - NO LIGHTING,NONE,NHP,2182083,Null,Null,YES,2015-07-19T11:20:00.000Z,{D9A984AF-A8D9-4DF5-993B-27948AAB05E9}
299274,702271.9821,4441619.358,40.1,-114.6,2015-07-26,ELK,PROPERTY DAMAGE ONLY,WHITE PINE,Sun Jul 26 00:00:00 PDT 2015,Sun Dec 31 23:00:00 PST 1899,23:00:00,US93N,1584,N,MILE MARKER 115,CLEAR,-9999,-9999,PDO,Null,NON-COLLISION,1,"SEDAN, 4 DOOR",S,20,1,GOING STRAIGHT,APPARENTLY NORMAL,Null,Null,Null,ELK,Null,Null,Null,Null,Null,Null,Null,Null,Null,Null,Null,Null,DRY,DARK - NO LIGHTING,NONE,NHP,2182422,Null,Null,Null,2015-07-27T06:00:00.000Z,{B35B8CBA-0FA5-4A4F-B72D-7E7A3D86C1B1}
314388,257022.1507,4356352.526,39.32,-119.8,2015-07-26,DEER,PROPERTY DAMAGE ONLY,WASHOE,Sun Jul 26 00:00:00 PDT 2015,Sun Dec 31 00:00:00 PST 1899,0:00:00,CORRY CANYON WAY,1100,S,FRWA64,CLEAR,-9999,-9999,PDO,Null,NON-COLLISION,1,CARRY-ALL,N,-9999,-9999,GOING STRAIGHT,APPARENTLY NORMAL,Null,OBJECT AVOIDANCE,Null,Null,Null,Null,Null,Null,Null,Null,Null,Null,Null,Null,Null,Null,Null,Null,Null,NHP,2294083,Null,Null,Null,2015-07-26T07:00:00.000Z,{A8B39F4B-424A-4AF7-8CF3-32B9254BE038}
285830,358639.9268,4361808.863,39.39,-118.6,2015-07-26,COYOTE,PROPERTY DAMAGE ONLY,CHURCHILL,Sun Jul 26 00:00:00 PDT 2015,Sun Dec 31 22:51:00 PST 1899,22:51:00,US50,2,E,MACARI LN,CLEAR,-9999,-9999,PDO,Null,NON-COLLISION,1,"SEDAN, 4 DOOR",E,22,1,GOING STRAIGHT,APPARENTLY NORMAL,Null,OBJECT AVOIDANCE,Null,DOG/COYOTE,Null,Null,Null,Null,Null,Null,Null,Null,Null,Null,Null,Null,DRY,DARK - NO LIGHTING,ANIMAL IN ROADWAY,CHSO,2152733,Null,Null,Null,2015-07-27T05:51:00.000Z,{964792AE-89FA-41D5-BC44-B6FD8070243C}
294817,671688.8468,4306119.691,38.89,-115,2015-06-07,DEER,PROPERTY DAMAGE ONLY,WHITE PINE,Sun Jun 07 00:00:00 PDT 2015,Sun Dec 31 11:45:00 PST 1899,11:45:00,SR318,200,N,MILE MARKER 13,CLEAR,-9999,-9999,PDO,Null,NON-COLLISION,1,CARRY-ALL,S,-9999,-9999,GOING STRAIGHT,APPARENTLY NORMAL,Null,Null,Null,Null,Null,Null,Null,Null,Null,Null,Null,Null,Null,Null,Null,Null,Null,Null,NONE,NHP,2179941,Null,Null,Null,2015-06-07T18:45:00.000Z,{B83DE2FD-E41D-40C7-913C-0409463C392F}
349580,257560.3913,4345173.997,39.22,-119.8,2015-06-07,DEER,PROPERTY DAMAGE ONLY,WASHOE,Sun Jun 07 00:00:00 PDT 2015,Sun Dec 31 21:10:00 PST 1899,21:10:00,IR580N,100,N,MILE MARKER 1,CLEAR,-9999,-9999,PDO,Null,NON-COLLISION,1,"HATCHBACK, 4 DOOR",N,-9999,-9999,GOING STRAIGHT,APPARENTLY NORMAL,Null,UNKNOWN,Null,Null,Null,Null,Null,Null,Null,Null,Null,Null,Null,Null,Null,Null,Null,Null,Null,NHP,2291605,Null,Null,Null,2015-06-08T04:10:00.000Z,{B9A55D4E-594E-4CDD-B879-6B3E9A1325BA}
297105,577416.3869,4508632.151,40.72,-116.1,2015-06-14,UNKNOWN,PROPERTY DAMAGE ONLY,ELKO,Sun Jun 14 00:00:00 PDT 2015,Sun Dec 31 07:56:00 PST 1899,7:56:00,IR80W,100,E,MILE MARKER 4,CLEAR,-9999,-9999,PDO,Null,NON-COLLISION,1,PICKUP,W,-9999,-9999,GOING STRAIGHT,APPARENTLY NORMAL,Null,OBJECT AVOIDANCE,Null,Null,Null,Null,Null,Null,Null,Null,Null,Null,Null,Null,Null,Null,Null,Null,NONE,NHP,2180316,Null,Null,Null,2015-06-14T14:56:00.000Z,{588A3659-16BD-4D0B-8EE0-45889E0D8035}
397880,304637.3022,4363638.072,39.4,-119.3,2015-06-21,HORSE,PROPERTY DAMAGE ONLY,LYON,Sun Jun 21 00:00:00 PDT 2015,Sun Dec 31 21:50:00 PST 1899,21:50:00,US50,20,W,MILE MARKER 26.781,CLEAR,-9999,-9999,PDO,Null,NON-COLLISION,1,PICKUP,E,44,1,GOING STRAIGHT,APPARENTLY NORMAL,Null,Null,Null,HORSE,Null,Null,Null,Null,Null,Null,Null,Null,Null,Null,Null,Null,DRY,DARK - NO LIGHTING,ANIMAL IN ROADWAY,LYSO,2247252,Null,Null,Null,2015-06-22T04:50:00.000Z,{C8C64371-DF41-4FA1-992F-00EF7A245AB3}
285908,245452.4021,4329511.063,39.08,-119.9,2015-06-28,DEER,PROPERTY DAMAGE ONLY,DOUGLAS,Sun Jun 28 00:00:00 PDT 2015,Sun Dec 31 23:16:00 PST 1899,23:16:00,US50,528,S,YAN RD,CLEAR,-9999,-9999,PDO,Null,HEAD-ON,2,"HATCHBACK, 4 DOOR",W,-9999,-9999,UNKNOWN,Null,Null,UNKNOWN,Null,Null,"SEDAN, 4 DOOR",E,Null,Null,UNKNOWN,Null,Null,UNKNOWN,Null,Null,Null,Null,Null,Null,Null,DCSO,2153114,Null,Null,Null,2015-06-29T06:16:00.000Z,{D6D6CB72-499C-41D5-9085-EB0FD76A9054}
295291,248307.1685,4331651.079,39.1,-119.9,2015-06-28,DEER,PROPERTY DAMAGE ONLY,DOUGLAS,Sun Jun 28 00:00:00 PDT 2015,Sun Dec 31 20:54:00 PST 1899,20:54:00,US50,528,E,MILE MARKER 12,CLOUDY,-9999,-9999,PDO,Null,NON-COLLISION,1,VAN,W,-9999,-9999,GOING STRAIGHT,APPARENTLY NORMAL,Null,Null,Null,Null,Null,Null,Null,Null,Null,Null,Null,Null,Null,Null,Null,Null,Null,Null,Null,NHP,2181064,Null,Null,Null,2015-06-29T03:54:00.000Z,{45B8B41A-EB51-454B-A1CD-A4CB68C22BCF}
298624,597413.1979,4597861.653,41.53,-115.8,2015-06-28,DEER,PROPERTY DAMAGE ONLY,ELKO,Sun Jun 28 00:00:00 PDT 2015,Sun Dec 31 06:15:00 PST 1899,6:15:00,SR225,500,N,MILE MARKER 81,CLEAR,-9999,-9999,PDO,Null,NON-COLLISION,1,PICKUP,N,-9999,-9999,GOING STRAIGHT,APPARENTLY NORMAL,Null,Null,Null,Null,Null,Null,Null,Null,Null,Null,Null,Null,Null,Null,Null,Null,Null,Null,NONE,NHP,2181042,Null,Null,Null,2015-06-28T13:15:00.000Z,{2A814198-2D01-45E6-80C8-78BE8A3468C2}
299521,242214.9038,4376137.681,39.5,-120,2015-06-28,BEAR,INJURY CRASH,WASHOE,Sun Jun 28 00:00:00 PDT 2015,Sun Dec 31 09:20:00 PST 1899,9:20:00,IR80W,500,W,MILE MARKER 2,CLEAR,-9999,1,Null,B,REAR-END,2,UTILITY,W,35,1,GOING STRAIGHT,APPARENTLY NORMAL,Null,OTHER IMPROPER DRIVING,Null,SLOW/STOPPED VEHICLE,UTILITY,W,28,1,STOPPED,APPARENTLY NORMAL,Null,OBJECT AVOIDANCE,Null,BEAR,Null,Null,DRY,DAYLIGHT,ANIMAL IN ROADWAY,NHP,2181040,Null,Null,Null,2015-06-28T16:20:00.000Z,{9729B66C-7088-4C41-9886-8361B38FEA80}
316740,639594.4969,3996000.259,36.1,-115.4,2015-03-15,BURRO,INJURY CRASH,CLARK,Sun Mar 15 00:00:00 PDT 2015,Sun Dec 31 23:14:00 PST 1899,23:14:00,SR159,2640,S,MILE MARKER 8,CLEAR,-9999,1,Null,C,NON-COLLISION,1,"SEDAN, 4 DOOR",N,51,-9999,GOING STRAIGHT,HAD BEEN DRINKING,Null,RAN OFF ROAD: OBJECT AVOIDANCE,Null,"RAN OFF ROAD RIGHT: OTHER POST, POLE OR SUPPORT: OVERTURN/ROLLOVER",Null,Null,Null,Null,Null,Null,Null,Null,Null,Null,Null,Null,DRY,DARK - NO LIGHTING,ANIMAL IN ROADWAY,NHP,2287566,Null,Null,Null,2015-03-16T06:14:00.000Z,{3FBFF530-711F-4DA6-9B1E-2697D5141804}