OBJECTID,X,Y,Latitude,Longitude,Date,AnimalType,Crash_Seve,County,Crash_Date_Original,Crash_Time_Original,Crash_Time,Primary_St,Distance,Dir,Secondary_,Weather,Fatalities,Injured,Property_D,Injury_Typ,Crash_Type,Total_Vehi,V1_Type,V1_Dir,V1_Driver_,V1_Lane_Nu,V1_Action,V1_Driver1,V1_Drive_1,V1_Vehicle,V1_Most_Ha,V1_All_Eve,V2_Type,V2_Dir,V2_Driver_,V2_Lane_Nu,V2_Action,V2_Driver1,V2_Drive_1,V2_Vehicle,V2_Most_Ha,V2_All_Eve,First_Harm,Nonmotoris,Factors_Ro,Lighting,HWY_Factor,Agency,Accident_R,Pedalcycli,Pedestrian,Motorcycli,CrashDateT,GlobalID
297275,670398.9521,4498302.873,40.62,-115,2015-03-22,DEER,PROPERTY DAMAGE ONLY,ELKO,Sun Mar 22 00:00:00 PDT 2015,Sun Dec 31 15:40:00 PST 1899,15:40:00,US93N,2640,N,MILE MARKER 39,CLOUDY,-9999,-9999,PDO,Null,NON-COLLISION,1,MOTORIZED HOME,N,-9999,-9999,GOING STRAIGHT,APPARENTLY NORMAL,Null,OBJECT AVOIDANCE,Null,Null,Null,Null,Null,Null,Null,Null,Null,Null,Null,Null,Null,Null,Null,Null,Null,NHP,2176234,Null,Null,Null,2015-03-22T22:40:00.000Z,{26862368-A0C1-4482-9DF1-60195EBE379E}
285212,295971.2557,4359812.371,39.36,-119.4,2015-03-29,HORSE,PROPERTY DAMAGE ONLY,LYON,Sun Mar 29 00:00:00 PDT 2015,Sun Dec 31 23:12:00 PST 1899,23:12:00,US50,500,W,MILE MARKER 21,CLEAR,-9999,-9999,PDO,Null,NON-COLLISION,1,"SEDAN, 4 DOOR",W,-9999,-9999,GOING STRAIGHT,APPARENTLY NORMAL,Null,Null,Null,Null,Null,Null,Null,Null,Null,Null,Null,Null,Null,Null,Null,Null,Null,Null,Null,LYSO,2155371,Null,Null,Null,2015-03-30T06:12:00.000Z,{9D7B2AB2-2AE2-4ED6-BCF1-14FA387EA2E4}
296156,670079.9511,3931743.422,35.51,-115.1,2015-03-29,DEER,PROPERTY DAMAGE ONLY,CLARK,Sun Mar 29 00:00:00 PDT 2015,Sun Dec 31 23:22:00 PST 1899,23:22:00,SR164,2500,E,MILE MARKER 6,CLEAR,-9999,-9999,PDO,Null,NON-COLLISION,1,SEDAN,E,21,1,GOING STRAIGHT,APPARENTLY NORMAL,Null,UNKNOWN,Null,DEER,Null,Null,Null,Null,Null,Null,Null,Null,Null,Null,Null,Null,DRY,DARK - NO LIGHTING,NONE,NHP,2176556,Null,Null,Null,2015-03-30T06:22:00.000Z,{9E85BF09-0421-43DC-A619-D477285220C1}
295259,608833.0404,4516899.334,40.8,-115.7,2015-05-03,DEER,PROPERTY DAMAGE ONLY,ELKO,Sun May 03 00:00:00 PDT 2015,Sun Dec 31 23:20:00 PST 1899,23:20:00,SR227,50,N,TOWER RD,CLEAR,-9999,-9999,PDO,Null,NON-COLLISION,1,"HARDTOP, 2 DOOR",S,-9999,-9999,GOING STRAIGHT,APPARENTLY NORMAL,Null,OBJECT AVOIDANCE,Null,Null,Null,Null,Null,Null,Null,Null,Null,Null,Null,Null,Null,Null,Null,Null,Null,NHP,2178321,Null,Null,Null,2015-05-04T06:20:00.000Z,{3E071D91-C150-4A15-8358-5EBAFD006B90}
282133,311197.5502,4323580.614,39.04,-119.2,2015-05-03,CATTLE,PROPERTY DAMAGE ONLY,LYON,Sun May 03 00:00:00 PDT 2015,Sun Dec 31 01:35:00 PST 1899,1:35:00,US95A,0,Null,SILVERADO RD,CLEAR,-9999,-9999,PDO,Null,NON-COLLISION,1,PICKUP,S,-9999,-9999,GOING STRAIGHT,APPARENTLY NORMAL,Null,Null,Null,Null,Null,Null,Null,Null,Null,Null,Null,Null,Null,Null,Null,Null,Null,Null,NONE,LYSO,2247236,Null,Null,Null,2015-05-03T08:35:00.000Z,{14358903-7320-47C6-8F3C-43C1310FA66F}
295474,665213.9391,4362033.855,39.39,-115.1,2015-05-17,ELK,PROPERTY DAMAGE ONLY,WHITE PINE,Sun May 17 00:00:00 PDT 2015,Sun Dec 31 20:53:00 PST 1899,20:53:00,US50,1500,W,MILE MARKER 52,CLEAR,-9999,-9999,PDO,Null,NON-COLLISION,1,CARRY-ALL,E,-9999,-9999,GOING STRAIGHT,APPARENTLY NORMAL,Null,Null,Null,Null,Null,Null,Null,Null,Null,Null,Null,Null,Null,Null,Null,Null,Null,Null,Null,NHP,2178973,Null,Null,Null,2015-05-18T03:53:00.000Z,{51662F98-D8D3-4A4F-B3BF-8B886C0EFCF3}
297015,502073.1352,4211607.287,38.05,-117,2015-05-17,CATTLE,PROPERTY DAMAGE ONLY,NYE,Sun May 17 00:00:00 PDT 2015,Sun Dec 31 21:00:00 PST 1899,21:00:00,ARNY44,8,S,MILE MARKER 17,UNKNOWN,-9999,-9999,PDO,Null,NON-COLLISION,1,PICKUP,S,27,1,GOING STRAIGHT,Null,Null,UNKNOWN,Null,CATTLE,Null,Null,Null,Null,Null,Null,Null,Null,Null,Null,Null,Null,DRY,DARK - CONTINUOUS LIGHTING,ANIMAL IN ROADWAY,NHP,2179046,Null,Null,Null,2015-05-18T04:00:00.000Z,{98C7EB7A-226F-49A7-A37E-E497991688B7}
297598,656930.5341,4014437.736,36.26,-115.3,2015-05-24,UNKNOWN,PROPERTY DAMAGE ONLY,CLARK,Sun May 24 00:00:00 PDT 2015,Sun Dec 31 08:53:00 PST 1899,8:53:00,US95S,500,S,MILE MARKER 86.76,CLEAR,-9999,-9999,PDO,Null,NON-COLLISION,1,CARRY-ALL,S,57,3,GOING STRAIGHT,APPARENTLY NORMAL,Null,Null,Null,OTHER ANIMAL,Null,Null,Null,Null,Null,Null,Null,Null,Null,Null,Null,Null,WET,DAYLIGHT,ANIMAL IN ROADWAY,NHP,2179383,Null,Null,Null,2015-05-24T15:53:00.000Z,{65847924-FAC6-40BB-8B19-4CC5C56F4EFC}
283905,307069.9421,4358007.115,39.35,-119.2,2015-05-24,DOG/COYOTE,PROPERTY DAMAGE ONLY,LYON,Sun May 24 00:00:00 PDT 2015,Sun Dec 31 14:30:00 PST 1899,14:30:00,US95A,1351,N,JACARANDA AVE,CLEAR,-9999,-9999,PDO,Null,NON-COLLISION,1,CARRY-ALL,N,35,1,GOING STRAIGHT,APPARENTLY NORMAL,Null,Null,Null,DOG/COYOTE,Null,Null,Null,Null,Null,Null,Null,Null,Null,Null,Null,Null,DRY,DAYLIGHT,NONE,LYSO,2247242,Null,Null,Null,2015-05-24T21:30:00.000Z,{E50FE600-011F-40AC-9E96-5797AE286DEE}
299352,592610.4832,4365733.693,39.44,-115.9,2015-05-31,ELK,PROPERTY DAMAGE ONLY,EUREKA,Sun May 31 00:00:00 PDT 2015,Sun Dec 31 22:40:00 PST 1899,22:40:00,US50,0,Null,MILE MARKER 43,CLEAR,-9999,-9999,PDO,Null,NON-COLLISION,1,PICKUP,E,24,1,GOING STRAIGHT,APPARENTLY NORMAL,Null,OBJECT AVOIDANCE,Null,ELK,Null,Null,Null,Null,Null,Null,Null,Null,Null,Null,Null,Null,DRY,DARK - NO LIGHTING,NONE,NHP,2179639,Null,Null,Null,2015-06-01T05:40:00.000Z,{05EFD013-53F8-478A-8A05-CD39CAC2F261}
296378,607538.4177,4519620.593,40.82,-115.7,2015-05-31,DEER,PROPERTY DAMAGE ONLY,ELKO,Sun May 31 00:00:00 PDT 2015,Sun Dec 31 03:40:00 PST 1899,3:40:00,SR227,50,S,MILE MARKER 3,CLEAR,-9999,-9999,PDO,Null,NON-COLLISION,1,PICKUP,N,-9999,-9999,GOING STRAIGHT,APPARENTLY NORMAL,Null,Null,Null,Null,Null,Null,Null,Null,Null,Null,Null,Null,Null,Null,Null,Null,Null,Null,NONE,NHP,2179612,Null,Null,Null,2015-05-31T10:40:00.000Z,{211F142C-15CD-4A91-A518-E6F7628052C2}
404894,580725.1077,4395663.162,39.71,-116.1,2015-05-31,DEER,PROPERTY DAMAGE ONLY,EUREKA,Sun May 31 00:00:00 PDT 2015,Sun Dec 31 22:00:00 PST 1899,22:00:00,SR278,10560,N,9TH STREET,CLEAR,-9999,-9999,PDO,Null,NON-COLLISION,1,"SEDAN, 4 DOOR",N,-9999,-9999,GOING STRAIGHT,APPARENTLY NORMAL,Null,UNKNOWN,Null,DEER,Null,Null,Null,Null,Null,Null,Null,Null,Null,Null,Null,Null,Null,Null,Null,EUSO,2388019,Null,Null,Null,2015-06-01T05:00:00.000Z,{8DC7D8F4-70AF-4844-A35E-6B37D49CCF3A}
413098,662400.4022,4174970.546,37.71,-115.2,2015-05-31,DEER,PROPERTY DAMAGE ONLY,LINCOLN,Sun May 31 00:00:00 PDT 2015,Sun Dec 31 21:50:00 PST 1899,21:50:00,SR318,1584,N,MILE MARKER 14,CLEAR,-9999,-9999,PDO,Null,NON-COLLISION,1,COUPE,S,24,1,GOING STRAIGHT,APPARENTLY NORMAL,Null,Null,Null,DEER,Null,Null,Null,Null,Null,Null,Null,Null,Null,Null,Null,Null,DRY,DARK - NO LIGHTING,ANIMAL IN ROADWAY,NHP,2179637,Null,Null,Null,2015-06-01T04:50:00.000Z,{F59F5955-FA94-435A-AA29-86909DB7994A}
315935,489806.4501,4404418.125,39.79,-117.1,2015-11-01,DEER,PROPERTY DAMAGE ONLY,LANDER,Sun Nov 01 00:00:00 PDT 2015,Sun Dec 31 08:15:00 PST 1899,8:15:00,SR305,1154,S,MILE MARKER 53,CLOUDY,-9999,-9999,PDO,Null,NON-COLLISION,1,PICKUP,N,53,1,GOING STRAIGHT,APPARENTLY NORMAL,Null,Null,Null,Null,Null,Null,Null,Null,Null,Null,Null,Null,Null,Null,DEER,Null,DRY,DAYLIGHT,ANIMAL IN ROADWAY,NHP,2211545,Null,Null,Null,2015-11-01T16:15:00.000Z,{A4D31FF4-F8B9-47F3-904D-28AA692962AC}
315942,587082.0722,4508473.511,40.72,-116,2015-11-01,DEER,INJURY CRASH,ELKO,Sun Nov 01 00:00:00 PDT 2015,Sun Dec 31 17:37:00 PST 1899,17:37:00,IR80E,2640,W,MILE MARKER 11,RAIN,-9999,1,Null,C,NON-COLLISION,1,CARRY-ALL,E,27,2,GOING STRAIGHT,APPARENTLY NORMAL,Null,Null,Null,DEER,Null,Null,Null,Null,Null,Null,Null,Null,Null,Null,Null,Null,DRY,DARK - NO LIGHTING,WEATHER,NHP,2211560,Null,Null,Null,2015-11-02T01:37:00.000Z,{C51EC78F-25BB-45BA-A56C-FA163B9D5FBD}
316094,706648.8144,4549427.267,41.07,-114.5,2015-11-08,DEER,PROPERTY DAMAGE ONLY,ELKO,Sun Nov 08 00:00:00 PST 2015,Sun Dec 31 17:31:00 PST 1899,17:31:00,IR80W,5280,E,MILE MARKER 96,CLEAR,-9999,-9999,PDO,Null,NON-COLLISION,1,PICKUP,W,47,2,GOING STRAIGHT,APPARENTLY NORMAL,Null,OBJECT AVOIDANCE,Null,DEER,Null,Null,Null,Null,Null,Null,Null,Null,Null,Null,Null,Null,DRY,DARK - NO LIGHTING,Null,NHP,2211944,Null,Null,Null,2015-11-09T01:31:00.000Z,{8AA20EAC-3D54-443E-A9A7-B46FE28C091A}
316096,663572.6617,4552762.959,41.11,-115.1,2015-11-08,DEER,INJURY CRASH,ELKO,Sun Nov 08 00:00:00 PST 2015,Sun Dec 31 18:40:00 PST 1899,18:40:00,IR80E,53,E,MILE MARKER 69,CLOUDY,-9999,1,Null,C,NON-COLLISION,1,"HATCHBACK, 4 DOOR",E,75,1,GOING STRAIGHT,APPARENTLY NORMAL,Null,OBJECT AVOIDANCE,Null,DEER,Null,Null,Null,Null,Null,Null,Null,Null,Null,Null,Null,Null,DRY,DARK - NO LIGHTING,ANIMAL IN ROADWAY,NHP,2211946,Null,Null,Null,2015-11-09T02:40:00.000Z,{D6C7C1D2-FBF4-46D1-AE9E-B3C18DC43087}
316097,260626.4605,4359291.522,39.35,-119.8,2015-11-08,DEER,PROPERTY DAMAGE ONLY,WASHOE,Sun Nov 08 00:00:00 PST 2015,Sun Dec 31 19:40:00 PST 1899,19:40:00,US395A,1056,N,RAWHIDE DR,CLOUDY,-9999,-9999,PDO,Null,NON-COLLISION,1,CARRY-ALL,N,34,1,GOING STRAIGHT,APPARENTLY NORMAL,Null,Null,Null,DEER,Null,Null,Null,Null,Null,Null,Null,Null,Null,Null,Null,Null,DRY,DARK - NO LIGHTING,ANIMAL IN ROADWAY,NHP,2211947,Null,Null,Null,2015-11-09T03:40:00.000Z,{F55B8F80-7F50-41FF-85BB-4B91DBAD1014}
413135,662652.8875,4175232.775,37.71,-115.2,2015-11-08,DEER,PROPERTY DAMAGE ONLY,LINCOLN,Sun Nov 08 00:00:00 PST 2015,Sun Dec 31 18:05:00 PST 1899,18:05:00,SR318,2500,S,MILE MARKER 15,CLEAR,-9999,-9999,PDO,Null,NON-COLLISION,1,PICKUP,S,66,1,GOING STRAIGHT,APPARENTLY NORMAL,Null,Null,Null,DEER,Null,Null,Null,Null,Null,Null,Null,Null,Null,Null,Null,Null,DRY,DARK - NO LIGHTING,ANIMAL IN ROADWAY,NHP,2211943,Null,Null,Null,2015-11-09T02:05:00.000Z,{195A4811-ED60-4D70-8654-FC4FDD162C2C}
404896,590703.8789,4369521.851,39.47,-115.9,2015-11-22,DEER,PROPERTY DAMAGE ONLY,EUREKA,Sun Nov 22 00:00:00 PST 2015,Sun Dec 31 16:00:00 PST 1899,16:00:00,US50,5280,N,MILE MARKER 41.32,CLEAR,-9999,-9999,PDO,Null,NON-COLLISION,1,"SEDAN, 4 DOOR",N,-9999,-9999,GOING STRAIGHT,"FELL ASLEEP, FAINTED, FATIGUED, ETC.",Null,OBJECT AVOIDANCE,Null,DEER,Null,Null,Null,Null,Null,Null,Null,Null,Null,Null,Null,Null,Null,Null,Null,EUSO,2388024,Null,Null,Null,2015-11-23T00:00:00.000Z,{E3B1FB7A-2098-4C17-ABE0-A4F9E7ABFBD9}
318104,709259.8784,4243711.312,38.32,-114.6,2015-11-29,HORSE,PROPERTY DAMAGE ONLY,LINCOLN,Sun Nov 29 00:00:00 PST 2015,Sun Dec 31 19:45:00 PST 1899,19:45:00,US93N,1562,S,MILE MARKER 148,CLOUDY,-9999,-9999,PDO,Null,NON-COLLISION,1,"SEDAN, 4 DOOR",S,36,1,GOING STRAIGHT,APPARENTLY NORMAL,Null,FAILURE TO KEEP IN PROPER LANE OR RUNNING OFF ROAD: UNSAFE LANE CHANGE,Null,HORSE,Null,Null,Null,Null,Null,Null,Null,Null,Null,Null,Null,Null,DRY,DARK - NO LIGHTING,ANIMAL IN ROADWAY,NHP,2213162,Null,Null,Null,2015-11-30T03:45:00.000Z,{8E5A4A85-2D82-4902-862F-07D06DE82175}
382505,259481.9716,4333292.699,39.12,-119.8,2015-11-29,DEER,PROPERTY DAMAGE ONLY,CARSON CITY,Sun Nov 29 00:00:00 PST 2015,Sun Dec 31 04:41:00 PST 1899,4:41:00,US50,300,W,MILE MARKER 7,CLEAR,-9999,-9999,PDO,Null,NON-COLLISION,1,UTILITY,W,55,2,GOING STRAIGHT,APPARENTLY NORMAL,Null,Null,Null,DEER,Null,Null,Null,Null,Null,Null,Null,Null,Null,Null,Null,Null,DRY,DARK - NO LIGHTING,Null,NHP,2213131,Null,Null,Null,2015-11-29T12:41:00.000Z,{C5A67FA2-6D9B-4864-B5DB-C6B93EF2D112}
303322,650006.9352,4509332.415,40.72,-115.2,2015-10-04,DEER,PROPERTY DAMAGE ONLY,ELKO,Sun Oct 04 00:00:00 PDT 2015,Sun Dec 31 16:00:00 PST 1899,16:00:00,SR229,2640,N,MILE MARKER 29,CLEAR,-9999,-9999,PDO,Null,NON-COLLISION,1,PICKUP,N,61,1,GOING STRAIGHT,APPARENTLY NORMAL,Null,Null,Null,DEER,Null,Null,Null,Null,Null,Null,Null,Null,Null,Null,Null,Null,DRY,DAYLIGHT,NONE,NHP,2199038,Null,Null,Null,2015-10-04T23:00:00.000Z,{8709153E-BF29-4C71-855F-83F2D69B6D15}
303343,301229.7083,4297296.712,38.8,-119.3,2015-10-04,DEER,PROPERTY DAMAGE ONLY,LYON,Sun Oct 04 00:00:00 PDT 2015,Sun Dec 31 20:24:00 PST 1899,20:24:00,SR208,0,Null,MILE MARKER 9,CLEAR,-9999,-9999,PDO,Null,NON-COLLISION,1,CARRY-ALL,E,67,1,GOING STRAIGHT,APPARENTLY NORMAL,Null,Null,Null,DEER,Null,Null,Null,Null,Null,Null,Null,Null,Null,Null,Null,Null,DRY,DARK - NO LIGHTING,UNKNOWN,NHP,2199088,Null,Null,Null,2015-10-05T03:24:00.000Z,{41CD02E8-991A-4D4F-8D4F-921F04494771}
303440,261303.1524,4360125.797,39.36,-119.8,2015-10-11,CATTLE,INJURY CRASH,WASHOE,Sun Oct 11 00:00:00 PDT 2015,Sun Dec 31 19:09:00 PST 1899,19:09:00,US395A,500,S,PLEASANT VALLEY DR,CLEAR,-9999,3,Null,B,NON-COLLISION,1,"SEDAN, 2 DOOR",N,30,2,GOING STRAIGHT,APPARENTLY NORMAL,Null,Null,Null,CATTLE,Null,Null,Null,Null,Null,Null,Null,Null,Null,Null,Null,Null,DRY,DARK - NO LIGHTING,NONE,NHP,2297771,Null,Null,Null,2015-10-12T02:09:00.000Z,{1759445F-30DB-4E23-A52F-145368AE7151}
307229,261295.9862,4360121.149,39.36,-119.8,2015-10-11,CATTLE,PROPERTY DAMAGE ONLY,WASHOE,Sun Oct 11 00:00:00 PDT 2015,Sun Dec 31 19:05:00 PST 1899,19:05:00,US395A,528,S,PLEASANT VALLEY DR,CLEAR,-9999,-9999,PDO,Null,NON-COLLISION,1,CARRY-ALL,N,51,2,GOING STRAIGHT,APPARENTLY NORMAL,Null,Null,Null,CATTLE,Null,Null,Null,Null,Null,Null,Null,Null,Null,Null,Null,Null,DRY,DARK - NO LIGHTING,ANIMAL IN ROADWAY,NHP,2210607,Null,Null,Null,2015-10-12T02:05:00.000Z,{73F05AAC-EA28-4FFC-A78F-4108F92FB468}
315704,283263.9823,4353535.115,39.3,-119.5,2015-10-18,DOG/COYOTE,PROPERTY DAMAGE ONLY,LYON,Sun Oct 18 00:00:00 PDT 2015,Sun Dec 31 20:30:00 PST 1899,20:30:00,US50,2640,E,SIX MILE CANYON RD,CLOUDY: RAIN,-9999,-9999,PDO,Null,NON-COLLISION,1,"SEDAN, 2 DOOR",E,55,1,GOING STRAIGHT,APPARENTLY NORMAL,Null,Null,Null,DOG/COYOTE,Null,Null,Null,Null,Null,Null,Null,Null,Null,Null,Null,Null,DRY,DARK - NO LIGHTING,ANIMAL IN ROADWAY,NHP,2210915,Null,Null,Null,2015-10-19T03:30:00.000Z,{39375702-2DBC-4819-94F4-22C654AF6A04}
315697,703409.2374,4550243.724,41.08,-114.6,2015-10-18,DEER,PROPERTY DAMAGE ONLY,ELKO,Sun Oct 18 00:00:00 PDT 2015,Sun Dec 31 09:45:00 PST 1899,9:45:00,IR80W,500,W,MILE MARKER 95,CLOUDY,-9999,-9999,PDO,Null,ANGLE,2,SEMI,W,64,1,GOING STRAIGHT,APPARENTLY NORMAL,Null,OBJECT AVOIDANCE,Null,DEER,SEMI,W,33,1,GOING STRAIGHT,APPARENTLY NORMAL,Null,OBJECT AVOIDANCE,Null,SLOW/STOPPED VEHICLE,Null,Null,DRY,DAYLIGHT,ANIMAL IN ROADWAY,NHP,2210889,Null,Null,Null,2015-10-18T16:45:00.000Z,{8AC214DC-1E27-45B9-9400-5C8A97184FB4}
315813,586250.9087,4628647.269,41.81,-116,2015-10-25,UNKNOWN,INJURY CRASH,ELKO,Sun Oct 25 00:00:00 PDT 2015,Sun Dec 31 06:00:00 PST 1899,6:00:00,SR225,528,N,MILE MARKER 108,CLOUDY,-9999,1,Null,B,NON-COLLISION,1,PICKUP,S,27,-9999,TURNING LEFT,HAD BEEN DRINKING,Null,FAILURE TO KEEP IN PROPER LANE OR RUNNING OFF ROAD: UNSAFE LANE CHANGE,Null,RAN OFF ROAD RIGHT,Null,Null,Null,Null,Null,Null,Null,Null,Null,Null,Null,Null,DRY,DARK - NO LIGHTING,NONE,NHP,2211203,Null,Null,Null,2015-10-25T13:00:00.000Z,{9E971B90-BBC0-451F-8E3B-ED2939FBF6C4}
315824,669829.0093,4308641.866,38.91,-115,2015-10-25,DEER,PROPERTY DAMAGE ONLY,WHITE PINE,Sun Oct 25 00:00:00 PDT 2015,Sun Dec 31 18:10:00 PST 1899,18:10:00,SR318,0,Null,MILE MARKER 15,CLEAR,-9999,-9999,PDO,Null,NON-COLLISION,1,MOTORCYCLE,N,29,-9999,GOING STRAIGHT,APPARENTLY NORMAL,Null,Null,Null,DEER: OVERTURN/ROLLOVER,Null,Null,Null,Null,Null,Null,Null,Null,Null,Null,Null,Null,DRY,DARK - NO LIGHTING,ANIMAL IN ROADWAY,NHP,2211218,Null,Null,YES,2015-10-26T01:10:00.000Z,{13BEF12E-70B1-470E-87D4-BDAEF4903D76}
315827,583285.2491,4048490.332,36.58,-116.1,2015-10-25,BURRO,PROPERTY DAMAGE ONLY,NYE,Sun Oct 25 00:00:00 PDT 2015,Sun Dec 31 20:24:00 PST 1899,20:24:00,US95N,3700,N,MILE MARKER 11,CLOUDY,-9999,-9999,PDO,Null,NON-COLLISION,1,PICKUP,S,34,1,GOING STRAIGHT,APPARENTLY NORMAL,Null,Null,Null,BURRO,Null,Null,Null,Null,Null,Null,Null,Null,Null,Null,Null,Null,DRY,DARK - NO LIGHTING,ANIMAL IN ROADWAY,NHP,2211226,Null,Null,Null,2015-10-26T03:24:00.000Z,{B8B0CD07-2AF0-4F6E-A8FC-A15BF2FD5468}
314522,649132.1818,4298155.153,38.82,-115.3,2015-09-06,DEER,PROPERTY DAMAGE ONLY,NYE,Sun Sep 06 00:00:00 PDT 2015,Sun Dec 31 16:29:00 PST 1899,16:29:00,US6,1677,W,MILE MARKER 131,CLEAR,-9999,-9999,PDO,Null,NON-COLLISION,1,CARRY-ALL,W,38,-9999,GOING STRAIGHT,APPARENTLY NORMAL,Null,OVER-CORRECTING/OVER-STEERING: RAN OFF ROAD: OBJECT AVOIDANCE,Null,"RAN OFF ROAD RIGHT: OTHER POST, POLE OR SUPPORT: OVERTURN/ROLLOVER: FIRE/EXPLOSION",Null,Null,Null,Null,Null,Null,Null,Null,Null,Null,Null,Null,DRY,DAYLIGHT,ANIMAL IN ROADWAY,NHP,2296164,Null,Null,Null,2015-09-06T23:29:00.000Z,{BED0EF2D-8FF6-462F-A777-937C2C7CAC1C}
315286,265985.9906,4363654.839,39.39,-119.7,2015-09-06,DEER,PROPERTY DAMAGE ONLY,WASHOE,Sun Sep 06 00:00:00 PDT 2015,Sun Dec 31 20:53:00 PST 1899,20:53:00,SR341,400,E,RIM ROCK DR,CLEAR,-9999,-9999,PDO,Null,NON-COLLISION,1,"SEDAN, 4 DOOR",E,22,1,GOING STRAIGHT,APPARENTLY NORMAL,Null,OBJECT AVOIDANCE,Null,DEER,Null,Null,Null,Null,Null,Null,Null,Null,Null,Null,Null,Null,DRY,DARK - NO LIGHTING,ANIMAL IN ROADWAY,NHP,2296170,Null,Null,Null,2015-09-07T03:53:00.000Z,{200CBECD-F76C-4B36-BA05-2D7B85598CE0}
302755,434513.055,4602275.66,41.57,-117.8,2015-09-13,DEER,PROPERTY DAMAGE ONLY,HUMBOLDT,Sun Sep 13 00:00:00 PDT 2015,Sun Dec 31 20:55:00 PST 1899,20:55:00,US95N,2700,N,MILE MARKER 43,CLEAR,-9999,-9999,PDO,Null,NON-COLLISION,1,"SEDAN, 4 DOOR",S,28,1,GOING STRAIGHT,APPARENTLY NORMAL,Null,OBJECT AVOIDANCE,Null,DEER,Null,Null,Null,Null,Null,Null,Null,Null,Null,Null,Null,Null,DRY,DARK - NO LIGHTING,ANIMAL IN ROADWAY,NHP,2197989,Null,Null,Null,2015-09-14T03:55:00.000Z,{8E893B52-4A37-4496-B6F0-345DAD401C29}
302376,248435.0172,4354467.615,39.3,-119.9,2015-09-20,DEER,PROPERTY DAMAGE ONLY,WASHOE,Sun Sep 20 00:00:00 PDT 2015,Sun Dec 31 21:11:00 PST 1899,21:11:00,SR431,800,W,MILE MARKER 7,CLEAR,-9999,-9999,PDO,Null,NON-COLLISION,1,"SEDAN, 4 DOOR",E,49,1,GOING STRAIGHT,APPARENTLY NORMAL,Null,Null,Null,DEER,Null,Null,Null,Null,Null,Null,Null,Null,Null,Null,Null,Null,DRY,DARK - NO LIGHTING,NONE,NHP,2198326,Null,Null,Null,2015-09-21T04:11:00.000Z,{2B4127A7-B3D3-4EB9-9217-02277379BFC3}
315164,708560.2859,4164445.781,37.6,-114.6,2015-09-27,HORSE,PROPERTY DAMAGE ONLY,LINCOLN,Sun Sep 27 00:00:00 PDT 2015,Sun Dec 31 16:02:00 PST 1899,16:02:00,US93N,0,Null,MILE MARKER 86,CLOUDY,-9999,-9999,PDO,Null,NON-COLLISION,1,PICKUP,N,33,1,GOING STRAIGHT,APPARENTLY NORMAL,Null,Null,Null,HORSE,Null,Null,Null,Null,Null,Null,Null,Null,Null,Null,Null,Null,DRY,DAYLIGHT,ANIMAL IN ROADWAY,NHP,2297135,Null,Null,Null,2015-09-27T23:02:00.000Z,{260BCAAE-D149-4D10-BAD4-46196AC42BEB}
413094,753577.9639,4179838.318,37.73,-114.1,2015-04-02,DEER,PROPERTY DAMAGE ONLY,LINCOLN,Thu Apr 02 00:00:00 PDT 2015,Sun Dec 31 07:19:00 PST 1899,7:19:00,SR319,0,Null,MILE MARKER 67,CLEAR,-9999,-9999,PDO,Null,NON-COLLISION,1,"SEDAN, 4 DOOR",E,46,1,GOING STRAIGHT,APPARENTLY NORMAL,Null,Null,Null,DEER,Null,Null,Null,Null,Null,Null,Null,Null,Null,Null,Null,Null,DRY,DAYLIGHT,ANIMAL IN ROADWAY,NHP,2176718,Null,Null,Null,2015-04-02T14:19:00.000Z,{498E61CA-4F0A-4780-B368-6286E9E7273C}
295360,496977.5315,4342055.126,39.23,-117,2015-04-02,ANTELOPE,PROPERTY DAMAGE ONLY,LANDER,Thu Apr 02 00:00:00 PDT 2015,Sun Dec 31 21:45:00 PST 1899,21:45:00,SR376,792,S,MILE MARKER 5,CLEAR,-9999,-9999,PDO,Null,NON-COLLISION,1,COUPE,N,-9999,-9999,GOING STRAIGHT,APPARENTLY NORMAL,Null,OBJECT AVOIDANCE,Null,Null,Null,Null,Null,Null,Null,Null,Null,Null,Null,Null,Null,Null,Null,Null,NONE,NHP,2176746,Null,Null,Null,2015-04-03T04:45:00.000Z,{9C916BA7-25F7-4535-9F7B-B513AB875B8D}
336859,249767.2317,4378944.326,39.52,-119.9,2015-04-09,DOG/COYOTE,PROPERTY DAMAGE ONLY,WASHOE,Thu Apr 09 00:00:00 PDT 2015,Sun Dec 31 19:02:00 PST 1899,19:02:00,SOMERSETT PKWY,0,Null,RIVER HILL WAY,CLEAR,-9999,-9999,PDO,Null,NON-COLLISION,1,"HATCHBACK, 2 DOOR",S,45,-9999,OTHER TURNING MOVEMENT,APPARENTLY NORMAL,Null,OBJECT AVOIDANCE,Null,Null,Null,Null,Null,Null,Null,Null,Null,Null,Null,Null,DOG/COYOTE,Null,DRY,DAYLIGHT,ANIMAL IN ROADWAY,RPD,2137057,Null,Null,Null,2015-04-10T02:02:00.000Z,{E1FA077D-3A1B-4AE9-8857-6724ECA7BFF5}