OBJECTID,X,Y,Latitude,Longitude,Date,AnimalType,Crash_Seve,County,Crash_Date_Original,Crash_Time_Original,Crash_Time,Primary_St,Distance,Dir,Secondary_,Weather,Fatalities,Injured,Property_D,Injury_Typ,Crash_Type,Total_Vehi,V1_Type,V1_Dir,V1_Driver_,V1_Lane_Nu,V1_Action,V1_Driver1,V1_Drive_1,V1_Vehicle,V1_Most_Ha,V1_All_Eve,V2_Type,V2_Dir,V2_Driver_,V2_Lane_Nu,V2_Action,V2_Driver1,V2_Drive_1,V2_Vehicle,V2_Most_Ha,V2_All_Eve,First_Harm,Nonmotoris,Factors_Ro,Lighting,HWY_Factor,Agency,Accident_R,Pedalcycli,Pedestrian,Motorcycli,CrashDateT,GlobalID
295664,720378.6826,4170191.528,37.65,-114.5,2015-04-09,DEER,PROPERTY DAMAGE ONLY,LINCOLN,Thu Apr 09 00:00:00 PDT 2015,Sun Dec 31 05:50:00 PST 1899,5:50:00,US93N,350,S,MILE MARKER 97,CLEAR,-9999,-9999,PDO,Null,NON-COLLISION,1,UTILITY,S,58,-9999,GOING STRAIGHT,APPARENTLY NORMAL,Null,Null,Null,DEER,Null,Null,Null,Null,Null,Null,Null,Null,Null,Null,Null,Null,DRY,DAWN,ANIMAL IN ROADWAY,NHP,2177073,Null,Null,Null,2015-04-09T12:50:00.000Z,{15C057E5-4B8B-452A-A721-DF6855EBF9C6}
297391,244626.262,4320290.245,38.99,-119.9,2015-04-16,BEAR,PROPERTY DAMAGE ONLY,DOUGLAS,Thu Apr 16 00:00:00 PDT 2015,Sun Dec 31 21:13:00 PST 1899,21:13:00,US50,1056,E,MILE MARKER 3,CLEAR,-9999,-9999,PDO,Null,NON-COLLISION,1,CARRY-ALL,E,-9999,-9999,GOING STRAIGHT,APPARENTLY NORMAL,Null,Null,Null,Null,Null,Null,Null,Null,Null,Null,Null,Null,Null,Null,Null,Null,Null,Null,Null,NHP,2177470,Null,Null,Null,2015-04-17T04:13:00.000Z,{8DE3B85B-909A-4DFB-99A0-50260ED03C2B}
298467,604990.2966,4522696.83,40.85,-115.8,2015-04-23,DEER,PROPERTY DAMAGE ONLY,ELKO,Thu Apr 23 00:00:00 PDT 2015,Sun Dec 31 22:40:00 PST 1899,22:40:00,IR80E,1584,E,MILE MARKER 25,CLEAR,-9999,-9999,PDO,Null,NON-COLLISION,1,VAN,E,-9999,-9999,GOING STRAIGHT,APPARENTLY NORMAL,Null,OBJECT AVOIDANCE,Null,Null,Null,Null,Null,Null,Null,Null,Null,Null,Null,Null,Null,Null,Null,Null,Null,NHP,2177807,Null,Null,Null,2015-04-24T05:40:00.000Z,{E1D82D35-ADAD-4760-AAAC-8527D5151DD4}
282609,313946.7809,4324324.647,39.05,-119.1,2015-04-30,DEER,PROPERTY DAMAGE ONLY,LYON,Thu Apr 30 00:00:00 PDT 2015,Sun Dec 31 05:45:00 PST 1899,5:45:00,MILLER LN,6336,E,POLI LN,CLEAR,-9999,-9999,PDO,Null,NON-COLLISION,1,PICKUP,E,30,1,GOING STRAIGHT,APPARENTLY NORMAL,Null,UNKNOWN,Null,DEER,Null,Null,Null,Null,Null,Null,Null,Null,Null,Null,Null,Null,DRY,DAWN,NONE,LYSO,2247235,Null,Null,Null,2015-04-30T12:45:00.000Z,{1FFC71B7-7F9F-4742-81EC-A9036F9ED6D5}
397909,286320.7235,4379589.528,39.54,-119.5,2015-04-30,COYOTE,INJURY CRASH,STOREY,Thu Apr 30 00:00:00 PDT 2015,Sun Dec 31 02:53:00 PST 1899,2:53:00,SR439,0,Null,DENMARK DR,CLEAR,-9999,1,Null,B,NON-COLLISION,1,"SEDAN, 4 DOOR",N,20,2,GOING STRAIGHT,Null,Null,OBJECT AVOIDANCE,Null,RAN OFF ROAD RIGHT: TREE/SHRUB: OVERTURN/ROLLOVER: UTILITY POLE,Null,Null,Null,Null,Null,Null,Null,Null,Null,Null,Null,Null,DRY,DARK - NO LIGHTING,ANIMAL IN ROADWAY,STSO,2307432,Null,Null,Null,2015-04-30T09:53:00.000Z,{A43427EC-C355-4A41-952A-32C1F3066887}
292731,245298.9678,4318923.054,38.98,-119.9,2015-08-06,DEER,PROPERTY DAMAGE ONLY,DOUGLAS,Thu Aug 06 00:00:00 PDT 2015,Sun Dec 31 20:46:00 PST 1899,20:46:00,US50,200,N,SEWER PLANT RD,CLEAR,-9999,-9999,PDO,Null,NON-COLLISION,1,"HATCHBACK, 4 DOOR",S,-9999,-9999,GOING STRAIGHT,APPARENTLY NORMAL,Null,UNKNOWN,Null,Null,Null,Null,Null,Null,Null,Null,Null,Null,Null,Null,Null,Null,Null,Null,NONE,DCSO,2153148,Null,Null,Null,2015-08-07T03:46:00.000Z,{24C85080-99D9-4235-B6A7-6E02C1A015C5}
300087,725747.6788,4180825.699,37.75,-114.4,2015-08-06,DEER,PROPERTY DAMAGE ONLY,LINCOLN,Thu Aug 06 00:00:00 PDT 2015,Sun Dec 31 19:46:00 PST 1899,19:46:00,US93N,2640,S,MILE MARKER 105,"BLOWING SAND, SOIL, DIRT, SNOW",-9999,-9999,PDO,Null,NON-COLLISION,1,PICKUP,S,51,1,GOING STRAIGHT,APPARENTLY NORMAL,Null,Null,Null,DEER,Null,Null,Null,Null,Null,Null,Null,Null,Null,Null,Null,Null,DRY,DAYLIGHT,NONE,NHP,2196158,Null,Null,Null,2015-08-07T02:46:00.000Z,{BFEC6E2C-FAD6-48E0-A949-831E177B2452}
302753,749145.3283,4321381.907,39.01,-114.1,2015-08-06,DEER,PROPERTY DAMAGE ONLY,WHITE PINE,Thu Aug 06 00:00:00 PDT 2015,Sun Dec 31 02:18:00 PST 1899,2:18:00,SR487,1450,S,MILE MARKER 6,CLEAR,-9999,-9999,PDO,Null,NON-COLLISION,1,VAN,S,20,1,GOING STRAIGHT,APPARENTLY NORMAL,Null,OBJECT AVOIDANCE,Null,DEER,Null,Null,Null,Null,Null,Null,Null,Null,Null,Null,Null,Null,DRY,DARK - NO LIGHTING,ANIMAL IN ROADWAY,NHP,2196130,Null,Null,Null,2015-08-06T09:18:00.000Z,{92A8C559-042E-40B1-B292-139F0329DE97}
299688,653167.119,4512918.344,40.75,-115.2,2015-08-06,CATTLE,INJURY CRASH,ELKO,Thu Aug 06 00:00:00 PDT 2015,Sun Dec 31 06:45:00 PST 1899,6:45:00,SR229,2640,S,MILE MARKER 25,CLEAR,-9999,1,Null,C,NON-COLLISION,1,"SEDAN, 4 DOOR",N,25,1,GOING STRAIGHT,"FELL ASLEEP, FAINTED, FATIGUED, ETC.",Null,Null,Null,CATTLE,Null,Null,Null,Null,Null,Null,Null,Null,Null,Null,Null,Null,DRY,DAYLIGHT,NONE,NHP,2182766,Null,Null,Null,2015-08-06T13:45:00.000Z,{AFEA24D9-D79F-44FD-B1EF-FA5C2061FC78}
314500,584979.5232,4507582.367,40.71,-116,2015-08-13,DEER,PROPERTY DAMAGE ONLY,ELKO,Thu Aug 13 00:00:00 PDT 2015,Sun Dec 31 00:36:00 PST 1899,0:36:00,IR80W,250,W,MILE MARKER 9,CLOUDY,-9999,-9999,PDO,Null,NON-COLLISION,1,PICKUP,W,22,2,GOING STRAIGHT,APPARENTLY NORMAL,Null,Null,Null,DEER,Null,Null,Null,Null,Null,Null,Null,Null,Null,Null,Null,Null,DRY,DARK - NO LIGHTING,ANIMAL IN ROADWAY,NHP,2294927,Null,Null,Null,2015-08-13T07:36:00.000Z,{938ED042-04D5-470C-801B-8A7D10457938}
302643,267805.0497,4342267.636,39.2,-119.7,2015-08-20,HORSE,PROPERTY DAMAGE ONLY,CARSON CITY,Thu Aug 20 00:00:00 PDT 2015,Sun Dec 31 21:02:00 PST 1899,21:02:00,US50,1056,W,MILE MARKER 16,CLEAR,-9999,-9999,PDO,Null,NON-COLLISION,1,PICKUP,E,-9999,-9999,GOING STRAIGHT,APPARENTLY NORMAL,Null,OBJECT AVOIDANCE,Null,Null,Null,Null,Null,Null,Null,Null,Null,Null,Null,Null,Null,Null,Null,Null,Null,NHP,2196828,Null,Null,Null,2015-08-21T04:02:00.000Z,{C6F9E8B6-07EF-458E-ADA4-B5415D68E44E}
302313,441331.8102,4644342.089,41.95,-117.7,2015-08-27,CATTLE,INJURY CRASH,HUMBOLDT,Thu Aug 27 00:00:00 PDT 2015,Sun Dec 31 01:15:00 PST 1899,1:15:00,US95N,1500,N,MILE MARKER 70,CLOUDY,-9999,1,Null,U,NON-COLLISION,1,SEMI,N,47,1,GOING STRAIGHT,APPARENTLY NORMAL,Null,RAN OFF ROAD: OBJECT AVOIDANCE,Null,"CATTLE: RAN OFF ROAD RIGHT: OTHER POST, POLE OR SUPPORT: FENCE/WALL: OVERTURN/ROLLOVER",Null,Null,Null,Null,Null,Null,Null,Null,Null,Null,Null,Null,DRY,DARK - NO LIGHTING,ANIMAL IN ROADWAY,NHP,2197119,Null,Null,Null,2015-08-27T08:15:00.000Z,{9F2532E1-D41E-4545-A906-82902B12AE03}
304026,261789.9089,4313785.021,38.94,-119.7,2015-12-03,UNKNOWN,PROPERTY DAMAGE ONLY,DOUGLAS,Thu Dec 03 00:00:00 PST 2015,Sun Dec 31 18:20:00 PST 1899,18:20:00,US395N,0,Null,EDDY ST,RAIN,-9999,-9999,PDO,Null,NON-COLLISION,1,"HATCHBACK, 4 DOOR",S,-9999,-9999,GOING STRAIGHT,APPARENTLY NORMAL,Null,UNKNOWN,Null,Null,Null,Null,Null,Null,Null,Null,Null,Null,Null,Null,Null,Null,Null,Null,NONE,DCSO,2207088,Null,Null,Null,2015-12-04T02:20:00.000Z,{7FB5230B-8E7C-4316-B4A2-544F71082B58}
318176,529962.7343,4502534.693,40.67,-116.6,2015-12-03,DEER,PROPERTY DAMAGE ONLY,LANDER,Thu Dec 03 00:00:00 PST 2015,Sun Dec 31 02:50:00 PST 1899,2:50:00,IR80E,489,E,MILE MARKER 24,CLOUDY,-9999,-9999,PDO,Null,NON-COLLISION,1,UTILITY,E,36,2,GOING STRAIGHT,APPARENTLY NORMAL,Null,Null,Null,DEER,Null,Null,Null,Null,Null,Null,Null,Null,Null,Null,Null,Null,DRY,DARK - NO LIGHTING,ANIMAL IN ROADWAY,NHP,2213328,Null,Null,Null,2015-12-03T10:50:00.000Z,{76337482-A761-4F09-89C6-662758F21A76}
318193,542134.8406,4505014.052,40.69,-116.5,2015-12-03,DEER,PROPERTY DAMAGE ONLY,EUREKA,Thu Dec 03 00:00:00 PST 2015,Sun Dec 31 19:35:00 PST 1899,19:35:00,IR80W,200,E,MILE MARKER 5,CLEAR,-9999,-9999,PDO,Null,NON-COLLISION,1,VAN,W,27,1,GOING STRAIGHT,"FELL ASLEEP, FAINTED, FATIGUED, ETC.",Null,Null,Null,DEER,Null,Null,Null,Null,Null,Null,Null,Null,Null,Null,Null,Null,DRY,DARK - NO LIGHTING,NONE,NHP,2213367,Null,Null,Null,2015-12-04T03:35:00.000Z,{692AF611-FC71-449C-984A-D4C4356FC158}
318306,280597.3781,4351634.971,39.29,-119.5,2015-12-10,HORSE,INJURY CRASH,LYON,Thu Dec 10 00:00:00 PST 2015,Sun Dec 31 05:15:00 PST 1899,5:15:00,US50,0,Null,JAMES AVE,RAIN,-9999,1,Null,B,NON-COLLISION,1,"SEDAN, 4 DOOR",E,38,2,GOING STRAIGHT,APPARENTLY NORMAL,Null,Null,Null,HORSE,Null,Null,Null,Null,Null,Null,Null,Null,Null,Null,Null,Null,DRY,DARK - NO LIGHTING,"WET, ICY, SNOW, SLUSH: ANIMAL IN ROADWAY",NHP,2213664,Null,Null,Null,2015-12-10T13:15:00.000Z,{20C94C95-A411-4C05-A4B7-5C7C25ACACB5}
319906,287892.3335,4381184.208,39.55,-119.5,2015-12-10,HORSE,INJURY CRASH,STOREY,Thu Dec 10 00:00:00 PST 2015,Sun Dec 31 17:39:00 PST 1899,17:39:00,PORTOFINO DR,2200,N,MILAN DR,CLOUDY,-9999,1,Null,A,NON-COLLISION,1,"SEDAN, 2 DOOR",W,19,1,GOING STRAIGHT,APPARENTLY NORMAL,Null,Null,Null,HORSE,Null,Null,Null,Null,Null,Null,Null,Null,Null,Null,Null,Null,DRY,DARK - NO LIGHTING,ANIMAL IN ROADWAY,STSO,2228153,Null,Null,Null,2015-12-11T01:39:00.000Z,{31573737-3F26-4D98-894E-AD27E740B23E}
318305,538994.9386,4505518.694,40.7,-116.5,2015-12-10,DEER,PROPERTY DAMAGE ONLY,EUREKA,Thu Dec 10 00:00:00 PST 2015,Sun Dec 31 02:55:00 PST 1899,2:55:00,IR80E,158,E,MILE MARKER 3,CLOUDY,-9999,-9999,PDO,Null,NON-COLLISION,1,"SEDAN, 4 DOOR",E,55,1,GOING STRAIGHT,APPARENTLY NORMAL,Null,OBJECT AVOIDANCE,Null,DEER,Null,Null,Null,Null,Null,Null,Null,Null,Null,Null,Null,Null,DRY,DARK - NO LIGHTING,ANIMAL IN ROADWAY,NHP,2213663,Null,Null,Null,2015-12-10T10:55:00.000Z,{91802CEF-8CED-4105-8D4C-BCB03796F223}
319409,357324.2404,4431805.291,40.02,-118.7,2015-12-17,DEER,PROPERTY DAMAGE ONLY,PERSHING,Thu Dec 17 00:00:00 PST 2015,Sun Dec 31 06:00:00 PST 1899,6:00:00,FRPE01,1000,W,MILE MARKER 2,CLOUDY,-9999,-9999,PDO,Null,NON-COLLISION,1,VAN,W,39,1,GOING STRAIGHT,APPARENTLY NORMAL,Null,Null,Null,DEER,Null,Null,Null,Null,Null,Null,Null,Null,Null,Null,Null,Null,DRY,DAWN,NONE,NHP,2214083,Null,Null,Null,2015-12-17T14:00:00.000Z,{C58F4305-4073-48F1-BE6F-AB70C7EFC97F}
323644,251974.7296,4378094.675,39.52,-119.9,2015-12-17,DEER,INJURY CRASH,WASHOE,Thu Dec 17 00:00:00 PST 2015,Sun Dec 31 17:35:00 PST 1899,17:35:00,IR80W TO ROBB DR S/N INT9,528,E,ROBB DR,CLEAR,-9999,1,Null,C,NON-COLLISION,1,CARRY-ALL,W,49,-9999,GOING STRAIGHT,APPARENTLY NORMAL,Null,Null,Null,DEER,Null,Null,Null,Null,Null,Null,Null,Null,Null,Null,Null,Null,DRY,DARK - SPOT LIGHTING,NONE,NHP,2214141,Null,Null,Null,2015-12-18T01:35:00.000Z,{1C220D55-909A-4960-B8B0-8AA1EFCA50BB}
303965,355669.3392,4372452.897,39.49,-118.7,2015-12-17,CATTLE,PROPERTY DAMAGE ONLY,CHURCHILL,Thu Dec 17 00:00:00 PST 2015,Sun Dec 31 17:41:00 PST 1899,17:41:00,KIRN RD,2640,W,PERAZZO LN,CLEAR,-9999,-9999,PDO,Null,NON-COLLISION,1,CARRY-ALL,W,25,1,GOING STRAIGHT,APPARENTLY NORMAL,Null,Null,Null,CATTLE,Null,Null,Null,Null,Null,Null,Null,Null,Null,Null,Null,Null,DRY,DARK - NO LIGHTING,ANIMAL IN ROADWAY,CHSO,2207022,Null,Null,Null,2015-12-18T01:41:00.000Z,{12A1B58D-DD17-44A6-9E67-BCA451AEADA3}
316784,645796.2447,3990522.076,36.05,-115.4,2015-12-17,BURRO,PROPERTY DAMAGE ONLY,CLARK,Thu Dec 17 00:00:00 PST 2015,Sun Dec 31 17:15:00 PST 1899,17:15:00,SR159,2000,S,MILE MARKER 2,CLEAR,-9999,-9999,PDO,Null,NON-COLLISION,1,"SEDAN, 4 DOOR",N,26,1,GOING STRAIGHT,APPARENTLY NORMAL,Null,Null,Null,BURRO,Null,Null,Null,Null,Null,Null,Null,Null,Null,Null,Null,Null,DRY,DARK - NO LIGHTING,NONE,NHP,2214137,Null,Null,Null,2015-12-18T01:15:00.000Z,{F50B126E-A22C-438C-A860-D5DB9600DC2A}
309327,295385.4976,4359553.726,39.36,-119.4,2015-12-24,HORSE,PROPERTY DAMAGE ONLY,LYON,Thu Dec 24 00:00:00 PST 2015,Sun Dec 31 18:29:00 PST 1899,18:29:00,US50,0,Null,SCENIC AVE,CLEAR,-9999,-9999,PDO,Null,NON-COLLISION,1,CARRY-ALL,E,-9999,-9999,GOING STRAIGHT,APPARENTLY NORMAL,Null,Null,Null,Null,Null,Null,Null,Null,Null,Null,Null,Null,Null,Null,Null,Null,Null,Null,Null,LYSO,2224186,Null,Null,Null,2015-12-25T02:29:00.000Z,{6D53A3B1-D9F7-49AD-A33B-AC2CA30E5591}
319633,310108.0331,4308037.278,38.9,-119.2,2015-12-24,DEER,PROPERTY DAMAGE ONLY,LYON,Thu Dec 24 00:00:00 PST 2015,Sun Dec 31 16:44:00 PST 1899,16:44:00,SR339,50,S,MILE MARKER 5,SNOW,-9999,-9999,PDO,Null,NON-COLLISION,1,PICKUP,S,-9999,-9999,GOING STRAIGHT,APPARENTLY NORMAL,Null,Null,Null,Null,Null,Null,Null,Null,Null,Null,Null,Null,Null,Null,Null,Null,Null,Null,NONE,NHP,2214533,Null,Null,Null,2015-12-25T00:44:00.000Z,{3250147F-673C-45C8-B8EE-E148951B0488}
304251,347426.2261,4370976.923,39.47,-118.8,2015-12-31,DOG/COYOTE,INJURY CRASH,CHURCHILL,Thu Dec 31 00:00:00 PST 2015,Sun Dec 31 18:15:00 PST 1899,18:15:00,US50,54,E,N BROADWAY ST,CLEAR,-9999,1,Null,B,NON-COLLISION,1,"HATCHBACK, 4 DOOR",E,62,1,GOING STRAIGHT,APPARENTLY NORMAL,Null,Null,Null,DOG/COYOTE,Null,Null,Null,Null,Null,Null,Null,Null,Null,Null,Null,Null,DRY,DARK - SPOT LIGHTING,NONE,FAPD,2207323,Null,Null,Null,2016-01-01T02:15:00.000Z,{772610DB-3F17-461B-8E41-BE6D149C8FAF}
309329,309816.0455,4310027.218,38.92,-119.2,2015-12-31,DEER,PROPERTY DAMAGE ONLY,LYON,Thu Dec 31 00:00:00 PST 2015,Sun Dec 31 17:23:00 PST 1899,17:23:00,SR339,1000,S,SNYDER LN,CLEAR,-9999,-9999,PDO,Null,NON-COLLISION,1,"SEDAN, 4 DOOR",S,-9999,-9999,GOING STRAIGHT,APPARENTLY NORMAL,Null,Null,Null,Null,Null,Null,Null,Null,Null,Null,Null,Null,Null,Null,Null,Null,Null,Null,Null,LYSO,2224188,Null,Null,Null,2016-01-01T01:23:00.000Z,{DE23A260-C3F5-42DD-85EB-6084B132FFD4}
319837,474451.4682,4544685.822,41.05,-117.3,2015-12-31,CATTLE,PROPERTY DAMAGE ONLY,HUMBOLDT,Thu Dec 31 00:00:00 PST 2015,Sun Dec 31 17:35:00 PST 1899,17:35:00,SR789,100,N,MILE MARKER 14,CLOUDY,-9999,-9999,PDO,Null,NON-COLLISION,1,PICKUP,S,60,1,GOING STRAIGHT,APPARENTLY NORMAL,Null,UNKNOWN,Null,CATTLE,Null,Null,Null,Null,Null,Null,Null,Null,Null,Null,Null,Null,Null,DARK - NO LIGHTING,"WET, ICY, SNOW, SLUSH",NHP,2214939,Null,Null,Null,2016-01-01T01:35:00.000Z,{9797129D-C12E-44EB-9D11-91CE63B1DBC7}
285760,690995.4038,4643743.61,41.92,-114.7,2015-02-05,ELK,PROPERTY DAMAGE ONLY,ELKO,Thu Feb 05 00:00:00 PST 2015,Sun Dec 31 01:32:00 PST 1899,1:32:00,US93N,2640,N,MILE MARKER 136,CLEAR,-9999,-9999,PDO,Null,NON-COLLISION,1,"TRACTOR TRUCK, DIESEL",N,38,-9999,GOING STRAIGHT,APPARENTLY NORMAL,Null,OBJECT AVOIDANCE,Null,ELK,Null,Null,Null,Null,Null,Null,Null,Null,Null,Null,Null,Null,DRY,DARK - NO LIGHTING,NONE,ECSO,2153679,Null,Null,Null,2015-02-05T09:32:00.000Z,{4A1569FA-E4B5-4937-81E8-CC68662BDBB3}
286538,729442.2994,4336785.021,39.15,-114.3,2015-02-05,DEER,PROPERTY DAMAGE ONLY,WHITE PINE,Thu Feb 05 00:00:00 PST 2015,Sun Dec 31 05:35:00 PST 1899,5:35:00,US6,2,W,MILE MARKER 84,CLOUDY,-9999,-9999,PDO,Null,NON-COLLISION,1,"SEDAN, 4 DOOR",W,-9999,-9999,GOING STRAIGHT,APPARENTLY NORMAL,Null,Null,Null,Null,Null,Null,Null,Null,Null,Null,Null,Null,Null,Null,Null,Null,Null,Null,Null,NHP,2174109,Null,Null,Null,2015-02-05T13:35:00.000Z,{5B60770D-1D23-4D2E-AF23-E7E7FA563838}
289580,358378.1324,4264930.877,38.52,-118.6,2015-02-05,BURRO,PROPERTY DAMAGE ONLY,MINERAL,Thu Feb 05 00:00:00 PST 2015,Sun Dec 31 20:45:00 PST 1899,20:45:00,SR359,1584,N,MINERAL RD,CLOUDY,-9999,-9999,PDO,Null,NON-COLLISION,1,PICKUP,N,58,1,GOING STRAIGHT,APPARENTLY NORMAL,Null,OBJECT AVOIDANCE,Null,BURRO: CROSS MEDIAN/CENTERLINE: OVERTURN/ROLLOVER: RAN OFF ROAD RIGHT,Null,Null,Null,Null,Null,Null,Null,Null,Null,Null,Null,Null,DRY,DARK - NO LIGHTING,NONE,NHP,2174132,Null,Null,Null,2015-02-06T04:45:00.000Z,{344EE5F6-EEC6-46F6-A5FA-96D9B1748383}
286620,540674.8165,4505399.606,40.7,-116.5,2015-02-12,UNKNOWN,PROPERTY DAMAGE ONLY,EUREKA,Thu Feb 12 00:00:00 PST 2015,Sun Dec 31 23:40:00 PST 1899,23:40:00,IR80E,528,E,MILE MARKER 4,CLEAR,-9999,-9999,PDO,Null,NON-COLLISION,1,"SEDAN, 4 DOOR",E,-9999,-9999,GOING STRAIGHT,APPARENTLY NORMAL,Null,OBJECT AVOIDANCE,Null,Null,Null,Null,Null,Null,Null,Null,Null,Null,Null,Null,Null,Null,Null,Null,Null,NHP,2174469,Null,Null,Null,2015-02-13T07:40:00.000Z,{51C00303-8E77-4075-A7EE-8C89CF2A6EB0}
286566,685391.1991,4473084.292,40.39,-114.8,2015-02-12,ELK,PROPERTY DAMAGE ONLY,ELKO,Thu Feb 12 00:00:00 PST 2015,Sun Dec 31 18:00:00 PST 1899,18:00:00,US93N,500,N,MILE MARKER 21,CLEAR,-9999,-9999,PDO,Null,NON-COLLISION,1,UTILITY,N,-9999,-9999,GOING STRAIGHT,APPARENTLY NORMAL,Null,OBJECT AVOIDANCE,Null,Null,Null,Null,Null,Null,Null,Null,Null,Null,Null,Null,Null,Null,Null,Null,Null,NHP,2174461,Null,Null,Null,2015-02-13T02:00:00.000Z,{E2A2F86F-EE65-4CEF-8A06-4271314CE0FC}
286588,728335.6263,4186736.723,37.8,-114.4,2015-02-12,DEER,PROPERTY DAMAGE ONLY,LINCOLN,Thu Feb 12 00:00:00 PST 2015,Sun Dec 31 04:15:00 PST 1899,4:15:00,US93N,2112,S,MILE MARKER 109,CLEAR,-9999,-9999,PDO,Null,NON-COLLISION,1,PICKUP,S,52,1,GOING STRAIGHT,APPARENTLY NORMAL,Null,UNKNOWN,Null,DEER,Null,Null,Null,Null,Null,Null,Null,Null,Null,Null,Null,Null,DRY,DARK - NO LIGHTING,ANIMAL IN ROADWAY,NHP,2174446,Null,Null,Null,2015-02-12T12:15:00.000Z,{7BAF3C3B-1C4F-467D-ABF3-96C18C472653}
286676,710764.3349,4234897.301,38.24,-114.6,2015-01-01,DEER,PROPERTY DAMAGE ONLY,LINCOLN,Thu Jan 01 00:00:00 PST 2015,Sun Dec 31 00:30:00 PST 1899,0:30:00,US93N,500,N,MILE MARKER 142,CLOUDY,-9999,-9999,PDO,Null,NON-COLLISION,1,VAN,N,40,1,GOING STRAIGHT,APPARENTLY NORMAL,Null,Null,Null,DEER,Null,Null,Null,Null,Null,Null,Null,Null,Null,Null,Null,Null,DRY,DARK - NO LIGHTING,ANIMAL IN ROADWAY,NHP,2172464,Null,Null,Null,2015-01-01T08:30:00.000Z,{B7CB8371-1D58-4936-A4BB-D924A28F77D8}
286718,647195.3473,4150900.328,37.49,-115.3,2015-01-08,CATTLE,PROPERTY DAMAGE ONLY,LINCOLN,Thu Jan 08 00:00:00 PST 2015,Sun Dec 31 01:00:00 PST 1899,1:00:00,SR375,2112,S,MILE MARKER 43,CLEAR,-9999,-9999,PDO,Null,NON-COLLISION,1,"SEDAN, 4 DOOR",S,48,1,GOING STRAIGHT,APPARENTLY NORMAL,Null,Null,Null,CATTLE,Null,Null,Null,Null,Null,Null,Null,Null,Null,Null,Null,Null,DRY,DARK - NO LIGHTING,ANIMAL IN ROADWAY,NHP,2172741,Null,Null,Null,2015-01-08T09:00:00.000Z,{236B6069-9655-43F5-AF18-70AB672262F3}
286815,727152.9883,4198415.063,37.9,-114.4,2015-01-15,DEER,PROPERTY DAMAGE ONLY,LINCOLN,Thu Jan 15 00:00:00 PST 2015,Sun Dec 31 17:34:00 PST 1899,17:34:00,US93N,200,N,MILE MARKER 116,CLEAR,-9999,-9999,PDO,Null,NON-COLLISION,1,SEDAN,N,24,1,GOING STRAIGHT,APPARENTLY NORMAL,Null,Null,Null,DEER,Null,Null,Null,Null,Null,Null,Null,Null,Null,Null,Null,Null,DRY,DARK - NO LIGHTING,ANIMAL IN ROADWAY,NHP,2173160,Null,Null,Null,2015-01-16T01:34:00.000Z,{7695ADDA-9345-4E92-B9A8-BA8125F6D7DE}
286702,307772.6295,4365021.824,39.41,-119.2,2015-01-29,HORSE,PROPERTY DAMAGE ONLY,LYON,Thu Jan 29 00:00:00 PST 2015,Sun Dec 31 00:36:00 PST 1899,0:36:00,US50,200,W,MILE MARKER 29,CLEAR,-9999,-9999,PDO,Null,NON-COLLISION,1,PICKUP,W,-9999,-9999,GOING STRAIGHT,APPARENTLY NORMAL,Null,UNKNOWN,Null,Null,Null,Null,Null,Null,Null,Null,Null,Null,Null,Null,Null,Null,Null,Null,NONE,NHP,2173747,Null,Null,Null,2015-01-29T08:36:00.000Z,{801E0EFA-0012-4A9E-A0AB-986205174808}
296147,706779.1753,4164015.907,37.6,-114.7,2015-07-02,HORSE,INJURY CRASH,LINCOLN,Thu Jul 02 00:00:00 PDT 2015,Sun Dec 31 20:54:00 PST 1899,20:54:00,US93N,1200,S,MILE MARKER 85,CLOUDY,-9999,2,Null,B,NON-COLLISION,1,"HATCHBACK, 4 DOOR",N,51,1,GOING STRAIGHT,APPARENTLY NORMAL,Null,RAN OFF ROAD,Null,HORSE: RAN OFF ROAD LEFT,Null,Null,Null,Null,Null,Null,Null,Null,Null,Null,Null,Null,DRY,DARK - NO LIGHTING,ANIMAL IN ROADWAY,NHP,2181288,Null,Null,Null,2015-07-03T03:54:00.000Z,{15483EAA-F8DC-4B86-B4A5-6D149320712B}
297836,257163.2746,4348258.256,39.25,-119.8,2015-07-02,DEER,PROPERTY DAMAGE ONLY,WASHOE,Thu Jul 02 00:00:00 PDT 2015,Sun Dec 31 23:11:00 PST 1899,23:11:00,IR580N,250,S,MILE MARKER 3,CLEAR,-9999,-9999,PDO,Null,NON-COLLISION,1,SEDAN,N,-9999,-9999,GOING STRAIGHT,APPARENTLY NORMAL,Null,Null,Null,Null,Null,Null,Null,Null,Null,Null,Null,Null,Null,Null,Null,Null,Null,Null,Null,NHP,2181293,Null,Null,Null,2015-07-03T06:11:00.000Z,{50AB551F-8855-4671-A722-0F528FFBC486}