OBJECTID,X,Y,Latitude,Longitude,Date,AnimalType,Crash_Seve,County,Crash_Date_Original,Crash_Time_Original,Crash_Time,Primary_St,Distance,Dir,Secondary_,Weather,Fatalities,Injured,Property_D,Injury_Typ,Crash_Type,Total_Vehi,V1_Type,V1_Dir,V1_Driver_,V1_Lane_Nu,V1_Action,V1_Driver1,V1_Drive_1,V1_Vehicle,V1_Most_Ha,V1_All_Eve,V2_Type,V2_Dir,V2_Driver_,V2_Lane_Nu,V2_Action,V2_Driver1,V2_Drive_1,V2_Vehicle,V2_Most_Ha,V2_All_Eve,First_Harm,Nonmotoris,Factors_Ro,Lighting,HWY_Factor,Agency,Accident_R,Pedalcycli,Pedestrian,Motorcycli,CrashDateT,GlobalID
294705,445691.296,4142176.806,37.42,-117.6,2015-07-09,DEER,PROPERTY DAMAGE ONLY,ESMERALDA,Thu Jul 09 00:00:00 PDT 2015,Sun Dec 31 23:21:00 PST 1899,23:21:00,SR266,100,E,MILE MARKER 14,CLEAR,-9999,-9999,PDO,Null,NON-COLLISION,1,UTILITY,W,29,1,GOING STRAIGHT,APPARENTLY NORMAL,Null,Null,Null,DEER,Null,Null,Null,Null,Null,Null,Null,Null,Null,Null,Null,Null,DRY,DARK - NO LIGHTING,ANIMAL IN ROADWAY,NHP,2181670,Null,Null,Null,2015-07-10T06:21:00.000Z,{FB0F0FEF-37E0-45D2-B7AC-CDB22B3B7C7B}
297362,671648.639,4250110.849,38.38,-115,2015-07-16,COYOTE,INJURY CRASH,NYE,Thu Jul 16 00:00:00 PDT 2015,Sun Dec 31 20:00:00 PST 1899,20:00:00,SR318,1000,S,MILE MARKER 16,CLEAR,-9999,2,Null,B,NON-COLLISION,1,"SEDAN, 4 DOOR",N,30,-9999,GOING STRAIGHT,Null,Null,OVER-CORRECTING/OVER-STEERING: RAN OFF ROAD,Null,RAN OFF ROAD RIGHT: CROSS MEDIAN/CENTERLINE: RAN OFF ROAD LEFT: OVERTURN/ROLLOVER,Null,Null,Null,Null,Null,Null,Null,Null,Null,Null,Null,Null,DRY,DARK - NO LIGHTING,ANIMAL IN ROADWAY,NHP,2181989,Null,Null,Null,2015-07-17T03:00:00.000Z,{05A414E9-8959-4CD0-BBE9-480C022E91BB}
299752,713949.2553,4316857.666,38.97,-114.5,2015-07-30,OTHER ANIMAL,PROPERTY DAMAGE ONLY,WHITE PINE,Thu Jul 30 00:00:00 PDT 2015,Sun Dec 31 06:15:00 PST 1899,6:15:00,US93N,500,N,MILE MARKER 22,CLEAR,-9999,-9999,PDO,Null,NON-COLLISION,1,"SEDAN, 4 DOOR",N,23,1,OTHER,APPARENTLY NORMAL,Null,Null,Null,OTHER ANIMAL,Null,Null,Null,Null,Null,Null,Null,Null,Null,Null,Null,Null,DRY,DAYLIGHT,NONE,NHP,2196030,Null,Null,Null,2015-07-30T13:15:00.000Z,{D6797BC0-02FF-49D7-BAC8-E44C8168E264}
294672,651303.2846,4363011.203,39.4,-115.2,2015-07-30,ELK,PROPERTY DAMAGE ONLY,WHITE PINE,Thu Jul 30 00:00:00 PDT 2015,Sun Dec 31 04:40:00 PST 1899,4:40:00,US50,2000,E,MILE MARKER 40,CLEAR,-9999,-9999,PDO,Null,NON-COLLISION,1,PICKUP,W,19,-9999,GOING STRAIGHT,APPARENTLY NORMAL,Null,OBJECT AVOIDANCE,Null,RAN OFF ROAD RIGHT: CROSS MEDIAN/CENTERLINE: RAN OFF ROAD RIGHT: OVERTURN/ROLLOVER,Null,Null,Null,Null,Null,Null,Null,Null,Null,Null,ELK,Null,DRY,DAWN,ANIMAL IN ROADWAY,NHP,2294271,Null,Null,Null,2015-07-30T11:40:00.000Z,{CF17A770-2A2F-4780-817D-422BE4075BF7}
294805,670976.3242,4355235.49,39.33,-115,2015-07-30,DEER,PROPERTY DAMAGE ONLY,WHITE PINE,Thu Jul 30 00:00:00 PDT 2015,Sun Dec 31 01:09:00 PST 1899,1:09:00,US50,1500,E,MILE MARKER 57,CLEAR,-9999,-9999,PDO,Null,NON-COLLISION,1,PICKUP,E,36,1,GOING STRAIGHT,APPARENTLY NORMAL,Null,OBJECT AVOIDANCE,Null,DEER,Null,Null,Null,Null,Null,Null,Null,Null,Null,Null,Null,Null,DRY,DARK - NO LIGHTING,ANIMAL IN ROADWAY,NHP,2182553,Null,Null,Null,2015-07-30T08:09:00.000Z,{21E7CBC0-9D79-4FA7-AC61-299D7C98E7DA}
301679,245442.1032,4327813.441,39.06,-119.9,2015-07-30,DEER,PROPERTY DAMAGE ONLY,DOUGLAS,Thu Jul 30 00:00:00 PDT 2015,Sun Dec 31 22:28:00 PST 1899,22:28:00,US50,1500,E,MILE MARKER 8,CLEAR,-9999,-9999,PDO,Null,NON-COLLISION,1,"HATCHBACK, 4 DOOR",W,-9999,-9999,GOING STRAIGHT,APPARENTLY NORMAL,Null,Null,Null,Null,Null,Null,Null,Null,Null,Null,Null,Null,Null,Null,Null,Null,Null,Null,Null,NHP,2182596,Null,Null,Null,2015-07-31T05:28:00.000Z,{B0573E96-7C43-4140-AE60-5728CAC124F1}
314329,247882.3281,4332332,39.1,-119.9,2015-07-30,DEER,INJURY CRASH,DOUGLAS,Thu Jul 30 00:00:00 PDT 2015,Sun Dec 31 04:27:00 PST 1899,4:27:00,SR28,2000,N,US50,CLEAR,-9999,1,Null,C,NON-COLLISION,1,"SEDAN, 4 DOOR",S,30,-9999,GOING STRAIGHT,APPARENTLY NORMAL,Null,FAILURE TO KEEP IN PROPER LANE OR RUNNING OFF ROAD: UNSAFE LANE CHANGE,Null,RAN OFF ROAD RIGHT,Null,Null,Null,Null,Null,Null,Null,Null,Null,Null,Null,Null,DRY,DARK - NO LIGHTING,ANIMAL IN ROADWAY,NHP,2294270,Null,Null,Null,2015-07-30T11:27:00.000Z,{A1407E06-3660-4ECD-B180-22C194D315C5}
316773,437975.3137,4536337.416,40.98,-117.7,2015-07-30,DEER,PROPERTY DAMAGE ONLY,HUMBOLDT,Thu Jul 30 00:00:00 PDT 2015,Sun Dec 31 00:50:00 PST 1899,0:50:00,IR80E,2000,E,MILE MARKER 14,CLEAR,-9999,-9999,PDO,Null,NON-COLLISION,1,VAN,E,25,2,GOING STRAIGHT,APPARENTLY NORMAL,Null,UNKNOWN,Null,DEER,Null,Null,Null,Null,Null,Null,Null,Null,Null,Null,Null,Null,DRY,DARK - SPOT LIGHTING,ANIMAL IN ROADWAY,NHP,2294326,Null,Null,Null,2015-07-30T07:50:00.000Z,{67F0F22D-0449-4DB9-9872-811E208C02D4}
298623,706775.4928,4286393.042,38.7,-114.6,2015-06-04,ANTELOPE,PROPERTY DAMAGE ONLY,WHITE PINE,Thu Jun 04 00:00:00 PDT 2015,Sun Dec 31 04:33:00 PST 1899,4:33:00,US93N,1056,S,MILE MARKER 2,CLEAR,-9999,-9999,PDO,Null,NON-COLLISION,1,VAN,N,-9999,-9999,GOING STRAIGHT,APPARENTLY NORMAL,Null,Null,Null,Null,Null,Null,Null,Null,Null,Null,Null,Null,Null,Null,Null,Null,Null,Null,Null,NHP,2179789,Null,Null,Null,2015-06-04T11:33:00.000Z,{27A82FD3-3446-48A3-BCFD-92A24EB46727}
295261,667492.87,4552509.819,41.11,-115,2015-06-11,DEER,PROPERTY DAMAGE ONLY,ELKO,Thu Jun 11 00:00:00 PDT 2015,Sun Dec 31 05:10:00 PST 1899,5:10:00,IR80E,2640,E,MILE MARKER 71,CLOUDY,-9999,-9999,PDO,Null,NON-COLLISION,1,SEMI,W,40,2,GOING STRAIGHT,APPARENTLY NORMAL,Null,Null,Null,DEER,Null,Null,Null,Null,Null,Null,Null,Null,Null,Null,Null,Null,DRY,DAYLIGHT,ANIMAL IN ROADWAY,NHP,2180145,Null,Null,Null,2015-06-11T12:10:00.000Z,{15CF6C70-B016-430F-82B2-18DF6DD45B62}
295287,586668.5625,4627845,41.8,-116,2015-06-11,DEER,PROPERTY DAMAGE ONLY,ELKO,Thu Jun 11 00:00:00 PDT 2015,Sun Dec 31 05:52:00 PST 1899,5:52:00,SR225,2640,S,MILE MARKER 108,"FOG, SMOG, SMOKE",-9999,-9999,PDO,Null,NON-COLLISION,1,"SEDAN, 4 DOOR",N,-9999,-9999,GOING STRAIGHT,APPARENTLY NORMAL,Null,Null,Null,Null,Null,Null,Null,Null,Null,Null,Null,Null,Null,Null,Null,Null,Null,Null,Null,NHP,2180148,Null,Null,Null,2015-06-11T12:52:00.000Z,{DB3209EB-BE00-4500-8347-3CB8FD20E15D}
297825,249588.3413,4332364.037,39.1,-119.9,2015-06-11,DEER,PROPERTY DAMAGE ONLY,DOUGLAS,Thu Jun 11 00:00:00 PDT 2015,Sun Dec 31 05:33:00 PST 1899,5:33:00,US50,500,E,MILE MARKER 13,CLEAR,-9999,-9999,PDO,Null,NON-COLLISION,1,"HATCHBACK, 4 DOOR",W,-9999,-9999,GOING STRAIGHT,APPARENTLY NORMAL,Null,Null,Null,Null,Null,Null,Null,Null,Null,Null,Null,Null,Null,Null,Null,Null,Null,Null,NONE,NHP,2180144,Null,Null,Null,2015-06-11T12:33:00.000Z,{F7EBD870-95C9-44FB-9841-7C91BB90E8E4}
298109,719569.257,4166866.637,37.62,-114.5,2015-06-11,DEER,PROPERTY DAMAGE ONLY,LINCOLN,Thu Jun 11 00:00:00 PDT 2015,Sun Dec 31 20:50:00 PST 1899,20:50:00,US93N,0,Null,MILLER LN,CLOUDY,-9999,-9999,PDO,Null,NON-COLLISION,1,CARRY-ALL,S,48,1,GOING STRAIGHT,APPARENTLY NORMAL,Null,Null,Null,DEER,Null,Null,Null,Null,Null,Null,Null,Null,Null,Null,Null,Null,DRY,DARK - NO LIGHTING,ANIMAL IN ROADWAY,NHP,2180192,Null,Null,Null,2015-06-12T03:50:00.000Z,{A76AC84E-B90F-406B-8E03-EBB94B6C6D25}
412927,644727.8307,4549091.619,41.08,-115.3,2015-06-11,DEER,PROPERTY DAMAGE ONLY,ELKO,Thu Jun 11 00:00:00 PDT 2015,Sun Dec 31 22:05:00 PST 1899,22:05:00,IR80W,2,E,MILE MARKER 57,CLEAR,-9999,-9999,PDO,Null,NON-COLLISION,1,CARRY-ALL,W,-9999,-9999,GOING STRAIGHT,APPARENTLY NORMAL,Null,OBJECT AVOIDANCE,Null,Null,Null,Null,Null,Null,Null,Null,Null,Null,Null,Null,Null,Null,Null,Null,NONE,NHP,2180193,Null,Null,Null,2015-06-12T05:05:00.000Z,{9F25FBD6-8BAD-4F42-BA46-B1446EC880AE}
413092,658533.0028,4169935.58,37.66,-115.2,2015-06-25,DEER,PROPERTY DAMAGE ONLY,LINCOLN,Thu Jun 25 00:00:00 PDT 2015,Sun Dec 31 01:34:00 PST 1899,1:34:00,SR318,1203,N,MILE MARKER 10,CLEAR,-9999,-9999,PDO,Null,NON-COLLISION,1,UTILITY,S,-9999,-9999,GOING STRAIGHT,APPARENTLY NORMAL,Null,Null,Null,Null,Null,Null,Null,Null,Null,Null,Null,Null,Null,Null,Null,Null,Null,Null,Null,NHP,2180888,Null,Null,Null,2015-06-25T08:34:00.000Z,{03C576DB-4881-4742-B564-6F19E16CD6E1}
287467,260710.4848,4378984.365,39.53,-119.8,2015-03-05,DOG,INJURY CRASH,WASHOE,Thu Mar 05 00:00:00 PST 2015,Sun Dec 31 20:39:00 PST 1899,20:39:00,IR580S,500,N,MILE MARKER 25,CLEAR,-9999,1,Null,C,REAR-END,2,PICKUP,S,53,3,GOING STRAIGHT,APPARENTLY NORMAL,Null,FOLLOWED TOO CLOSELY,Null,SLOW/STOPPED VEHICLE,"SEDAN, 4 DOOR",S,53,3,GOING STRAIGHT,APPARENTLY NORMAL,Null,OBJECT AVOIDANCE,Null,Null,Null,Null,WET,DARK - CONTINUOUS LIGHTING,ANIMAL IN ROADWAY,NHP,2175512,Null,Null,Null,2015-03-06T04:39:00.000Z,{AFE8316D-51ED-4AF0-8B47-C1DEA544A8B6}
294106,256242.3296,4362599.711,39.38,-119.8,2015-03-05,DEER,PROPERTY DAMAGE ONLY,WASHOE,Thu Mar 05 00:00:00 PST 2015,Sun Dec 31 18:44:00 PST 1899,18:44:00,SR431,45,E,THOMPSON LN,CLEAR,-9999,-9999,PDO,Null,NON-COLLISION,1,"SEDAN, 4 DOOR",W,-9999,-9999,GOING STRAIGHT,APPARENTLY NORMAL,Null,Null,Null,Null,Null,Null,Null,Null,Null,Null,Null,Null,Null,Null,Null,Null,Null,Null,NONE,NHP,2287134,Null,Null,Null,2015-03-06T02:44:00.000Z,{EEEDA1B4-8C55-4DF3-BD62-091D4F4B1083}
299558,664600.558,3992411.273,36.06,-115.2,2015-03-12,HORSE,PROPERTY DAMAGE ONLY,CLARK,Thu Mar 12 00:00:00 PDT 2015,Sun Dec 31 12:24:00 PST 1899,12:24:00,LAS VEGAS BLVD,0,Null,GEORGE CROCKETT RD,CLEAR,-9999,-9999,PDO,Null,"SIDESWIPE, OVERTAKING",2,SEMI,S,63,-9999,TURNING LEFT,APPARENTLY NORMAL,Null,UNKNOWN,Null,Null,PICKUP,S,37,Null,TURNING LEFT,APPARENTLY NORMAL,Null,UNKNOWN,Null,Null,Null,Null,DRY,DAYLIGHT,NONE,NHP,2175784,Null,Null,Null,2015-03-12T19:24:00.000Z,{DAD3D0BE-7D6A-46CC-9809-5423AA334D4A}
296637,724496.8231,4338738.782,39.17,-114.4,2015-03-19,ELK,PROPERTY DAMAGE ONLY,WHITE PINE,Thu Mar 19 00:00:00 PDT 2015,Sun Dec 31 21:00:00 PST 1899,21:00:00,US6,0,Null,MILE MARKER 80,CLEAR,-9999,-9999,PDO,Null,NON-COLLISION,1,VAN,W,-9999,-9999,GOING STRAIGHT,APPARENTLY NORMAL,Null,OBJECT AVOIDANCE,Null,Null,Null,Null,Null,Null,Null,Null,Null,Null,Null,Null,Null,Null,Null,Null,NONE,NHP,2176097,Null,Null,Null,2015-03-20T04:00:00.000Z,{8D830E12-B86A-40D9-B32E-20BE83B4DD92}
297074,706204.8414,4285239.922,38.69,-114.6,2015-03-19,ELK,PROPERTY DAMAGE ONLY,WHITE PINE,Thu Mar 19 00:00:00 PDT 2015,Sun Dec 31 23:00:00 PST 1899,23:00:00,US93N,0,Null,MILE MARKER 1,CLEAR,-9999,-9999,PDO,Null,NON-COLLISION,1,CARRY-ALL,N,-9999,-9999,GOING STRAIGHT,APPARENTLY NORMAL,Null,OBJECT AVOIDANCE,Null,Null,Null,Null,Null,Null,Null,Null,Null,Null,Null,Null,Null,Null,Null,Null,NONE,NHP,2176100,Null,Null,Null,2015-03-20T06:00:00.000Z,{F28642E1-B627-440E-8DC6-6B2F93CE93E5}
296636,433430.7627,4531743.351,40.93,-117.8,2015-05-07,UNKNOWN,PROPERTY DAMAGE ONLY,HUMBOLDT,Thu May 07 00:00:00 PDT 2015,Sun Dec 31 13:43:00 PST 1899,13:43:00,W WINNEMUCCA BLVD,53,W,BIRD LN,CLEAR,-9999,-9999,PDO,Null,NON-COLLISION,1,PICKUP,U,-9999,-9999,NOT REPORTED,APPARENTLY NORMAL,Null,RAN OFF ROAD,Null,Null,Null,Null,Null,Null,Null,Null,Null,Null,Null,Null,Null,Null,Null,Null,NONE,NHP,2178507,Null,Null,Null,2015-05-07T20:43:00.000Z,{19BD3B14-E806-4D26-9850-091E5ED69ADC}
296016,336289.3491,4374054.023,39.5,-118.9,2015-05-07,DEER,PROPERTY DAMAGE ONLY,CHURCHILL,Thu May 07 00:00:00 PDT 2015,Sun Dec 31 23:40:00 PST 1899,23:40:00,US50,2500,E,MILE MARKER 13,CLEAR,-9999,-9999,PDO,Null,NON-COLLISION,1,UTILITY,E,-9999,-9999,GOING STRAIGHT,APPARENTLY NORMAL,Null,UNKNOWN,Null,Null,Null,Null,Null,Null,Null,Null,Null,Null,Null,Null,Null,Null,Null,Null,NONE,NHP,2178523,Null,Null,Null,2015-05-08T06:40:00.000Z,{925D107A-5BE4-4791-B986-BBA4A46ACA4F}
284694,664040.3855,4012050.941,36.24,-115.2,2015-05-28,DOG,PROPERTY DAMAGE ONLY,CLARK,Thu May 28 00:00:00 PDT 2015,Sun Dec 31 08:34:00 PST 1899,8:34:00,CRAIG RD,0,Null,LAUREL HILL DR,CLEAR,-9999,-9999,PDO,Null,NON-COLLISION,1,BUS,E,39,1,GOING STRAIGHT,APPARENTLY NORMAL,Null,UNKNOWN,Null,DOG/COYOTE,Null,Null,Null,Null,Null,Null,Null,Null,Null,Null,Null,Null,DRY,DAYLIGHT,NONE,CLSD,2240768,Null,Null,Null,2015-05-28T15:34:00.000Z,{D6F8C7A1-B4CC-4BDC-BA50-0956E615C56E}
316041,298335.5044,4360855.074,39.37,-119.3,2015-11-05,HORSE,INJURY CRASH,LYON,Thu Nov 05 00:00:00 PST 2015,Sun Dec 31 07:24:00 PST 1899,7:24:00,US50,2640,E,MILE MARKER 22,CLOUDY,-9999,1,Null,C,REAR-END,2,CARRY-ALL,E,39,1,GOING STRAIGHT,APPARENTLY NORMAL,Null,OTHER IMPROPER DRIVING,Null,SLOW/STOPPED VEHICLE,PICKUP,E,71,1,STOPPED,APPARENTLY NORMAL,Null,Null,Null,Null,Null,Null,DRY,DAYLIGHT,ANIMAL IN ROADWAY,NHP,2211790,Null,Null,Null,2015-11-05T15:24:00.000Z,{5C1880E0-815F-483E-A084-138B09EA284B}
316153,716553.5851,4211591.349,38.03,-114.5,2015-11-12,DEER,PROPERTY DAMAGE ONLY,LINCOLN,Thu Nov 12 00:00:00 PST 2015,Sun Dec 31 06:13:00 PST 1899,6:13:00,US93N,1056,S,MILE MARKER 127,CLEAR,-9999,-9999,PDO,Null,NON-COLLISION,1,PICKUP,N,44,-9999,GOING STRAIGHT,APPARENTLY NORMAL,Null,Null,Null,DEER,Null,Null,Null,Null,Null,Null,Null,Null,Null,Null,Null,Null,DRY,DAWN,NONE,NHP,2212140,Null,Null,Null,2015-11-12T14:13:00.000Z,{8BAA0DA4-FB37-45A4-AA37-19C7AE18753F}
316165,434199.5124,4597443.778,41.53,-117.8,2015-11-12,DEER,PROPERTY DAMAGE ONLY,HUMBOLDT,Thu Nov 12 00:00:00 PST 2015,Sun Dec 31 17:35:00 PST 1899,17:35:00,US95N,2600,S,MILE MARKER 41,CLEAR,-9999,-9999,PDO,Null,NON-COLLISION,1,PICKUP,S,29,1,GOING STRAIGHT,APPARENTLY NORMAL,Null,OBJECT AVOIDANCE,Null,DEER,Null,Null,Null,Null,Null,Null,Null,Null,Null,Null,Null,Null,DRY,DARK - NO LIGHTING,ANIMAL IN ROADWAY,NHP,2212180,Null,Null,Null,2015-11-13T01:35:00.000Z,{75C804F3-93A4-4613-88BF-2E0AF01A3A07}
317877,621041.9368,4509152.414,40.72,-115.6,2015-11-19,DOG,PROPERTY DAMAGE ONLY,ELKO,Thu Nov 19 00:00:00 PST 2015,Sun Dec 31 20:00:00 PST 1899,20:00:00,SR227,100,N,THISTLE JCT,CLEAR,-9999,-9999,PDO,Null,NON-COLLISION,1,CARRY-ALL,S,44,1,GOING STRAIGHT,APPARENTLY NORMAL,Null,Null,Null,DOG/COYOTE,Null,Null,Null,Null,Null,Null,Null,Null,Null,Null,Null,Null,DRY,DARK - NO LIGHTING,ANIMAL IN ROADWAY,NHP,2212637,Null,Null,Null,2015-11-20T04:00:00.000Z,{7CFDFCC5-D564-4188-80EC-B4A5D786328C}
317872,248450.4941,4332049.49,39.1,-119.9,2015-11-19,DEER,PROPERTY DAMAGE ONLY,DOUGLAS,Thu Nov 19 00:00:00 PST 2015,Sun Dec 31 17:13:00 PST 1899,17:13:00,US50,425,E,SR28,CLEAR,-9999,-9999,PDO,Null,NON-COLLISION,1,CARRY-ALL,W,38,1,GOING STRAIGHT,APPARENTLY NORMAL,Null,Null,Null,DEER,Null,Null,Null,Null,Null,Null,Null,Null,Null,Null,Null,Null,DRY,DARK - NO LIGHTING,NONE,NHP,2212626,Null,Null,Null,2015-11-20T01:13:00.000Z,{D02BB0F2-5254-4A20-B019-CB275CC01380}
318072,719595.1349,4166772.271,37.62,-114.5,2015-11-26,DEER,PROPERTY DAMAGE ONLY,LINCOLN,Thu Nov 26 00:00:00 PST 2015,Sun Dec 31 20:20:00 PST 1899,20:20:00,US93N,1584,S,MILE MARKER 95,CLOUDY,-9999,-9999,PDO,Null,NON-COLLISION,1,UTILITY,N,25,1,GOING STRAIGHT,APPARENTLY NORMAL,Null,Null,Null,DEER,Null,Null,Null,Null,Null,Null,Null,Null,Null,Null,Null,Null,DRY,DARK - SPOT LIGHTING,ANIMAL IN ROADWAY,NHP,2213069,Null,Null,Null,2015-11-27T04:20:00.000Z,{9269F3BA-94EF-4B6F-AEC4-49A38D25B557}
303234,295812.2117,4359741.977,39.36,-119.4,2015-10-01,HORSE,PROPERTY DAMAGE ONLY,LYON,Thu Oct 01 00:00:00 PDT 2015,Sun Dec 31 19:45:00 PST 1899,19:45:00,US50,123,E,SHETLAND ST,CLOUDY,-9999,-9999,PDO,Null,NON-COLLISION,1,PICKUP,W,71,1,GOING STRAIGHT,APPARENTLY NORMAL,Null,Null,Null,HORSE,Null,Null,Null,Null,Null,Null,Null,Null,Null,Null,Null,Null,DRY,DARK - SPOT LIGHTING,NONE,NHP,2198865,Null,Null,Null,2015-10-02T02:45:00.000Z,{8AEC2FBD-E2B0-41D8-A709-C692B5FE9A2A}
317483,695433.804,3896522.809,35.19,-114.9,2015-10-01,COYOTE,PROPERTY DAMAGE ONLY,CLARK,Thu Oct 01 00:00:00 PDT 2015,Sun Dec 31 01:38:00 PST 1899,1:38:00,US95N,0,Null,SR163,UNKNOWN,-9999,-9999,PDO,Null,NON-COLLISION,1,COUPE,S,52,-9999,GOING STRAIGHT,APPARENTLY NORMAL,Null,Null,Null,DOG/COYOTE,Null,Null,Null,Null,Null,Null,Null,Null,Null,Null,Null,Null,DRY,DARK - SPOT LIGHTING,NONE,NHP,2210432,Null,Null,Null,2015-10-01T08:38:00.000Z,{2A81C23A-A5DB-4255-8BE1-96D3994129BC}
303212,276880.3583,4417685.487,39.88,-119.6,2015-10-01,CATTLE,INJURY CRASH,WASHOE,Thu Oct 01 00:00:00 PDT 2015,Sun Dec 31 06:49:00 PST 1899,6:49:00,SR445,2112,N,MILE MARKER 26,RAIN,-9999,1,Null,U,NON-COLLISION,1,PICKUP,N,82,1,GOING STRAIGHT,APPARENTLY NORMAL,Null,Null,Null,CATTLE,Null,Null,Null,Null,Null,Null,Null,Null,Null,Null,Null,Null,DRY,DAWN,NONE,NHP,2198816,Null,Null,Null,2015-10-01T13:49:00.000Z,{A63C4B03-3783-4FAD-AE7C-585867ABCDDD}
303224,553543.1585,4225038.841,38.17,-116.4,2015-10-01,BIG HORN SHEEP,INJURY CRASH,NYE,Thu Oct 01 00:00:00 PDT 2015,Sun Dec 31 13:03:00 PST 1899,13:03:00,US6,1584,E,MILE MARKER 49,CLEAR,-9999,1,Null,U,NON-COLLISION,1,MOTORCYCLE,E,66,1,GOING STRAIGHT,APPARENTLY NORMAL,Null,DRIVING TOO FAST FOR CONDITIONS,Null,OVERTURN/ROLLOVER,Null,Null,Null,Null,Null,Null,Null,Null,Null,Null,BIG HORN SHEEP,Null,DRY,DAYLIGHT,ANIMAL IN ROADWAY,NHP,2297340,Null,Null,YES,2015-10-01T20:03:00.000Z,{40F35575-8E74-4A34-93BD-FA75248BCC23}
323986,297421.1026,4408210.667,39.8,-119.4,2015-10-08,UNKNOWN,PROPERTY DAMAGE ONLY,WASHOE,Thu Oct 08 00:00:00 PDT 2015,Sun Dec 31 18:15:00 PST 1899,18:15:00,SR447,3000,S,VALLEY RD,UNKNOWN,-9999,-9999,PDO,Null,NON-COLLISION,1,"SEDAN, 4 DOOR",S,-9999,-9999,NOT REPORTED,APPARENTLY NORMAL,Null,OBJECT AVOIDANCE,Null,Null,Null,Null,Null,Null,Null,Null,Null,Null,Null,Null,Null,Null,Null,Null,Null,PDTP,2215878,Null,Null,Null,2015-10-09T01:15:00.000Z,{C118A824-4B2E-43D8-B45B-CAD3BB0238E7}
303387,283475.9173,4353684.492,39.31,-119.5,2015-10-08,HORSE,INJURY CRASH,LYON,Thu Oct 08 00:00:00 PDT 2015,Sun Dec 31 19:36:00 PST 1899,19:36:00,US50,1212,E,MILE MARKER 12,CLEAR,-9999,1,Null,U,NON-COLLISION,1,SEDAN,E,42,2,GOING STRAIGHT,APPARENTLY NORMAL,Null,Null,Null,HORSE,Null,Null,Null,Null,Null,Null,Null,Null,Null,Null,Null,Null,DRY,DARK - NO LIGHTING,NONE,NHP,2199177,Null,Null,Null,2015-10-09T02:36:00.000Z,{C9F99FB3-A76D-49FB-BA55-B8CC75C39BD1}
303377,559096.5645,4500146.263,40.65,-116.3,2015-10-08,DEER,PROPERTY DAMAGE ONLY,EUREKA,Thu Oct 08 00:00:00 PDT 2015,Sun Dec 31 01:45:00 PST 1899,1:45:00,IR80W,1056,W,MILE MARKER 17,CLEAR,-9999,-9999,PDO,Null,NON-COLLISION,1,"SEDAN, 4 DOOR",W,34,1,GOING STRAIGHT,APPARENTLY NORMAL,Null,OBJECT AVOIDANCE,Null,DEER,Null,Null,Null,Null,Null,Null,Null,Null,Null,Null,Null,Null,DRY,DARK - NO LIGHTING,ANIMAL IN ROADWAY,NHP,2199156,Null,Null,Null,2015-10-08T08:45:00.000Z,{2A241287-58E3-4E4D-8060-8D59591A3765}
315494,705514.4375,4549826.5,41.07,-114.6,2015-10-08,DEER,INJURY CRASH,ELKO,Thu Oct 08 00:00:00 PDT 2015,Sun Dec 31 07:15:00 PST 1899,7:15:00,IR80W,1056,E,MILE MARKER 96,CLOUDY,-9999,1,Null,C,NON-COLLISION,1,PICKUP,W,32,1,GOING STRAIGHT,APPARENTLY NORMAL,Null,EXCEEDED AUTHORIZED SPEED LIMIT,Null,DEER,Null,Null,Null,Null,Null,Null,Null,Null,Null,Null,Null,Null,DRY,DAYLIGHT,ANIMAL IN ROADWAY,NHP,2297657,Null,Null,Null,2015-10-08T14:15:00.000Z,{55AB81F6-BE6B-4C82-9B99-14CB1E72E5DC}
303382,404960.2265,4274134.983,38.61,-118.1,2015-10-08,CATTLE,PROPERTY DAMAGE ONLY,MINERAL,Thu Oct 08 00:00:00 PDT 2015,Sun Dec 31 11:45:00 PST 1899,11:45:00,SR361,2112,N,MILE MARKER 10,CLEAR,-9999,-9999,PDO,Null,NON-COLLISION,1,PICKUP,S,28,1,GOING STRAIGHT,APPARENTLY NORMAL,Null,OBJECT AVOIDANCE,Null,CATTLE,Null,Null,Null,Null,Null,Null,Null,Null,Null,Null,Null,Null,DRY,DAYLIGHT,ANIMAL IN ROADWAY,NHP,2199166,Null,Null,Null,2015-10-08T18:45:00.000Z,{05653930-CC20-4FB0-AB98-3305BE06F261}
307287,574492.3977,4478029.953,40.45,-116.1,2015-10-15,DEER,PROPERTY DAMAGE ONLY,EUREKA,Thu Oct 15 00:00:00 PDT 2015,Sun Dec 31 09:48:00 PST 1899,9:48:00,SR278,2112,S,MILE MARKER 67,CLEAR,-9999,-9999,PDO,Null,NON-COLLISION,1,"SEDAN, 4 DOOR",S,77,1,GOING STRAIGHT,APPARENTLY NORMAL,Null,OBJECT AVOIDANCE,Null,DEER,Null,Null,Null,Null,Null,Null,Null,Null,Null,Null,Null,Null,DRY,DAYLIGHT,ANIMAL IN ROADWAY,NHP,2210726,Null,Null,Null,2015-10-15T16:48:00.000Z,{57F69D44-E085-4B47-A156-A4D860359EE6}