OBJECTID,X,Y,Latitude,Longitude,Date,AnimalType,Crash_Seve,County,Crash_Date_Original,Crash_Time_Original,Crash_Time,Primary_St,Distance,Dir,Secondary_,Weather,Fatalities,Injured,Property_D,Injury_Typ,Crash_Type,Total_Vehi,V1_Type,V1_Dir,V1_Driver_,V1_Lane_Nu,V1_Action,V1_Driver1,V1_Drive_1,V1_Vehicle,V1_Most_Ha,V1_All_Eve,V2_Type,V2_Dir,V2_Driver_,V2_Lane_Nu,V2_Action,V2_Driver1,V2_Drive_1,V2_Vehicle,V2_Most_Ha,V2_All_Eve,First_Harm,Nonmotoris,Factors_Ro,Lighting,HWY_Factor,Agency,Accident_R,Pedalcycli,Pedestrian,Motorcycli,CrashDateT,GlobalID
315636,246908.6425,4346303.497,39.23,-119.9,2015-10-15,DEER,PROPERTY DAMAGE ONLY,WASHOE,Thu Oct 15 00:00:00 PDT 2015,Sun Dec 31 21:09:00 PST 1899,21:09:00,SR28,528,S,MILE MARKER 5,CLEAR,-9999,-9999,PDO,Null,NON-COLLISION,1,STATION WAGON,S,-9999,-9999,GOING STRAIGHT,APPARENTLY NORMAL,Null,Null,Null,Null,Null,Null,Null,Null,Null,Null,Null,Null,Null,Null,Null,Null,Null,Null,Null,NHP,2210761,Null,Null,Null,2015-10-16T04:09:00.000Z,{0F362A29-AC9E-4EEE-82C3-6B0D61451044}
315648,489092.8812,4418194.2,39.91,-117.1,2015-10-15,DEER,PROPERTY DAMAGE ONLY,LANDER,Thu Oct 15 00:00:00 PDT 2015,Sun Dec 31 17:10:00 PST 1899,17:10:00,SR305,0,Null,MILE MARKER 62,UNKNOWN,-9999,-9999,PDO,Null,NON-COLLISION,1,PICKUP,N,47,1,GOING STRAIGHT,APPARENTLY NORMAL,Null,Null,Null,DEER,Null,Null,Null,Null,Null,Null,Null,Null,Null,Null,Null,Null,DRY,DUSK,ANIMAL IN ROADWAY,NHP,2210791,Null,Null,Null,2015-10-16T00:10:00.000Z,{424C81C8-8A0E-45DB-84F8-7C7C2BDF2532}
307289,627137.8094,4028858.53,36.4,-115.6,2015-10-15,BURRO,PROPERTY DAMAGE ONLY,CLARK,Thu Oct 15 00:00:00 PDT 2015,Sun Dec 31 11:50:00 PST 1899,11:50:00,SR156,320,E,MILE MARKER 9,CLOUDY,-9999,-9999,PDO,Null,NON-COLLISION,1,CARRY-ALL,W,66,1,GOING STRAIGHT,APPARENTLY NORMAL,Null,Null,Null,BURRO,Null,Null,Null,Null,Null,Null,Null,Null,Null,Null,Null,Null,DRY,DAYLIGHT,ANIMAL IN ROADWAY,NHP,2210730,Null,Null,Null,2015-10-15T18:50:00.000Z,{A2D349EF-6837-4661-A46A-90D9F23423D9}
315765,703563.2769,4550273.704,41.08,-114.6,2015-10-22,DEER,PROPERTY DAMAGE ONLY,ELKO,Thu Oct 22 00:00:00 PDT 2015,Sun Dec 31 13:10:00 PST 1899,13:10:00,IR80W,30,E,MILE MARKER 95,CLEAR,-9999,-9999,PDO,Null,NON-COLLISION,1,CARRY-ALL,W,76,2,GOING STRAIGHT,APPARENTLY NORMAL,Null,Null,Null,DEER,Null,Null,Null,Null,Null,Null,Null,Null,Null,Null,Null,Null,DRY,DAYLIGHT,ANIMAL IN ROADWAY,NHP,2211071,Null,Null,Null,2015-10-22T20:10:00.000Z,{9DC60DAA-DB0E-4600-B4AA-D4D767EF73C4}
315893,436452.701,4620528.627,41.73,-117.8,2015-10-29,DEER,PROPERTY DAMAGE ONLY,HUMBOLDT,Thu Oct 29 00:00:00 PDT 2015,Sun Dec 31 06:45:00 PST 1899,6:45:00,US95N,20,S,MILE MARKER 55,CLOUDY,-9999,-9999,PDO,Null,NON-COLLISION,1,"HATCHBACK, 4 DOOR",N,64,1,GOING STRAIGHT,APPARENTLY NORMAL,Null,OBJECT AVOIDANCE,Null,DEER,Null,Null,Null,Null,Null,Null,Null,Null,Null,Null,Null,Null,DRY,DAWN,ANIMAL IN ROADWAY,NHP,2211398,Null,Null,Null,2015-10-29T13:45:00.000Z,{CB2CB6A8-4293-45A8-9C29-A1DF8B843FFD}
315895,708295.142,4548284.272,41.06,-114.5,2015-10-29,DEER,PROPERTY DAMAGE ONLY,ELKO,Thu Oct 29 00:00:00 PDT 2015,Sun Dec 31 08:45:00 PST 1899,8:45:00,IR80E,1320,E,MILE MARKER 98,CLOUDY,-9999,-9999,PDO,Null,NON-COLLISION,1,SEMI,E,51,2,GOING STRAIGHT,APPARENTLY NORMAL,Null,Null,Null,DEER,Null,Null,Null,Null,Null,Null,Null,Null,Null,Null,Null,Null,DRY,DAYLIGHT,ANIMAL IN ROADWAY,NHP,2211400,Null,Null,Null,2015-10-29T15:45:00.000Z,{1512B7BA-E60C-4BB5-B217-DF87BCC10FEB}
315906,594657.01,4515139.279,40.78,-115.9,2015-10-29,DEER,PROPERTY DAMAGE ONLY,ELKO,Thu Oct 29 00:00:00 PDT 2015,Sun Dec 31 18:23:00 PST 1899,18:23:00,IR80W,572,E,MILE MARKER 17,CLEAR,-9999,-9999,PDO,Null,NON-COLLISION,1,PICKUP,W,45,2,GOING STRAIGHT,APPARENTLY NORMAL,Null,Null,Null,DEER,Null,Null,Null,Null,Null,Null,Null,Null,Null,Null,Null,Null,DRY,DARK - NO LIGHTING,ANIMAL IN ROADWAY,NHP,2211433,Null,Null,Null,2015-10-30T01:23:00.000Z,{F3352472-F637-4F49-A949-6E310F397F34}
315907,245576.8767,4378706.628,39.52,-120,2015-10-29,DEER,PROPERTY DAMAGE ONLY,WASHOE,Thu Oct 29 00:00:00 PDT 2015,Sun Dec 31 19:44:00 PST 1899,19:44:00,SR425,3168,E,SUMMERSET DR,CLEAR,-9999,-9999,PDO,Null,NON-COLLISION,1,UTILITY,E,62,1,GOING STRAIGHT,APPARENTLY NORMAL,Null,Null,Null,DEER,Null,Null,Null,Null,Null,Null,Null,Null,Null,Null,Null,Null,DRY,DARK - NO LIGHTING,NONE,NHP,2211437,Null,Null,Null,2015-10-30T02:44:00.000Z,{69659738-92A4-4AD2-989B-B2DADE8A6732}
382496,263464.0044,4339071.466,39.17,-119.7,2015-10-29,COYOTE,PROPERTY DAMAGE ONLY,CARSON CITY,Thu Oct 29 00:00:00 PDT 2015,Sun Dec 31 20:40:00 PST 1899,20:40:00,IR580N,0,Null,MILE MARKER 4.48,CLEAR,-9999,-9999,PDO,Null,NON-COLLISION,1,SEDAN,N,19,2,GOING STRAIGHT,APPARENTLY NORMAL,Null,OBJECT AVOIDANCE,Null,DOG/COYOTE,Null,Null,Null,Null,Null,Null,Null,Null,Null,Null,Null,Null,DRY,DARK - NO LIGHTING,ANIMAL IN ROADWAY,NHP,2211438,Null,Null,Null,2015-10-30T03:40:00.000Z,{4AC1B4D5-BBFB-46DB-8A55-B842E95A85B0}
302439,586250.236,4380223.838,39.57,-116,2015-09-03,DEER,PROPERTY DAMAGE ONLY,EUREKA,Thu Sep 03 00:00:00 PDT 2015,Sun Dec 31 05:45:00 PST 1899,5:45:00,SR278,0,Null,MILE MARKER 1,CLEAR,-9999,-9999,PDO,Null,NON-COLLISION,1,"SEDAN, 4 DOOR",S,23,1,GOING STRAIGHT,"FELL ASLEEP, FAINTED, FATIGUED, ETC.",Null,Null,Null,DEER,Null,Null,Null,Null,Null,Null,Null,Null,Null,Null,Null,Null,DRY,DAWN,ANIMAL IN ROADWAY,NHP,2197473,Null,Null,Null,2015-09-03T12:45:00.000Z,{CDBCA573-1E8B-444D-BB08-5DD2B63C1A65}
361937,746034.0984,4514248.752,40.74,-114.1,2015-09-03,ANTELOPE,PROPERTY DAMAGE ONLY,ELKO,Thu Sep 03 00:00:00 PDT 2015,Sun Dec 31 21:15:00 PST 1899,21:15:00,WENDOVER BLVD,2640,W,PUEBLO BLVD,CLEAR,-9999,-9999,PDO,Null,NON-COLLISION,1,"SEDAN, 4 DOOR",E,36,1,GOING STRAIGHT,APPARENTLY NORMAL,Null,Null,Null,ANTELOPE,Null,Null,Null,Null,Null,Null,Null,Null,Null,Null,Null,Null,DRY,DARK - NO LIGHTING,ANIMAL IN ROADWAY,WWPD,2360637,Null,Null,Null,2015-09-04T04:15:00.000Z,{060E43DC-846D-4B20-A56C-206CD8463139}
302356,348241.8977,4365584.965,39.43,-118.8,2015-09-24,SHEEP,PROPERTY DAMAGE ONLY,CHURCHILL,Thu Sep 24 00:00:00 PDT 2015,Sun Dec 31 22:30:00 PST 1899,22:30:00,SR115,1637,S,MILE MARKER 2,CLEAR,-9999,-9999,PDO,Null,NON-COLLISION,1,PICKUP,S,27,1,GOING STRAIGHT,APPARENTLY NORMAL,Null,UNKNOWN,Null,OTHER ANIMAL,Null,Null,Null,Null,Null,Null,Null,Null,Null,Null,Null,Null,DRY,DARK - NO LIGHTING,NONE,NHP,2198498,Null,Null,Null,2015-09-25T05:30:00.000Z,{7D15F485-F579-423F-9201-403AF450E1D5}
315261,667191.5608,4517447.938,40.79,-115,2015-09-24,COYOTE,PROPERTY DAMAGE ONLY,ELKO,Thu Sep 24 00:00:00 PDT 2015,Sun Dec 31 00:15:00 PST 1899,0:15:00,US93N,180,N,MILE MARKER 52,CLEAR,-9999,-9999,PDO,Null,NON-COLLISION,1,"SEDAN, 4 DOOR",N,50,1,GOING STRAIGHT,APPARENTLY NORMAL,Null,Null,Null,DOG/COYOTE,Null,Null,Null,Null,Null,Null,Null,Null,Null,Null,Null,Null,DRY,DARK - NO LIGHTING,NONE,NHP,2296953,Null,Null,Null,2015-09-24T07:15:00.000Z,{80C92847-8AD6-4D30-AB99-5E08BEF56B60}
295453,276084.9443,4293658.724,38.76,-119.6,2015-04-07,DEER,PROPERTY DAMAGE ONLY,DOUGLAS,Tue Apr 07 00:00:00 PDT 2015,Sun Dec 31 09:33:00 PST 1899,9:33:00,US395N,2550,N,MILE MARKER 5,CLOUDY,-9999,-9999,PDO,Null,NON-COLLISION,1,"HATCHBACK, 4 DOOR",N,-9999,-9999,GOING STRAIGHT,APPARENTLY NORMAL,Null,UNKNOWN,Null,Null,Null,Null,Null,Null,Null,Null,Null,Null,Null,Null,Null,Null,Null,Null,NONE,NHP,2176965,Null,Null,Null,2015-04-07T16:33:00.000Z,{E00B59EE-6FD5-4E1D-8C49-5C7EADA48AC6}
294590,430257.9746,4583376.132,41.4,-117.8,2015-04-14,DEER,PROPERTY DAMAGE ONLY,HUMBOLDT,Tue Apr 14 00:00:00 PDT 2015,Sun Dec 31 00:20:00 PST 1899,0:20:00,SR140,1580,S,MILE MARKER 3,"BLOWING SAND, SOIL, DIRT, SNOW",-9999,-9999,PDO,Null,NON-COLLISION,1,"SEDAN, 4 DOOR",N,-9999,-9999,GOING STRAIGHT,APPARENTLY NORMAL,Null,Null,Null,Null,Null,Null,Null,Null,Null,Null,Null,Null,Null,Null,Null,Null,Null,Null,NONE,NHP,2177320,Null,Null,Null,2015-04-14T07:20:00.000Z,{CE542821-70C4-449F-ACD0-3212FD3C9B2A}
295684,348541.6318,4375010.542,39.51,-118.8,2015-04-21,DEER,INJURY CRASH,CHURCHILL,Tue Apr 21 00:00:00 PDT 2015,Sun Dec 31 13:06:00 PST 1899,13:06:00,SR726,461,S,OLD RIVER RD,CLEAR,-9999,1,Null,C,NON-COLLISION,1,VAN,W,32,-9999,GOING STRAIGHT,DRUG INVOLVEMENT,Null,OTHER IMPROPER DRIVING,Null,RAN OFF ROAD RIGHT: CROSS MEDIAN/CENTERLINE: RAN OFF ROAD LEFT: FENCE/WALL: OVERTURN/ROLLOVER,Null,Null,Null,Null,Null,Null,Null,Null,Null,Null,Null,Null,DRY,DAYLIGHT,NONE,NHP,2177699,Null,Null,Null,2015-04-21T20:06:00.000Z,{69C3E689-CB86-49E7-92DE-BA7F80B816F9}
298867,607718.3972,4518856.453,40.81,-115.7,2015-04-21,DEER,PROPERTY DAMAGE ONLY,ELKO,Tue Apr 21 00:00:00 PDT 2015,Sun Dec 31 02:00:00 PST 1899,2:00:00,SR227,2640,S,MILE MARKER 3,UNKNOWN,-9999,-9999,PDO,Null,NON-COLLISION,1,CARRY-ALL,S,-9999,-9999,GOING STRAIGHT,APPARENTLY NORMAL,Null,Null,Null,Null,Null,Null,Null,Null,Null,Null,Null,Null,Null,Null,Null,Null,Null,Null,NONE,NHP,2177676,Null,Null,Null,2015-04-21T09:00:00.000Z,{278519EF-08CE-48C5-9342-FEB2A816E147}
413126,744359.8564,4185322.306,37.78,-114.2,2015-04-21,DEER,INJURY CRASH,LINCOLN,Tue Apr 21 00:00:00 PDT 2015,Sun Dec 31 08:45:00 PST 1899,8:45:00,SR319,33,E,STATE HWY 75,CLEAR,-9999,1,Null,B,NON-COLLISION,1,MOTORCYCLE,W,53,1,GOING STRAIGHT,APPARENTLY NORMAL,Null,Null,Null,DEER: RAN OFF ROAD RIGHT: HIGHWAY TRAFFIC SIGN POST: OVERTURN/ROLLOVER,Null,Null,Null,Null,Null,Null,Null,Null,Null,Null,Null,Null,DRY,DAYLIGHT,ANIMAL IN ROADWAY,NHP,2289322,Null,Null,YES,2015-04-21T15:45:00.000Z,{114C203D-B28A-457A-9442-869EE40A21A4}
297723,723793.2381,4175961.56,37.7,-114.5,2015-04-28,DEER,INJURY CRASH,LINCOLN,Tue Apr 28 00:00:00 PDT 2015,Sun Dec 31 20:16:00 PST 1899,20:16:00,US93N,1056,N,MILE MARKER 101,CLEAR,-9999,1,Null,C,NON-COLLISION,1,VAN,N,35,1,GOING STRAIGHT,APPARENTLY NORMAL,Null,Null,Null,DEER,Null,Null,Null,Null,Null,Null,Null,Null,Null,Null,Null,Null,DRY,DARK - NO LIGHTING,ANIMAL IN ROADWAY,NHP,2178061,Null,Null,Null,2015-04-29T03:16:00.000Z,{D1D9638B-0911-40B8-BDF9-D800EF5C60C1}
302464,424649.8938,4527401.273,40.89,-117.9,2015-08-18,CATTLE,PROPERTY DAMAGE ONLY,HUMBOLDT,Tue Aug 18 00:00:00 PDT 2015,Sun Dec 31 21:57:00 PST 1899,21:57:00,ROSE CREEK RD,53,E,MILE MARKER 1,CLEAR,-9999,-9999,PDO,Null,NON-COLLISION,1,"SEDAN, 4 DOOR",E,35,1,GOING STRAIGHT,APPARENTLY NORMAL,Null,Null,Null,CATTLE,Null,Null,Null,Null,Null,Null,Null,Null,Null,Null,Null,Null,DRY,DARK - NO LIGHTING,NONE,NHP,2295242,Null,Null,Null,2015-08-19T04:57:00.000Z,{DC4E3146-A541-4FD7-9297-F33F44855854}
302383,400636.365,4255127.314,38.44,-118.1,2015-08-25,BURRO,PROPERTY DAMAGE ONLY,MINERAL,Tue Aug 25 00:00:00 PDT 2015,Sun Dec 31 23:10:00 PST 1899,23:10:00,US95N,2640,S,MILE MARKER 20,CLEAR,-9999,-9999,PDO,Null,NON-COLLISION,2,PICKUP,N,51,1,GOING STRAIGHT,APPARENTLY NORMAL,Null,Null,Null,BURRO,"TRACTOR TRUCK, DIESEL",S,40,1,GOING STRAIGHT,APPARENTLY NORMAL,Null,Null,Null,BURRO: SEPARATION OF UNITS: OVERTURN/ROLLOVER,Null,Null,DRY,DARK - NO LIGHTING,Null,NHP,2197070,Null,Null,Null,2015-08-26T06:10:00.000Z,{6D2FBC73-BFBF-4EAA-BD00-8B365A16D12D}
318154,251977.044,4318597.459,38.98,-119.9,2015-12-01,BEAR,PROPERTY DAMAGE ONLY,DOUGLAS,Tue Dec 01 00:00:00 PST 2015,Sun Dec 31 18:20:00 PST 1899,18:20:00,SR207,2640,E,MILE MARKER 5,CLEAR,-9999,-9999,PDO,Null,NON-COLLISION,1,CARRY-ALL,E,68,1,GOING STRAIGHT,APPARENTLY NORMAL,Null,Null,Null,BEAR,Null,Null,Null,Null,Null,Null,Null,Null,Null,Null,Null,Null,DRY,DARK - NO LIGHTING,ANIMAL IN ROADWAY,NHP,2213272,Null,Null,Null,2015-12-02T02:20:00.000Z,{2C6BDBDA-9978-4D74-A2D0-0955D582EDB6}
324356,296312.1031,4414601.628,39.86,-119.4,2015-12-15,UNKNOWN,PROPERTY DAMAGE ONLY,WASHOE,Tue Dec 15 00:00:00 PST 2015,Sun Dec 31 17:55:00 PST 1899,17:55:00,SR447,2000,N,WINNEMUCCA ST,CLEAR,-9999,-9999,PDO,Null,NON-COLLISION,1,PICKUP,S,-9999,-9999,GOING STRAIGHT,APPARENTLY NORMAL,Null,Null,Null,Null,Null,Null,Null,Null,Null,Null,Null,Null,Null,Null,Null,Null,Null,Null,NONE,PDTP,2227966,Null,Null,Null,2015-12-16T01:55:00.000Z,{3BA9AAD5-87DE-4D02-AB1B-1A602E41C9C5}
319894,657157.5072,4551070.22,41.1,-115.1,2015-12-29,DEER,PROPERTY DAMAGE ONLY,ELKO,Tue Dec 29 00:00:00 PST 2015,Sun Dec 31 04:48:00 PST 1899,4:48:00,IR80W,500,W,MILE MARKER 65,SNOW,-9999,-9999,PDO,Null,NON-COLLISION,1,SEMI,W,51,-9999,NOT REPORTED,APPARENTLY NORMAL,Null,FAILURE TO KEEP IN PROPER LANE OR RUNNING OFF ROAD: RAN OFF ROAD: UNSAFE LANE CHANGE,Null,RAN OFF ROAD RIGHT: GUARDRAIL FACE,Null,Null,Null,Null,Null,Null,Null,Null,Null,Null,Null,Null,DRY,DARK - NO LIGHTING,"WET, ICY, SNOW, SLUSH",NHP,2224320,Null,Null,Null,2015-12-29T12:48:00.000Z,{B0004BCB-9980-4D09-A0F2-5147B5529C34}
286599,676101.1304,4485998.135,40.51,-114.9,2015-02-03,ELK,PROPERTY DAMAGE ONLY,ELKO,Tue Feb 03 00:00:00 PST 2015,Sun Dec 31 21:30:00 PST 1899,21:30:00,US93N,100,S,MILE MARKER 31,CLOUDY,-9999,-9999,PDO,Null,NON-COLLISION,1,"HATCHBACK, 4 DOOR",S,-9999,-9999,GOING STRAIGHT,APPARENTLY NORMAL,Null,Null,Null,Null,Null,Null,Null,Null,Null,Null,Null,Null,Null,Null,Null,Null,Null,Null,Null,NHP,2174062,Null,Null,Null,2015-02-04T05:30:00.000Z,{A2B1D7FC-E524-47B4-9459-F187AB6F3D7B}
286429,680980.3205,4553285.376,41.11,-114.8,2015-02-03,DEER,INJURY CRASH,ELKO,Tue Feb 03 00:00:00 PST 2015,Sun Dec 31 20:45:00 PST 1899,20:45:00,IR80E,82,E,MILE MARKER 80,CLOUDY,-9999,1,Null,C,NON-COLLISION,1,CARRY-ALL,E,25,1,GOING STRAIGHT,APPARENTLY NORMAL,Null,OBJECT AVOIDANCE,Null,RAN OFF ROAD LEFT: OVERTURN/ROLLOVER,Null,Null,Null,Null,Null,Null,Null,Null,Null,Null,Null,Null,DRY,DARK - NO LIGHTING,NONE,NHP,2174059,Null,Null,Null,2015-02-04T04:45:00.000Z,{19B56B93-165D-4A86-957E-1F7CB7E19684}
286498,437391.5146,4623272.313,41.76,-117.8,2015-02-10,DEER,PROPERTY DAMAGE ONLY,HUMBOLDT,Tue Feb 10 00:00:00 PST 2015,Sun Dec 31 18:04:00 PST 1899,18:04:00,US95N,1056,S,MILE MARKER 57,CLEAR,-9999,-9999,PDO,Null,NON-COLLISION,1,VAN,S,-9999,-9999,GOING STRAIGHT,APPARENTLY NORMAL,Null,Null,Null,Null,Null,Null,Null,Null,Null,Null,Null,Null,Null,Null,Null,Null,Null,Null,Null,NHP,2174367,Null,Null,Null,2015-02-11T02:04:00.000Z,{5B6C8A91-7190-4F58-91D4-34741C961D5A}
286546,632998.4541,3987535.58,36.02,-115.5,2015-02-10,DEER,PROPERTY DAMAGE ONLY,CLARK,Tue Feb 10 00:00:00 PST 2015,Sun Dec 31 14:29:00 PST 1899,14:29:00,SR160,310,N,MILE MARKER 22,CLEAR,-9999,-9999,PDO,Null,NON-COLLISION,1,PICKUP,U,-9999,1,GOING STRAIGHT,Null,Null,Null,Null,DEER,Null,Null,Null,Null,Null,Null,Null,Null,Null,Null,Null,Null,DRY,UNKNOWN,NONE,NHP,2174352,Null,Null,Null,2015-02-10T22:29:00.000Z,{625814C2-26DB-4BDD-B17A-71490A277D4F}
284353,343803.2282,4371032.751,39.47,-118.8,2015-02-17,DEER,PROPERTY DAMAGE ONLY,CHURCHILL,Tue Feb 17 00:00:00 PST 2015,Sun Dec 31 06:20:00 PST 1899,6:20:00,ALCORN RD,80,W,BOTTOM RD,UNKNOWN,-9999,-9999,PDO,Null,NON-COLLISION,1,"SEDAN, 4 DOOR",E,36,1,GOING STRAIGHT,OTHER IMPROPER DRIVING,Null,EXCEEDED AUTHORIZED SPEED LIMIT: OBJECT AVOIDANCE,Null,DEER,Null,Null,Null,Null,Null,Null,Null,Null,Null,Null,Null,Null,DRY,DAWN,UNKNOWN,CHSO,2309276,Null,Null,Null,2015-02-17T14:20:00.000Z,{A140C6B4-B522-44F5-89E6-49103513113C}
287876,269321.106,4400694.708,39.72,-119.7,2015-02-17,DEER,PROPERTY DAMAGE ONLY,WASHOE,Tue Feb 17 00:00:00 PST 2015,Sun Dec 31 03:59:00 PST 1899,3:59:00,SR445,398,N,PARTEI VALLEY RD,CLEAR,-9999,-9999,PDO,Null,NON-COLLISION,1,PICKUP,S,-9999,-9999,GOING STRAIGHT,APPARENTLY NORMAL,Null,Null,Null,Null,Null,Null,Null,Null,Null,Null,Null,Null,Null,Null,Null,Null,Null,Null,NONE,NHP,2174653,Null,Null,Null,2015-02-17T11:59:00.000Z,{02EFF2CE-6401-4745-B6B5-16A486CDB064}
286615,312092.4869,4255710.983,38.43,-119.2,2015-02-24,HORSE,PROPERTY DAMAGE ONLY,LYON,Tue Feb 24 00:00:00 PST 2015,Sun Dec 31 21:54:00 PST 1899,21:54:00,SR338,528,N,MILE MARKER 1,CLEAR,-9999,-9999,PDO,Null,NON-COLLISION,1,"HATCHBACK, 4 DOOR",N,-9999,-9999,GOING STRAIGHT,APPARENTLY NORMAL,Null,OBJECT AVOIDANCE,Null,Null,Null,Null,Null,Null,Null,Null,Null,Null,Null,Null,Null,Null,Null,Null,Null,NHP,2175033,Null,Null,Null,2015-02-25T05:54:00.000Z,{F4FC0720-54DE-4BDA-8945-D51B5F6D6F39}
286707,680231.1044,3929560.889,35.49,-115,2015-01-06,CATTLE,PROPERTY DAMAGE ONLY,CLARK,Tue Jan 06 00:00:00 PST 2015,Sun Dec 31 18:10:00 PST 1899,18:10:00,SR164,0,Null,MILE MARKER 13,CLEAR,-9999,-9999,PDO,Null,NON-COLLISION,1,"HARDTOP, 4 DOOR",E,62,1,GOING STRAIGHT,APPARENTLY NORMAL,Null,Null,Null,CATTLE,Null,Null,Null,Null,Null,Null,Null,Null,Null,Null,Null,Null,DRY,DARK - NO LIGHTING,NONE,NHP,2172703,Null,Null,Null,2015-01-07T02:10:00.000Z,{A02F0765-3632-40A8-A90A-6E2099AE81D9}
413075,740261.4224,4186096.561,37.79,-114.3,2015-01-13,DEER,PROPERTY DAMAGE ONLY,LINCOLN,Tue Jan 13 00:00:00 PST 2015,Sun Dec 31 17:12:00 PST 1899,17:12:00,SR319,2500,W,MILE MARKER 58,UNKNOWN,-9999,-9999,PDO,Null,NON-COLLISION,1,CARRY-ALL,W,30,1,GOING STRAIGHT,APPARENTLY NORMAL,Null,UNKNOWN,Null,DEER,Null,Null,Null,Null,Null,Null,Null,Null,Null,Null,Null,Null,DRY,DARK - NO LIGHTING,ANIMAL IN ROADWAY,NHP,2173054,Null,Null,Null,2015-01-14T01:12:00.000Z,{FBF7BC16-6CE1-4D9A-A570-D1B0864AD4A5}
286763,718510.1076,4204176.291,37.96,-114.5,2015-01-20,DEER,PROPERTY DAMAGE ONLY,LINCOLN,Tue Jan 20 00:00:00 PST 2015,Sun Dec 31 13:57:00 PST 1899,13:57:00,SR320,800,N,MILE MARKER 9,CLEAR,-9999,-9999,PDO,Null,NON-COLLISION,1,PICKUP,N,42,1,GOING STRAIGHT,APPARENTLY NORMAL,Null,Null,Null,DEER,Null,Null,Null,Null,Null,Null,Null,Null,Null,Null,Null,Null,DRY,DAYLIGHT,ANIMAL IN ROADWAY,NHP,2173354,Null,Null,Null,2015-01-20T21:57:00.000Z,{5C404AD6-92EA-4B52-A5BE-63A435DD6F0D}
286913,347194.513,4383486.425,39.59,-118.8,2015-01-27,DOG/COYOTE,INJURY CRASH,CHURCHILL,Tue Jan 27 00:00:00 PST 2015,Sun Dec 31 15:03:00 PST 1899,15:03:00,US95N,528,N,MILE MARKER 34,RAIN,-9999,1,Null,C,REAR-END,2,"SEDAN, 4 DOOR",N,88,1,GOING STRAIGHT,Null,Null,Null,Null,SLOW/STOPPED VEHICLE,"SEDAN, 4 DOOR",N,60,1,STOPPED,APPARENTLY NORMAL,Null,Null,Null,Null,DOG/COYOTE,Null,DRY,DAYLIGHT,ANIMAL IN ROADWAY,NHP,2285306,Null,Null,Null,2015-01-27T23:03:00.000Z,{DB90E8CA-D2A9-4BE2-B954-5A4D9D3D9C6E}
286390,663015.439,4365871.673,39.43,-115.1,2015-01-27,DEER,PROPERTY DAMAGE ONLY,WHITE PINE,Tue Jan 27 00:00:00 PST 2015,Sun Dec 31 18:36:00 PST 1899,18:36:00,US50,1500,E,MILE MARKER 48,RAIN,-9999,-9999,PDO,Null,NON-COLLISION,1,PICKUP,E,-9999,-9999,GOING STRAIGHT,APPARENTLY NORMAL,Null,Null,Null,Null,Null,Null,Null,Null,Null,Null,Null,Null,Null,Null,Null,Null,Null,Null,Null,NHP,2173702,Null,Null,Null,2015-01-28T02:36:00.000Z,{574E61F4-F5BB-4B3A-B536-5DF9EE982C89}
286480,578989.1695,4399900.157,39.75,-116.1,2015-01-27,DEER,PROPERTY DAMAGE ONLY,EUREKA,Tue Jan 27 00:00:00 PST 2015,Sun Dec 31 07:05:00 PST 1899,7:05:00,SR278,250,N,MILE MARKER 14,CLOUDY,-9999,-9999,PDO,Null,NON-COLLISION,1,"HATCHBACK, 4 DOOR",N,40,1,GOING STRAIGHT,APPARENTLY NORMAL,Null,OBJECT AVOIDANCE,Null,DEER,Null,Null,Null,Null,Null,Null,Null,Null,Null,Null,Null,Null,DRY,DAYLIGHT,ANIMAL IN ROADWAY,NHP,2173665,Null,Null,Null,2015-01-27T15:05:00.000Z,{DCAE7E6F-A9AD-4059-87BA-EC9E88345AA2}
294741,643782.4342,4029445.308,36.4,-115.4,2015-07-14,OTHER ANIMAL,PROPERTY DAMAGE ONLY,CLARK,Tue Jul 14 00:00:00 PDT 2015,Sun Dec 31 01:20:00 PST 1899,1:20:00,US95S,980,N,MILE MARKER 99,CLEAR,-9999,-9999,PDO,Null,NON-COLLISION,1,CONVERTIBLE,S,33,1,GOING STRAIGHT,APPARENTLY NORMAL,Null,FAILURE TO KEEP IN PROPER LANE OR RUNNING OFF ROAD: UNSAFE LANE CHANGE,Null,OTHER ANIMAL: RAN OFF ROAD RIGHT: EMBANKMENT: EMBANKMENT,Null,Null,Null,Null,Null,Null,Null,Null,Null,Null,Null,Null,DRY,DARK - NO LIGHTING,ANIMAL IN ROADWAY,NHP,2181856,Null,Null,Null,2015-07-14T08:20:00.000Z,{ECB8E22F-98FD-4330-B799-4622A833D032}