OBJECTID,X,Y,Latitude,Longitude,Date,AnimalType,Crash_Seve,County,Crash_Date_Original,Crash_Time_Original,Crash_Time,Primary_St,Distance,Dir,Secondary_,Weather,Fatalities,Injured,Property_D,Injury_Typ,Crash_Type,Total_Vehi,V1_Type,V1_Dir,V1_Driver_,V1_Lane_Nu,V1_Action,V1_Driver1,V1_Drive_1,V1_Vehicle,V1_Most_Ha,V1_All_Eve,V2_Type,V2_Dir,V2_Driver_,V2_Lane_Nu,V2_Action,V2_Driver1,V2_Drive_1,V2_Vehicle,V2_Most_Ha,V2_All_Eve,First_Harm,Nonmotoris,Factors_Ro,Lighting,HWY_Factor,Agency,Accident_R,Pedalcycli,Pedestrian,Motorcycli,CrashDateT,GlobalID
295461,270627.762,4344309.47,39.22,-119.7,2015-07-14,HORSE,PROPERTY DAMAGE ONLY,LYON,Tue Jul 14 00:00:00 PDT 2015,Sun Dec 31 22:00:00 PST 1899,22:00:00,US50,2500,E,MILE MARKER 1,CLEAR,-9999,-9999,PDO,Null,NON-COLLISION,1,"SEDAN, 4 DOOR",E,-9999,-9999,GOING STRAIGHT,APPARENTLY NORMAL,Null,Null,Null,Null,Null,Null,Null,Null,Null,Null,Null,Null,Null,Null,Null,Null,Null,Null,Null,NHP,2181893,Null,Null,Null,2015-07-15T05:00:00.000Z,{8B532FF5-882C-4ED3-B51A-D20FC7F1ED71}
295384,371710.348,4444307.644,40.14,-118.5,2015-07-14,DEER,PROPERTY DAMAGE ONLY,PERSHING,Tue Jul 14 00:00:00 PDT 2015,Sun Dec 31 07:30:00 PST 1899,7:30:00,IR80E,375,E,MILE MARKER 14,CLEAR,-9999,-9999,PDO,Null,NON-COLLISION,1,PICKUP,E,-9999,-9999,GOING STRAIGHT,APPARENTLY NORMAL,Null,Null,Null,Null,Null,Null,Null,Null,Null,Null,Null,Null,Null,Null,Null,Null,Null,Null,NONE,NHP,2181865,Null,Null,Null,2015-07-14T14:30:00.000Z,{86D46070-8AA4-4A35-BD67-C7B7EC55EB75}
299255,271075.509,4344442.315,39.22,-119.7,2015-07-28,DOG/COYOTE,INJURY CRASH,LYON,Tue Jul 28 00:00:00 PDT 2015,Sun Dec 31 20:55:00 PST 1899,20:55:00,US50,300,E,AFFONSO DR,CLEAR,-9999,1,Null,C,NON-COLLISION,1,SEDAN,W,25,1,GOING STRAIGHT,APPARENTLY NORMAL,Null,Null,Null,DOG/COYOTE,Null,Null,Null,Null,Null,Null,Null,Null,Null,Null,Null,Null,DRY,DARK - NO LIGHTING,ANIMAL IN ROADWAY,NHP,2294226,Null,Null,Null,2015-07-29T03:55:00.000Z,{6882B00D-C7E3-40F3-B1AD-BC14D9C7C660}
314235,580780.2269,4216986.798,38.1,-116.1,2015-07-28,DEER,PROPERTY DAMAGE ONLY,NYE,Tue Jul 28 00:00:00 PDT 2015,Sun Dec 31 13:00:00 PST 1899,13:00:00,SR375,0,Null,MILE MARKER 20,CLEAR,-9999,-9999,PDO,Null,NON-COLLISION,1,"HATCHBACK, 4 DOOR",W,44,1,GOING STRAIGHT,APPARENTLY NORMAL,Null,OBJECT AVOIDANCE,Null,DEER,Null,Null,Null,Null,Null,Null,Null,Null,Null,Null,Null,Null,DRY,DAYLIGHT,ANIMAL IN ROADWAY,NHP,2294203,Null,Null,Null,2015-07-28T20:00:00.000Z,{A120D48C-6604-404F-A4E0-D3BC3E7990E9}
295822,408242.1066,4503161.743,40.67,-118.1,2015-06-02,DEER,PROPERTY DAMAGE ONLY,PERSHING,Tue Jun 02 00:00:00 PDT 2015,Sun Dec 31 05:38:00 PST 1899,5:38:00,IR80E,1584,E,MILE MARKER 60,CLEAR,-9999,-9999,PDO,Null,NON-COLLISION,1,"SEDAN, 4 DOOR",E,-9999,-9999,GOING STRAIGHT,APPARENTLY NORMAL,Null,UNKNOWN,Null,Null,Null,Null,Null,Null,Null,Null,Null,Null,Null,Null,Null,Null,Null,Null,NONE,NHP,2179691,Null,Null,Null,2015-06-02T12:38:00.000Z,{A347B61F-7BC7-4069-A4F2-2D98304C1030}
294908,246767.1982,4350641.548,39.27,-119.9,2015-06-16,DEER,PROPERTY DAMAGE ONLY,WASHOE,Tue Jun 16 00:00:00 PDT 2015,Sun Dec 31 09:30:00 PST 1899,9:30:00,SR431,325,E,MILE MARKER 3,CLEAR,-9999,-9999,PDO,Null,NON-COLLISION,1,STATION WAGON,E,-9999,-9999,GOING STRAIGHT,APPARENTLY NORMAL,Null,Null,Null,Null,Null,Null,Null,Null,Null,Null,Null,Null,Null,Null,Null,Null,Null,Null,NONE,NHP,2180470,Null,Null,Null,2015-06-16T16:30:00.000Z,{58E866CA-3D90-4E83-B02D-11096557FAAB}
297602,242199.3023,4377438.176,39.51,-120,2015-06-16,DEER,PROPERTY DAMAGE ONLY,WASHOE,Tue Jun 16 00:00:00 PDT 2015,Sun Dec 31 05:17:00 PST 1899,5:17:00,IR80W,520,W,MILE MARKER 3,CLEAR,-9999,-9999,PDO,Null,NON-COLLISION,1,PICKUP,W,-9999,-9999,GOING STRAIGHT,APPARENTLY NORMAL,Null,OBJECT AVOIDANCE,Null,Null,Null,Null,Null,Null,Null,Null,Null,Null,Null,Null,Null,Null,Null,Null,Null,NHP,2180394,Null,Null,Null,2015-06-16T12:17:00.000Z,{6EC35B3F-C7B9-4B47-BCC1-A346C56918AF}
295319,294822.1512,4415543.277,39.87,-119.4,2015-06-23,OTHER ANIMAL,INJURY CRASH,WASHOE,Tue Jun 23 00:00:00 PDT 2015,Sun Dec 31 21:14:00 PST 1899,21:14:00,SR447,528,N,MILE MARKER 19,CLEAR,-9999,1,Null,B,NON-COLLISION,1,"SEDAN, 4 DOOR",S,36,-9999,GOING STRAIGHT,APPARENTLY NORMAL,Null,OBJECT AVOIDANCE,Null,RAN OFF ROAD LEFT: OVERTURN/ROLLOVER,Null,Null,Null,Null,Null,Null,Null,Null,Null,Null,OTHER ANIMAL,Null,DRY,DARK - NO LIGHTING,ANIMAL IN ROADWAY,NHP,2292472,Null,Null,Null,2015-06-24T04:14:00.000Z,{B42FE597-E31E-4E24-BD6A-A62C236FCCDB}
296547,672436.9748,4552999.575,41.11,-114.9,2015-06-23,DEER,PROPERTY DAMAGE ONLY,ELKO,Tue Jun 23 00:00:00 PDT 2015,Sun Dec 31 22:12:00 PST 1899,22:12:00,US93N,528,S,MILE MARKER 75,CLEAR,-9999,-9999,PDO,Null,NON-COLLISION,1,PICKUP,S,-9999,-9999,GOING STRAIGHT,APPARENTLY NORMAL,Null,Null,Null,Null,Null,Null,Null,Null,Null,Null,Null,Null,Null,Null,Null,Null,Null,Null,Null,NHP,2180830,Null,Null,Null,2015-06-24T05:12:00.000Z,{DDD8779B-EB62-48AA-8183-8449A4368040}
295373,254338.065,4360794.717,39.36,-119.9,2015-06-23,DEER,PROPERTY DAMAGE ONLY,WASHOE,Tue Jun 23 00:00:00 PDT 2015,Sun Dec 31 06:15:00 PST 1899,6:15:00,SR431,500,W,MILE MARKER 18,CLEAR,-9999,-9999,PDO,Null,NON-COLLISION,1,"HATCHBACK, 4 DOOR",E,-9999,-9999,GOING STRAIGHT,APPARENTLY NORMAL,Null,OBJECT AVOIDANCE,Null,Null,Null,Null,Null,Null,Null,Null,Null,Null,Null,Null,Null,Null,Null,Null,NONE,NHP,2180794,Null,Null,Null,2015-06-23T13:15:00.000Z,{535DC581-56F4-440A-AEC5-383FE58DB6CB}
287172,641885.4451,4296958.248,38.81,-115.4,2015-03-17,DEER,PROPERTY DAMAGE ONLY,NYE,Tue Mar 17 00:00:00 PDT 2015,Sun Dec 31 16:03:00 PST 1899,16:03:00,US6,1200,W,MILE MARKER 126,CLOUDY,-9999,-9999,PDO,Null,NON-COLLISION,1,SEDAN,W,-9999,-9999,GOING STRAIGHT,APPARENTLY NORMAL,Null,Null,Null,Null,Null,Null,Null,Null,Null,Null,Null,Null,Null,Null,Null,Null,Null,Null,Null,NHP,2176009,Null,Null,Null,2015-03-17T23:03:00.000Z,{B2219C7D-EF69-4D98-AB17-883A612DD8CD}
295008,246582.5584,4350828.825,39.27,-119.9,2015-03-24,DEER,PROPERTY DAMAGE ONLY,WASHOE,Tue Mar 24 00:00:00 PDT 2015,Sun Dec 31 18:38:00 PST 1899,18:38:00,SR431,500,W,MILE MARKER 3,CLOUDY: RAIN,-9999,-9999,PDO,Null,NON-COLLISION,1,"SEDAN, 4 DOOR",E,-9999,-9999,GOING STRAIGHT,APPARENTLY NORMAL,Null,Null,Null,Null,Null,Null,Null,Null,Null,Null,Null,Null,Null,Null,Null,Null,Null,Null,NONE,NHP,2176344,Null,Null,Null,2015-03-25T01:38:00.000Z,{A416B719-3BE4-444A-89FA-FB832A9448CF}
294667,705773.3455,4439730.022,40.08,-114.6,2015-03-31,ELK,PROPERTY DAMAGE ONLY,WHITE PINE,Tue Mar 31 00:00:00 PDT 2015,Sun Dec 31 00:30:00 PST 1899,0:30:00,US93AN,500,S,MILE MARKER 2,CLOUDY,-9999,-9999,PDO,Null,NON-COLLISION,1,CARRY-ALL,S,-9999,-9999,GOING STRAIGHT,APPARENTLY NORMAL,Null,Null,Null,Null,Null,Null,Null,Null,Null,Null,Null,Null,Null,Null,Null,Null,Null,Null,Null,NHP,2176634,Null,Null,Null,2015-03-31T07:30:00.000Z,{E14EB592-A6C1-44E8-8E77-E8EB236EF2DA}
295732,616813.0849,4510373.15,40.74,-115.6,2015-03-31,DEER,PROPERTY DAMAGE ONLY,ELKO,Tue Mar 31 00:00:00 PDT 2015,Sun Dec 31 07:20:00 PST 1899,7:20:00,SR227,1500,N,MILE MARKER 12,CLEAR,-9999,-9999,PDO,Null,NON-COLLISION,1,CARRY-ALL,N,-9999,-9999,GOING STRAIGHT,APPARENTLY NORMAL,Null,OBJECT AVOIDANCE,Null,Null,Null,Null,Null,Null,Null,Null,Null,Null,Null,Null,Null,Null,Null,Null,ACTIVE WORK ZONE,NHP,2176636,Null,Null,Null,2015-03-31T14:20:00.000Z,{12795359-AF1B-4E87-93C2-45A4EDE5CF98}
299034,585139.5801,4383327.239,39.6,-116,2015-03-31,ANTELOPE,PROPERTY DAMAGE ONLY,EUREKA,Tue Mar 31 00:00:00 PDT 2015,Sun Dec 31 10:50:00 PST 1899,10:50:00,SR278,255,N,MILE MARKER 3,CLEAR,-9999,-9999,PDO,Null,NON-COLLISION,1,"SEDAN, 2 DOOR",S,20,1,GOING STRAIGHT,APPARENTLY NORMAL,Null,OBJECT AVOIDANCE,Null,ANTELOPE: CROSS MEDIAN/CENTERLINE: RAN OFF ROAD LEFT,Null,Null,Null,Null,Null,Null,Null,Null,Null,Null,Null,Null,DRY,DAYLIGHT,NONE,NHP,2176638,Null,Null,Null,2015-03-31T17:50:00.000Z,{0358C2A6-1C69-46F6-8235-0B4C96D47A52}
297591,434098.8352,4595530.614,41.51,-117.8,2015-05-05,DEER,INJURY CRASH,HUMBOLDT,Tue May 05 00:00:00 PDT 2015,Sun Dec 31 07:15:00 PST 1899,7:15:00,US95N,1700,N,MILE MARKER 39,CLEAR,-9999,1,Null,C,NON-COLLISION,1,"SEDAN, 4 DOOR",S,50,1,GOING STRAIGHT,APPARENTLY NORMAL,Null,OBJECT AVOIDANCE,Null,DEER,Null,Null,Null,Null,Null,Null,Null,Null,Null,Null,Null,Null,DRY,DAYLIGHT,NONE,NHP,2178378,Null,Null,Null,2015-05-05T14:15:00.000Z,{EDE77031-BC34-438E-A8DE-B0494657ABCE}
314387,265488.9298,4309323.223,38.9,-119.7,2015-05-05,DEER,PROPERTY DAMAGE ONLY,DOUGLAS,Tue May 05 00:00:00 PDT 2015,Sun Dec 31 09:51:00 PST 1899,9:51:00,US395N,100,N,MILE MARKER 17.506,CLOUDY,-9999,-9999,PDO,Null,NON-COLLISION,1,PICKUP,S,-9999,-9999,GOING STRAIGHT,APPARENTLY NORMAL,Null,Null,Null,Null,Null,Null,Null,Null,Null,Null,Null,Null,Null,Null,Null,Null,Null,Null,NONE,NHP,2290017,Null,Null,Null,2015-05-05T16:51:00.000Z,{3BFDF712-54CF-4FC9-BEBE-8CEA874939DB}
297410,726948.7259,4199118.304,37.91,-114.4,2015-05-19,DEER,PROPERTY DAMAGE ONLY,LINCOLN,Tue May 19 00:00:00 PDT 2015,Sun Dec 31 19:46:00 PST 1899,19:46:00,US93N,2640,N,MILE MARKER 116,CLEAR,-9999,-9999,PDO,Null,NON-COLLISION,1,SEDAN,S,16,1,GOING STRAIGHT,APPARENTLY NORMAL,Null,Null,Null,DEER,Null,Null,Null,Null,Null,Null,Null,Null,Null,Null,Null,Null,DRY,DUSK,ANIMAL IN ROADWAY,NHP,2179068,Null,Null,Null,2015-05-20T02:46:00.000Z,{292A1016-7DBE-4C20-869C-D852DEE1511D}
298306,246685.7856,4334994.496,39.13,-119.9,2015-05-26,UNKNOWN,PROPERTY DAMAGE ONLY,CARSON CITY,Tue May 26 00:00:00 PDT 2015,Sun Dec 31 07:02:00 PST 1899,7:02:00,SR28,350,S,MILE MARKER 1,CLEAR,-9999,-9999,PDO,Null,NON-COLLISION,1,"HARDTOP, 4 DOOR",N,-9999,-9999,GOING STRAIGHT,APPARENTLY NORMAL,Null,OBJECT AVOIDANCE,Null,Null,Null,Null,Null,Null,Null,Null,Null,Null,Null,Null,Null,Null,Null,Null,NONE,NHP,2179361,Null,Null,Null,2015-05-26T14:02:00.000Z,{80EBCC66-B7B7-4D8D-AD42-C10D1B208FE0}
296319,249447.8036,4332328.207,39.1,-119.9,2015-05-26,DEER,PROPERTY DAMAGE ONLY,DOUGLAS,Tue May 26 00:00:00 PDT 2015,Sun Dec 31 09:20:00 PST 1899,9:20:00,US50,0,Null,MILE MARKER 13,CLEAR,-9999,-9999,PDO,Null,NON-COLLISION,1,PICKUP,E,-9999,-9999,GOING STRAIGHT,APPARENTLY NORMAL,Null,OBJECT AVOIDANCE,Null,Null,Null,Null,Null,Null,Null,Null,Null,Null,Null,Null,Null,Null,Null,Null,NONE,NHP,2179408,Null,Null,Null,2015-05-26T16:20:00.000Z,{6CC8F0D7-DBB5-49E9-B5AA-511CD87C6A66}
296376,297804.5175,4298821.452,38.81,-119.3,2015-05-26,DEER,PROPERTY DAMAGE ONLY,LYON,Tue May 26 00:00:00 PDT 2015,Sun Dec 31 21:24:00 PST 1899,21:24:00,SR824,0,Null,MILE MARKER 1,CLEAR,-9999,-9999,PDO,Null,NON-COLLISION,1,"SEDAN, 4 DOOR",N,-9999,-9999,GOING STRAIGHT,APPARENTLY NORMAL,Null,UNKNOWN,Null,Null,Null,Null,Null,Null,Null,Null,Null,Null,Null,Null,Null,Null,Null,Null,Null,NHP,2179406,Null,Null,Null,2015-05-27T04:24:00.000Z,{AD3818EA-1B4F-4C1C-B311-1AC08BE49774}
298201,500062.3438,4368257,39.46,-117,2015-05-26,DEER,PROPERTY DAMAGE ONLY,LANDER,Tue May 26 00:00:00 PDT 2015,Sun Dec 31 07:30:00 PST 1899,7:30:00,US50,0,Null,MILE MARKER 30,CLEAR,-9999,-9999,PDO,Null,NON-COLLISION,1,"TRACTOR TRUCK, GASOLINE",E,31,1,GOING STRAIGHT,APPARENTLY NORMAL,Null,OBJECT AVOIDANCE,Null,DEER,Null,Null,Null,Null,Null,Null,Null,Null,Null,Null,Null,Null,DRY,DAYLIGHT,NONE,NHP,2179039,Null,Null,Null,2015-05-26T14:30:00.000Z,{D833D812-83D4-4E3C-A68F-321E994C98E5}
316007,658555.9642,4311245.863,38.94,-115.2,2015-11-03,DEER,PROPERTY DAMAGE ONLY,WHITE PINE,Tue Nov 03 00:00:00 PST 2015,Sun Dec 31 17:29:00 PST 1899,17:29:00,US6,300,W,MILE MARKER 9,CLEAR,-9999,-9999,PDO,Null,NON-COLLISION,1,CARRY-ALL,W,35,1,GOING STRAIGHT,APPARENTLY NORMAL,Null,Null,Null,DEER,Null,Null,Null,Null,Null,Null,Null,Null,Null,Null,Null,Null,DRY,DARK - NO LIGHTING,ANIMAL IN ROADWAY,NHP,2211697,Null,Null,Null,2015-11-04T01:29:00.000Z,{E2474E12-A49B-4688-A3D8-A3A20631BD87}
316135,695187.2354,4550085.48,41.08,-114.7,2015-11-10,DEER,PROPERTY DAMAGE ONLY,ELKO,Tue Nov 10 00:00:00 PST 2015,Sun Dec 31 18:34:00 PST 1899,18:34:00,IR80E,1584,E,MILE MARKER 89,CLOUDY,-9999,-9999,PDO,Null,NON-COLLISION,1,PICKUP,E,26,1,GOING STRAIGHT,APPARENTLY NORMAL,Null,Null,Null,DEER,Null,Null,Null,Null,Null,Null,Null,Null,Null,Null,Null,Null,DRY,DARK - NO LIGHTING,NONE,NHP,2212082,Null,Null,Null,2015-11-11T02:34:00.000Z,{42944644-2F98-4015-B1AC-496D631E947C}
316139,704042.027,4550235.385,41.08,-114.6,2015-11-10,DEER,PROPERTY DAMAGE ONLY,ELKO,Tue Nov 10 00:00:00 PST 2015,Sun Dec 31 21:59:00 PST 1899,21:59:00,IR80E,1500,E,MILE MARKER 95,CLOUDY,-9999,-9999,PDO,Null,NON-COLLISION,1,CARRY-ALL,E,33,2,GOING STRAIGHT,APPARENTLY NORMAL,Null,OBJECT AVOIDANCE,Null,DEER,Null,Null,Null,Null,Null,Null,Null,Null,Null,Null,Null,Null,DRY,DARK - NO LIGHTING,ANIMAL IN ROADWAY,NHP,2212094,Null,Null,Null,2015-11-11T05:59:00.000Z,{7316065A-A452-4947-9DC7-3A53EB1B22E2}
316140,703881.7261,4550252.01,41.08,-114.6,2015-11-10,DEER,PROPERTY DAMAGE ONLY,ELKO,Tue Nov 10 00:00:00 PST 2015,Sun Dec 31 22:56:00 PST 1899,22:56:00,IR80E,1000,E,MILE MARKER 95,CLOUDY,-9999,-9999,PDO,Null,NON-COLLISION,1,"TRACTOR TRUCK, DIESEL",E,24,1,GOING STRAIGHT,APPARENTLY NORMAL,Null,OBJECT AVOIDANCE,Null,DEER,Null,Null,Null,Null,Null,Null,Null,Null,Null,Null,Null,Null,DRY,DARK - NO LIGHTING,ANIMAL IN ROADWAY,NHP,2212096,Null,Null,Null,2015-11-11T06:56:00.000Z,{69992325-33A0-492A-9446-F3115580FC80}
323987,305388.1436,4388326.694,39.62,-119.3,2015-11-10,BEAR,PROPERTY DAMAGE ONLY,LYON,Tue Nov 10 00:00:00 PST 2015,Sun Dec 31 21:45:00 PST 1899,21:45:00,SR427,1500,W,COMMERCE CENTER DR,CLEAR,-9999,-9999,PDO,Null,NON-COLLISION,1,"SEDAN, 4 DOOR",W,-9999,-9999,GOING STRAIGHT,APPARENTLY NORMAL,Null,UNKNOWN,Null,Null,Null,Null,Null,Null,Null,Null,Null,Null,Null,Null,Null,Null,Null,Null,NONE,PDTP,2215879,Null,Null,Null,2015-11-11T05:45:00.000Z,{BEBBFD72-994F-47E1-99E9-A513F688EB9A}
317810,270115.9327,4344141.4,39.22,-119.7,2015-11-17,HORSE,PROPERTY DAMAGE ONLY,LYON,Tue Nov 17 00:00:00 PST 2015,Sun Dec 31 16:25:00 PST 1899,16:25:00,US50,3000,W,AFFONSO DR,CLEAR,-9999,-9999,PDO,Null,NON-COLLISION,1,CARRY-ALL,W,31,2,GOING STRAIGHT,APPARENTLY NORMAL,Null,Null,Null,HORSE,Null,Null,Null,Null,Null,Null,Null,Null,Null,Null,Null,Null,DRY,DAYLIGHT,NONE,NHP,2212480,Null,Null,Null,2015-11-18T00:25:00.000Z,{7C7E5700-CF19-4225-A93A-756CA0A0ACFC}
317819,260538.2475,4358981.522,39.35,-119.8,2015-11-17,HORSE,PROPERTY DAMAGE ONLY,WASHOE,Tue Nov 17 00:00:00 PST 2015,Sun Dec 31 18:36:00 PST 1899,18:36:00,US395A,15,S,RAWHIDE DR,CLEAR,-9999,-9999,PDO,Null,NON-COLLISION,1,CARRY-ALL,S,58,2,GOING STRAIGHT,APPARENTLY NORMAL,Null,Null,Null,HORSE,Null,Null,Null,Null,Null,Null,Null,Null,Null,Null,Null,Null,DRY,DARK - SPOT LIGHTING,NONE,NHP,2212499,Null,Null,Null,2015-11-18T02:36:00.000Z,{B2FB2D95-CD1E-4541-B15E-4F4DBF2D5FED}
317797,539893.0662,4505529.261,40.7,-116.5,2015-11-17,DEER,INJURY CRASH,EUREKA,Tue Nov 17 00:00:00 PST 2015,Sun Dec 31 05:30:00 PST 1899,5:30:00,IR80E,2100,W,MILE MARKER 4,CLEAR,-9999,1,Null,C,NON-COLLISION,1,PICKUP,E,56,-9999,GOING STRAIGHT,APPARENTLY NORMAL,Null,OBJECT AVOIDANCE,Null,DEER,Null,Null,Null,Null,Null,Null,Null,Null,Null,Null,Null,Null,WET,DARK - NO LIGHTING,ANIMAL IN ROADWAY,NHP,2212443,Null,Null,Null,2015-11-17T13:30:00.000Z,{B0CE63A5-7FB9-48D4-BADA-E5746A9F42BE}
317818,574065.8909,4507864.825,40.72,-116.1,2015-11-17,DEER,PROPERTY DAMAGE ONLY,ELKO,Tue Nov 17 00:00:00 PST 2015,Sun Dec 31 17:00:00 PST 1899,17:00:00,IR80E,1,Null,MILE MARKER 2,UNKNOWN,-9999,-9999,PDO,Null,NON-COLLISION,1,"HATCHBACK, 4 DOOR",E,32,1,GOING STRAIGHT,APPARENTLY NORMAL,Null,UNKNOWN,Null,DEER,Null,Null,Null,Null,Null,Null,Null,Null,Null,Null,Null,Null,DRY,UNKNOWN,UNKNOWN,NHP,2212498,Null,Null,Null,2015-11-18T01:00:00.000Z,{835B1477-D781-4161-AF61-70F61DEAC4B7}
317958,575697.3536,4463609.208,40.32,-116.1,2015-11-24,DEER,PROPERTY DAMAGE ONLY,EUREKA,Tue Nov 24 00:00:00 PST 2015,Sun Dec 31 06:20:00 PST 1899,6:20:00,SR278,2112,S,MILE MARKER 58,CLOUDY,-9999,-9999,PDO,Null,NON-COLLISION,1,PICKUP,S,32,1,GOING STRAIGHT,APPARENTLY NORMAL,Null,Null,Null,DEER,Null,Null,Null,Null,Null,Null,Null,Null,Null,Null,Null,Null,DRY,DAWN,NONE,NHP,2212854,Null,Null,Null,2015-11-24T14:20:00.000Z,{350DA67F-D289-4370-9A52-C89FB409B4F7}
317996,621108.7874,4022764.335,36.34,-115.7,2015-11-24,DEER,PROPERTY DAMAGE ONLY,CLARK,Tue Nov 24 00:00:00 PST 2015,Sun Dec 31 18:00:00 PST 1899,18:00:00,SR156,500,N,SR158,UNKNOWN,-9999,-9999,PDO,Null,NON-COLLISION,1,"SEDAN, 4 DOOR",E,38,1,GOING STRAIGHT,Null,Null,Null,Null,DEER,Null,Null,Null,Null,Null,Null,Null,Null,Null,Null,Null,Null,DRY,DARK - NO LIGHTING,Null,NHP,2212929,Null,Null,Null,2015-11-25T02:00:00.000Z,{9BE3255F-CC06-466E-BF17-ADC5156BECDE}
303352,256699.6828,4333616.602,39.12,-119.8,2015-10-06,OTHER ANIMAL,PROPERTY DAMAGE ONLY,CARSON CITY,Tue Oct 06 00:00:00 PDT 2015,Sun Dec 31 05:38:00 PST 1899,5:38:00,US50,250,W,MILE MARKER 5,CLEAR,-9999,-9999,PDO,Null,NON-COLLISION,1,CARRY-ALL,W,28,2,GOING STRAIGHT,APPARENTLY NORMAL,Null,Null,Null,OTHER ANIMAL,Null,Null,Null,Null,Null,Null,Null,Null,Null,Null,Null,Null,DRY,DARK - NO LIGHTING,ANIMAL IN ROADWAY,NHP,2199103,Null,Null,Null,2015-10-06T12:38:00.000Z,{9F0B83B3-B842-4985-8896-CFD2381883CF}
413134,736851.174,4185577.465,37.79,-114.3,2015-10-06,DEER,PROPERTY DAMAGE ONLY,LINCOLN,Tue Oct 06 00:00:00 PDT 2015,Sun Dec 31 19:50:00 PST 1899,19:50:00,SR319,1800,E,MILE MARKER 55,CLOUDY,-9999,-9999,PDO,Null,NON-COLLISION,1,CARRY-ALL,W,38,1,GOING STRAIGHT,APPARENTLY NORMAL,Null,Null,Null,DEER,Null,Null,Null,Null,Null,Null,Null,Null,Null,Null,Null,Null,DRY,DARK - NO LIGHTING,ANIMAL IN ROADWAY,NHP,2297628,Null,Null,Null,2015-10-07T02:50:00.000Z,{757F1691-D0BD-4A30-ACF6-53F82315350A}
315614,737577.1958,4476020.753,40.4,-114.2,2015-10-13,HORSE,PROPERTY DAMAGE ONLY,ELKO,Tue Oct 13 00:00:00 PDT 2015,Sun Dec 31 05:30:00 PST 1899,5:30:00,US93AN,0,Null,MILE MARKER 28,CLEAR,-9999,-9999,PDO,Null,NON-COLLISION,1,PICKUP,N,41,1,GOING STRAIGHT,APPARENTLY NORMAL,Null,OBJECT AVOIDANCE,Null,HORSE,Null,Null,Null,Null,Null,Null,Null,Null,Null,Null,Null,Null,DRY,DARK - NO LIGHTING,ANIMAL IN ROADWAY,NHP,2210657,Null,Null,Null,2015-10-13T12:30:00.000Z,{E15825D8-EAD7-4BA0-A835-7094F499A05C}
397892,437363.6827,4196072.793,37.91,-117.7,2015-10-13,CATTLE,PROPERTY DAMAGE ONLY,ESMERALDA,Tue Oct 13 00:00:00 PDT 2015,Sun Dec 31 06:00:00 PST 1899,6:00:00,SR265,300,N,MILE MARKER 12,CLEAR,-9999,-9999,PDO,Null,NON-COLLISION,1,SEMI,N,59,-9999,GOING STRAIGHT,APPARENTLY NORMAL,Null,DRIVING TOO FAST FOR CONDITIONS: FAILURE TO KEEP IN PROPER LANE OR RUNNING OFF ROAD: OVER-CORRECTING/OVER-STEERING: UNSAFE LANE CHANGE: OBJECT AVOIDANCE,Null,CATTLE,Null,Null,Null,Null,Null,Null,Null,Null,Null,Null,Null,Null,DRY,DARK - CONTINUOUS LIGHTING,ANIMAL IN ROADWAY,NHP,2210652,Null,Null,Null,2015-10-13T13:00:00.000Z,{77079034-229D-46DC-A6F5-827D452AE947}
315722,582060.6457,4508884.39,40.73,-116,2015-10-20,DEER,PROPERTY DAMAGE ONLY,ELKO,Tue Oct 20 00:00:00 PDT 2015,Sun Dec 31 01:20:00 PST 1899,1:20:00,IR80E,1,E,MILE MARKER 7,RAIN,-9999,-9999,PDO,Null,NON-COLLISION,1,VAN,W,53,1,GOING STRAIGHT,APPARENTLY NORMAL,Null,UNKNOWN,Null,DEER,Null,Null,Null,Null,Null,Null,Null,Null,Null,Null,Null,Null,DRY,DARK - NO LIGHTING,ANIMAL IN ROADWAY,NHP,2210966,Null,Null,Null,2015-10-20T08:20:00.000Z,{EDA478FB-3EBC-4743-804D-FF5706805CF0}
315723,594375.97,4528041.897,40.9,-115.9,2015-10-20,DEER,PROPERTY DAMAGE ONLY,ELKO,Tue Oct 20 00:00:00 PDT 2015,Sun Dec 31 05:56:00 PST 1899,5:56:00,SR225,0,Null,MILE MARKER 36,UNKNOWN,-9999,-9999,PDO,Null,NON-COLLISION,1,CARRY-ALL,S,38,1,GOING STRAIGHT,APPARENTLY NORMAL,Null,Null,Null,DEER,Null,Null,Null,Null,Null,Null,Null,Null,Null,Null,Null,Null,DRY,DARK - NO LIGHTING,UNKNOWN,NHP,2210967,Null,Null,Null,2015-10-20T12:56:00.000Z,{B4D4FA67-2DD9-42F8-9E47-D48E38231A21}