OBJECTID,X,Y,Latitude,Longitude,Date,AnimalType,Crash_Seve,County,Crash_Date_Original,Crash_Time_Original,Crash_Time,Primary_St,Distance,Dir,Secondary_,Weather,Fatalities,Injured,Property_D,Injury_Typ,Crash_Type,Total_Vehi,V1_Type,V1_Dir,V1_Driver_,V1_Lane_Nu,V1_Action,V1_Driver1,V1_Drive_1,V1_Vehicle,V1_Most_Ha,V1_All_Eve,V2_Type,V2_Dir,V2_Driver_,V2_Lane_Nu,V2_Action,V2_Driver1,V2_Drive_1,V2_Vehicle,V2_Most_Ha,V2_All_Eve,First_Harm,Nonmotoris,Factors_Ro,Lighting,HWY_Factor,Agency,Accident_R,Pedalcycli,Pedestrian,Motorcycli,CrashDateT,GlobalID
315733,270999.8635,4302708.617,38.84,-119.6,2015-10-20,DEER,PROPERTY DAMAGE ONLY,DOUGLAS,Tue Oct 20 00:00:00 PDT 2015,Sun Dec 31 21:05:00 PST 1899,21:05:00,US395N,3000,S,RAY MAY WAY,CLEAR,-9999,-9999,PDO,Null,NON-COLLISION,1,"SEDAN, 2 DOOR",N,24,-9999,GOING STRAIGHT,APPARENTLY NORMAL,Null,Null,Null,DEER,Null,Null,Null,Null,Null,Null,Null,Null,Null,Null,Null,Null,DRY,DARK - NO LIGHTING,NONE,NHP,2210999,Null,Null,Null,2015-10-21T04:05:00.000Z,{D7E971B1-B1E6-47D0-B583-C784C54CC9AA}
397916,286632.9351,4378748.789,39.53,-119.5,2015-10-27,HORSE,PROPERTY DAMAGE ONLY,STOREY,Tue Oct 27 00:00:00 PDT 2015,Sun Dec 31 06:01:00 PST 1899,6:01:00,SR439S,0,Null,ITALY DR,CLEAR,-9999,-9999,PDO,Null,NON-COLLISION,1,"SEDAN, 4 DOOR",S,57,2,UNKNOWN,APPARENTLY NORMAL,Null,Null,Null,HORSE,Null,Null,Null,Null,Null,Null,Null,Null,Null,Null,Null,Null,DRY,DAWN,NONE,STSO,2216129,Null,Null,Null,2015-10-27T13:01:00.000Z,{FD564E74-DF9F-4FFE-B1D8-6E9B92DA6661}
315838,653379.3979,4550119.341,41.09,-115.2,2015-10-27,DEER,PROPERTY DAMAGE ONLY,ELKO,Tue Oct 27 00:00:00 PDT 2015,Sun Dec 31 00:32:00 PST 1899,0:32:00,IR80E,2640,E,MILE MARKER 62,CLEAR,-9999,-9999,PDO,Null,NON-COLLISION,1,"SEDAN, 4 DOOR",E,26,2,GOING STRAIGHT,APPARENTLY NORMAL,Null,Null,Null,DEER,Null,Null,Null,Null,Null,Null,Null,Null,Null,Null,Null,Null,DRY,DARK - NO LIGHTING,ANIMAL IN ROADWAY,NHP,2211257,Null,Null,Null,2015-10-27T07:32:00.000Z,{B23F3894-3803-45FB-842D-A957973F5CC9}
315856,718764.3083,4165459.224,37.61,-114.5,2015-10-27,DEER,PROPERTY DAMAGE ONLY,LINCOLN,Tue Oct 27 00:00:00 PDT 2015,Sun Dec 31 21:58:00 PST 1899,21:58:00,US93N,2640,S,MILE MARKER 94,CLOUDY,-9999,-9999,PDO,Null,NON-COLLISION,1,"SEDAN, 4 DOOR",N,24,1,GOING STRAIGHT,APPARENTLY NORMAL,Null,Null,Null,DEER,Null,Null,Null,Null,Null,Null,Null,Null,Null,Null,Null,Null,DRY,DARK - SPOT LIGHTING,NONE,NHP,2211323,Null,Null,Null,2015-10-28T04:58:00.000Z,{BB160719-1D73-4918-81C9-A9E66A066E49}
349594,257732.8386,4344067.219,39.21,-119.8,2015-10-27,BEAR,PROPERTY DAMAGE ONLY,WASHOE,Tue Oct 27 00:00:00 PDT 2015,Sun Dec 31 18:30:00 PST 1899,18:30:00,IR580N TO EASTLAKE BLVD INT42,500,S,US395A,CLEAR,-9999,-9999,PDO,Null,NON-COLLISION,1,PICKUP,N,33,-9999,GOING STRAIGHT,APPARENTLY NORMAL,Null,Null,Null,BEAR,Null,Null,Null,Null,Null,Null,Null,Null,Null,Null,Null,Null,DRY,DARK - NO LIGHTING,ANIMAL IN ROADWAY,NHP,2211312,Null,Null,Null,2015-10-28T01:30:00.000Z,{FFAA4C7E-9824-49D8-9A79-A91754ACB95F}
314445,247293.3238,4333286.705,39.11,-119.9,2015-09-01,DEER,PROPERTY DAMAGE ONLY,DOUGLAS,Tue Sep 01 00:00:00 PDT 2015,Sun Dec 31 06:22:00 PST 1899,6:22:00,SR28,0,Null,MILE MARKER 1,CLEAR,-9999,-9999,PDO,Null,NON-COLLISION,1,CARRY-ALL,S,-9999,-9999,GOING STRAIGHT,APPARENTLY NORMAL,Null,Null,Null,Null,Null,Null,Null,Null,Null,Null,Null,Null,Null,Null,Null,Null,Null,Null,Null,NHP,2295861,Null,Null,Null,2015-09-01T13:22:00.000Z,{3B57D227-E9A1-465B-9131-7D0960858F53}
318881,444453.0319,4540703.639,41.02,-117.7,2015-09-01,CATTLE,PROPERTY DAMAGE ONLY,HUMBOLDT,Tue Sep 01 00:00:00 PDT 2015,Sun Dec 31 00:12:00 PST 1899,0:12:00,N COYOTE RD,1056,S,E PRARIE DOG AVE,CLEAR,-9999,-9999,PDO,Null,NON-COLLISION,1,UTILITY,W,44,1,GOING STRAIGHT,APPARENTLY NORMAL,Null,OBJECT AVOIDANCE,Null,CATTLE,Null,Null,Null,Null,Null,Null,Null,Null,Null,Null,Null,Null,ICE,DARK - NO LIGHTING,ANIMAL IN ROADWAY,NHP,2295859,Null,Null,Null,2015-09-01T07:12:00.000Z,{288D284E-BD7B-4E21-BF55-3D829A646441}
317045,666152.7416,4005110.425,36.18,-115.2,2015-09-08,DOG/COYOTE,PROPERTY DAMAGE ONLY,CLARK,Tue Sep 08 00:00:00 PDT 2015,Sun Dec 31 20:19:00 PST 1899,20:19:00,IR15S,800,S,FRCL40 TO IR15S INT43,CLOUDY,-9999,-9999,PDO,Null,NON-COLLISION,1,"HATCHBACK, 4 DOOR",S,67,2,GOING STRAIGHT,APPARENTLY NORMAL,Null,Null,Null,DOG/COYOTE,Null,Null,Null,Null,Null,Null,Null,Null,Null,Null,Null,Null,DRY,DAYLIGHT,ANIMAL IN ROADWAY,NHP,2296244,Null,Null,Null,2015-09-09T03:19:00.000Z,{F2C33E3C-BA25-4474-A968-8779F02BF5B7}
302455,493477.0626,4333704.524,39.15,-117.1,2015-09-08,DEER,PROPERTY DAMAGE ONLY,NYE,Tue Sep 08 00:00:00 PDT 2015,Sun Dec 31 19:40:00 PST 1899,19:40:00,SR376,270,S,MILE MARKER 81,CLOUDY,-9999,-9999,PDO,Null,NON-COLLISION,1,"SEDAN, 2 DOOR",S,57,1,GOING STRAIGHT,APPARENTLY NORMAL,Null,Null,Null,Null,Null,Null,Null,Null,Null,Null,Null,Null,Null,Null,Null,Null,DRY,DARK - NO LIGHTING,NONE,NHP,2197744,Null,Null,Null,2015-09-09T02:40:00.000Z,{1B95CB89-81FC-43BF-BE0B-49470AD8AC9C}
302368,645358.8998,4298022.172,38.82,-115.3,2015-09-15,DEER,PROPERTY DAMAGE ONLY,NYE,Tue Sep 15 00:00:00 PDT 2015,Sun Dec 31 12:27:00 PST 1899,12:27:00,US6,1000,E,MILE MARKER 128,CLOUDY,-9999,-9999,PDO,Null,NON-COLLISION,1,"HARDTOP, 4 DOOR",E,64,1,GOING STRAIGHT,APPARENTLY NORMAL,Null,Null,Null,DEER,Null,Null,Null,Null,Null,Null,Null,Null,Null,Null,Null,Null,DRY,DAYLIGHT,ANIMAL IN ROADWAY,NHP,2198068,Null,Null,Null,2015-09-15T19:27:00.000Z,{1D943484-1152-48DA-AA63-777731284519}
302457,600216.7985,4587063.297,41.43,-115.8,2015-09-22,HORSE,PROPERTY DAMAGE ONLY,ELKO,Tue Sep 22 00:00:00 PDT 2015,Sun Dec 31 06:03:00 PST 1899,6:03:00,SR225,48,N,MILE MARKER 74,CLEAR,-9999,-9999,PDO,Null,NON-COLLISION,1,PICKUP,N,41,1,GOING STRAIGHT,APPARENTLY NORMAL,Null,Null,Null,HORSE,Null,Null,Null,Null,Null,Null,Null,Null,Null,Null,Null,Null,DRY,DAWN,ANIMAL IN ROADWAY,NHP,2198366,Null,Null,Null,2015-09-22T13:03:00.000Z,{56C31E31-306A-4AE3-A82C-5E40C297DCC8}
300041,633903.0583,3987370.389,36.02,-115.5,2015-09-22,DEER,PROPERTY DAMAGE ONLY,CLARK,Tue Sep 22 00:00:00 PDT 2015,Sun Dec 31 05:37:00 PST 1899,5:37:00,SR160,2640,S,MILE MARKER 22,CLEAR,-9999,-9999,PDO,Null,NON-COLLISION,1,"SEDAN, 4 DOOR",S,55,1,GOING STRAIGHT,"FELL ASLEEP, FAINTED, FATIGUED, ETC.",Null,Null,Null,DEER,Null,Null,Null,Null,Null,Null,Null,Null,Null,Null,Null,Null,DRY,DARK - NO LIGHTING,NONE,NHP,2198365,Null,Null,Null,2015-09-22T12:37:00.000Z,{C60F766D-C522-4C07-BCF6-855A9DB07BC2}
286990,432253.1876,4146191.684,37.46,-117.8,2015-09-22,CATTLE,PROPERTY DAMAGE ONLY,ESMERALDA,Tue Sep 22 00:00:00 PDT 2015,Sun Dec 31 05:39:00 PST 1899,5:39:00,SR266,2640,W,MILE MARKER 5,CLEAR,-9999,-9999,PDO,Null,NON-COLLISION,1,"SEDAN, 4 DOOR",E,-9999,-9999,GOING STRAIGHT,APPARENTLY NORMAL,Null,DRIVING TOO FAST FOR CONDITIONS,Null,Null,Null,Null,Null,Null,Null,Null,Null,Null,Null,Null,Null,Null,Null,Null,NONE,ESSO,2193086,Null,Null,Null,2015-09-22T12:39:00.000Z,{FCB444D8-686B-49B6-8E41-FDE461482409}
286979,254470.601,4319251.081,38.99,-119.8,2015-09-29,DEER,PROPERTY DAMAGE ONLY,DOUGLAS,Tue Sep 29 00:00:00 PDT 2015,Sun Dec 31 19:10:00 PST 1899,19:10:00,SR206,900,N,MILE MARKER 10.338,CLEAR,-9999,-9999,PDO,Null,NON-COLLISION,1,CARRY-ALL,N,-9999,-9999,GOING STRAIGHT,APPARENTLY NORMAL,Null,OBJECT AVOIDANCE,Null,Null,Null,Null,Null,Null,Null,Null,Null,Null,Null,Null,Null,Null,Null,Null,NONE,DCSO,2241508,Null,Null,Null,2015-09-30T02:10:00.000Z,{F2E7B419-F5E3-4F60-8B62-20CF1AE7ABF2}
295998,710576.0817,4237316.902,38.26,-114.6,2015-04-08,ELK,PROPERTY DAMAGE ONLY,LINCOLN,Wed Apr 08 00:00:00 PDT 2015,Sun Dec 31 19:47:00 PST 1899,19:47:00,US93N,2112,S,MILE MARKER 144,CLEAR,-9999,-9999,PDO,Null,NON-COLLISION,1,PICKUP,N,75,1,GOING STRAIGHT,APPARENTLY NORMAL,Null,Null,Null,ELK,Null,Null,Null,Null,Null,Null,Null,Null,Null,Null,Null,Null,DRY,DARK - NO LIGHTING,ANIMAL IN ROADWAY,NHP,2177061,Null,Null,Null,2015-04-09T02:47:00.000Z,{3A5E554F-52FD-4482-B98B-F986249312BB}
320749,582516.967,4003971.565,36.18,-116.1,2015-04-08,DOG/COYOTE,PROPERTY DAMAGE ONLY,NYE,Wed Apr 08 00:00:00 PDT 2015,Sun Dec 31 03:52:00 PST 1899,3:52:00,SR372,20,W,Z ST,CLEAR,-9999,-9999,PDO,Null,NON-COLLISION,1,"SEDAN, 2 DOOR",E,50,1,GOING STRAIGHT,APPARENTLY NORMAL,Null,Null,Null,DOG/COYOTE,Null,Null,Null,Null,Null,Null,Null,Null,Null,Null,Null,Null,DRY,DARK - NO LIGHTING,ANIMAL IN ROADWAY,NYSO,2304097,Null,Null,Null,2015-04-08T10:52:00.000Z,{373D71A5-EA3B-4AD9-9DE6-C6B6A5739472}
299321,248924.02,4378147.11,39.52,-119.9,2015-04-08,DEER,PROPERTY DAMAGE ONLY,WASHOE,Wed Apr 08 00:00:00 PDT 2015,Sun Dec 31 04:40:00 PST 1899,4:40:00,IR80W,2100,E,MILE MARKER 7,CLEAR,-9999,-9999,PDO,Null,NON-COLLISION,1,"TRACTOR TRUCK, DIESEL",W,35,2,GOING STRAIGHT,APPARENTLY NORMAL,Null,Null,Null,DEER,Null,Null,Null,Null,Null,Null,Null,Null,Null,Null,Null,Null,DRY,DARK - NO LIGHTING,ANIMAL IN ROADWAY,NHP,2177011,Null,Null,Null,2015-04-08T11:40:00.000Z,{F691289D-5CAD-403F-ABBD-E02C49E8528A}
299496,653945.4053,4018332.079,36.3,-115.3,2015-04-15,DOG,PROPERTY DAMAGE ONLY,CLARK,Wed Apr 15 00:00:00 PDT 2015,Sun Dec 31 07:52:00 PST 1899,7:52:00,US95S,500,N,MILE MARKER 89.72,CLEAR,-9999,-9999,PDO,Null,REAR-END,2,"SEDAN, 4 DOOR",S,32,2,GOING STRAIGHT,APPARENTLY NORMAL,Null,Null,Null,Null,"SEDAN, 4 DOOR",S,56,2,GOING STRAIGHT,APPARENTLY NORMAL,Null,OBJECT AVOIDANCE,Null,DOG/COYOTE,Null,Null,WET,DAYLIGHT,ACTIVE WORK ZONE: ANIMAL IN ROADWAY,NHP,2177373,Null,Null,Null,2015-04-15T14:52:00.000Z,{E2B23DA4-C8E4-418D-98D7-734D65F68488}
302419,678489.2032,4347576.236,39.26,-114.9,2015-08-12,DEER,PROPERTY DAMAGE ONLY,WHITE PINE,Wed Aug 12 00:00:00 PDT 2015,Sun Dec 31 20:25:00 PST 1899,20:25:00,US50,1000,E,MILE MARKER 64,CLEAR,-9999,-9999,PDO,Null,NON-COLLISION,1,"SEDAN, 4 DOOR",E,24,1,GOING STRAIGHT,APPARENTLY NORMAL,Null,Null,Null,DEER,Null,Null,Null,Null,Null,Null,Null,Null,Null,Null,Null,Null,DRY,DARK - NO LIGHTING,ANIMAL IN ROADWAY,NHP,2196424,Null,Null,Null,2015-08-13T03:25:00.000Z,{622ABC51-D219-4F56-9648-574F1C100090}
314581,267438.0287,4378764.036,39.53,-119.7,2015-08-12,DEER,PROPERTY DAMAGE ONLY,WASHOE,Wed Aug 12 00:00:00 PDT 2015,Sun Dec 31 03:15:00 PST 1899,3:15:00,IR80E,50,W,IR80E TO VISTA BLVD INT21,CLEAR,-9999,-9999,PDO,Null,NON-COLLISION,1,VAN,E,-9999,-9999,GOING STRAIGHT,APPARENTLY NORMAL,Null,OBJECT AVOIDANCE,Null,Null,Null,Null,Null,Null,Null,Null,Null,Null,Null,Null,Null,Null,Null,Null,Null,NHP,2294865,Null,Null,Null,2015-08-12T10:15:00.000Z,{DCF846AD-27BC-41D2-A124-DD75D1EE36CD}
316772,723107.6871,4174352.59,37.69,-114.5,2015-08-12,DEER,PROPERTY DAMAGE ONLY,LINCOLN,Wed Aug 12 00:00:00 PDT 2015,Sun Dec 31 21:43:00 PST 1899,21:43:00,US93N,528,N,MILE MARKER 100,CLOUDY,-9999,-9999,PDO,Null,NON-COLLISION,1,"HARDTOP, 2 DOOR",S,32,1,GOING STRAIGHT,APPARENTLY NORMAL,Null,Null,Null,DEER,Null,Null,Null,Null,Null,Null,Null,Null,Null,Null,Null,Null,DRY,DAYLIGHT,ANIMAL IN ROADWAY,NHP,2294949,Null,Null,Null,2015-08-13T04:43:00.000Z,{DE498C6E-9E34-49E1-99A9-86BA679F343A}
412948,293409.232,4358677.161,39.35,-119.4,2015-08-19,HORSE,PROPERTY DAMAGE ONLY,LYON,Wed Aug 19 00:00:00 PDT 2015,Sun Dec 31 03:24:00 PST 1899,3:24:00,US50,228,E,BOYER LN,CLEAR,-9999,-9999,PDO,Null,NON-COLLISION,1,AMBULANCE,W,-9999,-9999,GOING STRAIGHT,APPARENTLY NORMAL,Null,Null,Null,Null,Null,Null,Null,Null,Null,Null,Null,Null,Null,Null,Null,Null,Null,Null,Null,NHP,2295247,Null,Null,Null,2015-08-19T10:24:00.000Z,{C996CA46-B876-4359-9C32-31DE2D04AB23}
302496,587021.0615,4629924.979,41.82,-116,2015-08-19,DEER,PROPERTY DAMAGE ONLY,ELKO,Wed Aug 19 00:00:00 PDT 2015,Sun Dec 31 02:15:00 PST 1899,2:15:00,SR225,500,N,MILE MARKER 109,CLEAR,-9999,-9999,PDO,Null,NON-COLLISION,1,"SEDAN, 4 DOOR",S,36,1,GOING STRAIGHT,APPARENTLY NORMAL,Null,OBJECT AVOIDANCE,Null,DEER,Null,Null,Null,Null,Null,Null,Null,Null,Null,Null,Null,Null,DRY,DARK - NO LIGHTING,NONE,NHP,2196751,Null,Null,Null,2015-08-19T09:15:00.000Z,{F7EC8A11-9617-44B7-A862-6F38366E001F}
302723,686851.9132,4340315.597,39.19,-114.8,2015-08-26,DEER,PROPERTY DAMAGE ONLY,WHITE PINE,Wed Aug 26 00:00:00 PDT 2015,Sun Dec 31 06:05:00 PST 1899,6:05:00,US6,739,E,MILE MARKER 43,CLOUDY,-9999,-9999,PDO,Null,NON-COLLISION,1,"HATCHBACK, 4 DOOR",W,57,1,GOING STRAIGHT,APPARENTLY NORMAL,Null,DRIVING TOO FAST FOR CONDITIONS,Null,DEER,Null,Null,Null,Null,Null,Null,Null,Null,Null,Null,Null,Null,DRY,DAWN,ANIMAL IN ROADWAY,NHP,2197078,Null,Null,Null,2015-08-26T13:05:00.000Z,{562CF2C1-EA55-4B80-BC66-42EC1A5E0812}
302519,281693.9446,4352419.704,39.29,-119.5,2015-08-26,COYOTE,INJURY CRASH,LYON,Wed Aug 26 00:00:00 PDT 2015,Sun Dec 31 23:25:00 PST 1899,23:25:00,US50,0,Null,CARDELLI RD,CLEAR,-9999,1,Null,C,NON-COLLISION,1,UTILITY,E,30,-9999,NOT REPORTED,APPARENTLY NORMAL,Null,RAN OFF ROAD,Null,DOG/COYOTE: RAN OFF ROAD RIGHT: LIGHT/LUMINARY SUPPORT,Null,Null,Null,Null,Null,Null,Null,Null,Null,Null,Null,Null,DRY,DARK - SPOT LIGHTING,ANIMAL IN ROADWAY,NHP,2295615,Null,Null,Null,2015-08-27T06:25:00.000Z,{AD3AEBB8-DC7E-4CCD-A017-9EF0720FDD00}
302329,441110.8521,4645621.906,41.96,-117.7,2015-08-26,CATTLE,PROPERTY DAMAGE ONLY,HUMBOLDT,Wed Aug 26 00:00:00 PDT 2015,Sun Dec 31 02:32:00 PST 1899,2:32:00,US95N,512,N,MILE MARKER 71,CLEAR,-9999,-9999,PDO,Null,NON-COLLISION,1,SEMI,N,44,1,GOING STRAIGHT,APPARENTLY NORMAL,Null,Null,Null,CATTLE,Null,Null,Null,Null,Null,Null,Null,Null,Null,Null,Null,Null,DRY,DARK - NO LIGHTING,ANIMAL IN ROADWAY,NHP,2196052,Null,Null,Null,2015-08-26T09:32:00.000Z,{C8C337E5-0B12-4698-94BC-2295F3D22DA5}
302379,521926.507,4083804.938,36.9,-116.8,2015-08-26,BURRO,PROPERTY DAMAGE ONLY,NYE,Wed Aug 26 00:00:00 PDT 2015,Sun Dec 31 22:46:00 PST 1899,22:46:00,US95N,500,N,MILE MARKER 59,CLEAR,-9999,-9999,PDO,Null,NON-COLLISION,1,SEDAN,N,26,1,GOING STRAIGHT,APPARENTLY NORMAL,Null,Null,Null,BURRO,Null,Null,Null,Null,Null,Null,Null,Null,Null,Null,Null,Null,DRY,DARK - NO LIGHTING,ANIMAL IN ROADWAY,NHP,2197115,Null,Null,Null,2015-08-27T05:46:00.000Z,{D6160AA9-1AF4-4786-A041-DC118635ED20}
304025,254313.4716,4311308.106,38.92,-119.8,2015-12-02,DEER,PROPERTY DAMAGE ONLY,DOUGLAS,Wed Dec 02 00:00:00 PST 2015,Sun Dec 31 18:34:00 PST 1899,18:34:00,SR206,80,N,SIERRA COUNTRY CI,CLEAR,-9999,-9999,PDO,Null,NON-COLLISION,1,"HARDTOP, 2 DOOR",S,-9999,-9999,GOING STRAIGHT,APPARENTLY NORMAL,Null,Null,Null,Null,Null,Null,Null,Null,Null,Null,Null,Null,Null,Null,Null,Null,Null,Null,Null,DCSO,2207087,Null,Null,Null,2015-12-03T02:34:00.000Z,{DC491276-D2B3-41C8-B16B-292DCFF6E2EC}
318171,258411.6647,4343449.711,39.21,-119.8,2015-12-02,DEER,PROPERTY DAMAGE ONLY,CARSON CITY,Wed Dec 02 00:00:00 PST 2015,Sun Dec 31 17:30:00 PST 1899,17:30:00,IR580S,112,S,MILE MARKER 9,CLEAR,-9999,-9999,PDO,Null,NON-COLLISION,1,"HATCHBACK, 4 DOOR",S,36,1,GOING STRAIGHT,APPARENTLY NORMAL,Null,Null,Null,DEER,Null,Null,Null,Null,Null,Null,Null,Null,Null,Null,Null,Null,DRY,DARK - NO LIGHTING,NONE,NHP,2213319,Null,Null,Null,2015-12-03T01:30:00.000Z,{6857D2CE-0044-4FCE-8E89-01370E18A287}
318303,548989.929,4501513.204,40.66,-116.4,2015-12-09,DEER,PROPERTY DAMAGE ONLY,EUREKA,Wed Dec 09 00:00:00 PST 2015,Sun Dec 31 21:15:00 PST 1899,21:15:00,IR80W,100,W,MILE MARKER 10,CLEAR,-9999,-9999,PDO,Null,NON-COLLISION,1,"HARDTOP, 4 DOOR",E,59,2,GOING STRAIGHT,APPARENTLY NORMAL,Null,Null,Null,DEER,Null,Null,Null,Null,Null,Null,Null,Null,Null,Null,Null,Null,DRY,DARK - NO LIGHTING,ANIMAL IN ROADWAY,NHP,2213657,Null,Null,Null,2015-12-10T05:15:00.000Z,{0E307875-F488-454A-87CF-960F39AACCD4}
303969,350789.7253,4375095.501,39.51,-118.7,2015-12-30,DEER,PROPERTY DAMAGE ONLY,CHURCHILL,Wed Dec 30 00:00:00 PST 2015,Sun Dec 31 01:00:00 PST 1899,1:00:00,INDIAN LAKES RD,600,N,LENORE DR,CLEAR,-9999,-9999,PDO,Null,NON-COLLISION,1,PICKUP,N,23,-9999,GOING STRAIGHT,INATTENTION/DISTRACTED,ANIMALS,RAN OFF ROAD,Null,RAN OFF ROAD RIGHT: DEER,Null,Null,Null,Null,Null,Null,Null,Null,Null,Null,Null,Null,DRY,DARK - NO LIGHTING,NONE,CHSO,2309345,Null,Null,Null,2015-12-30T09:00:00.000Z,{A3414BFF-3B83-4019-B8D8-8E04C7933296}
319803,571194.6251,4506882,40.71,-116.2,2015-12-30,DEER,PROPERTY DAMAGE ONLY,ELKO,Wed Dec 30 00:00:00 PST 2015,Sun Dec 31 05:15:00 PST 1899,5:15:00,IR80W,0,Null,MILE MARKER 0,UNKNOWN,-9999,-9999,PDO,Null,NON-COLLISION,1,SEDAN,W,33,2,UNKNOWN,APPARENTLY NORMAL,Null,OBJECT AVOIDANCE,Null,DEER,Null,Null,Null,Null,Null,Null,Null,Null,Null,Null,Null,Null,DRY,DARK - UNKNOWN LIGHTING,ANIMAL IN ROADWAY,NHP,2214870,Null,Null,Null,2015-12-30T13:15:00.000Z,{ED09B5BB-C8F4-40A6-96FD-D41767D4A134}
319896,707539.8294,4548826.132,41.06,-114.5,2015-12-30,DEER,PROPERTY DAMAGE ONLY,ELKO,Wed Dec 30 00:00:00 PST 2015,Sun Dec 31 00:08:00 PST 1899,0:08:00,IR80W,1584,W,MILE MARKER 98,SNOW,-9999,-9999,PDO,Null,NON-COLLISION,1,"SEDAN, 4 DOOR",W,19,-9999,NOT REPORTED,APPARENTLY NORMAL,Null,OBJECT AVOIDANCE,Null,RAN OFF ROAD LEFT: GUARDRAIL FACE: RAN OFF ROAD RIGHT: EMBANKMENT,Null,Null,Null,Null,Null,Null,Null,Null,Null,Null,DEER,Null,DRY,DARK - NO LIGHTING,ANIMAL IN ROADWAY,NHP,2224331,Null,Null,Null,2015-12-30T08:08:00.000Z,{5CB9D75B-F602-4D58-B530-BC8BF3EC49F1}
286467,721684.3016,4172423.028,37.67,-114.5,2015-02-04,DEER,PROPERTY DAMAGE ONLY,LINCOLN,Wed Feb 04 00:00:00 PST 2015,Sun Dec 31 18:28:00 PST 1899,18:28:00,US93N,2112,S,MILE MARKER 99,CLEAR,-9999,-9999,PDO,Null,NON-COLLISION,1,"SEDAN, 4 DOOR",S,55,1,GOING STRAIGHT,APPARENTLY NORMAL,Null,Null,Null,DEER,Null,Null,Null,Null,Null,Null,Null,Null,Null,Null,Null,Null,DRY,DARK - NO LIGHTING,ANIMAL IN ROADWAY,NHP,2174093,Null,Null,Null,2015-02-05T02:28:00.000Z,{343E0D7A-E9B4-48DF-9052-258C9D27A257}
286709,411109.0361,4320972.995,39.03,-118,2015-02-11,CATTLE,INJURY CRASH,NYE,Wed Feb 11 00:00:00 PST 2015,Sun Dec 31 02:27:00 PST 1899,2:27:00,SR361,180,S,MILE MARKER 22,CLEAR,-9999,1,Null,B,NON-COLLISION,1,"SEDAN, 2 DOOR",S,25,1,GOING STRAIGHT,APPARENTLY NORMAL,Null,Null,Null,CATTLE,Null,Null,Null,Null,Null,Null,Null,Null,Null,Null,Null,Null,DRY,DARK - NO LIGHTING,ANIMAL IN ROADWAY,NHP,2174369,Null,Null,Null,2015-02-11T10:27:00.000Z,{CDD099BE-2955-45CC-89BA-20927E325262}
286492,349818.2473,4364467.985,39.42,-118.7,2015-02-18,CATTLE,PROPERTY DAMAGE ONLY,CHURCHILL,Wed Feb 18 00:00:00 PST 2015,Sun Dec 31 06:15:00 PST 1899,6:15:00,SR720,0,Null,MILE MARKER 2,CLEAR,-9999,-9999,PDO,Null,NON-COLLISION,1,"SEDAN, 4 DOOR",E,59,-9999,UNKNOWN,APPARENTLY NORMAL,Null,UNKNOWN,Null,UNKNOWN NON-COLLISION,Null,Null,Null,Null,Null,Null,Null,Null,Null,Null,Null,Null,DRY,DAWN,UNKNOWN,NHP,2174710,Null,Null,Null,2015-02-18T14:15:00.000Z,{E3CD0C60-B627-44E0-921A-25852A02E4DF}
286558,722841.1062,4202094.984,37.94,-114.5,2015-02-25,DEER,INJURY CRASH,LINCOLN,Wed Feb 25 00:00:00 PST 2015,Sun Dec 31 21:00:00 PST 1899,21:00:00,SR321,1584,S,MILE MARKER 4,CLEAR,-9999,1,Null,C,NON-COLLISION,1,VAN,S,55,1,GOING STRAIGHT,APPARENTLY NORMAL,Null,Null,Null,DEER,Null,Null,Null,Null,Null,Null,Null,Null,Null,Null,Null,Null,DRY,DARK - NO LIGHTING,ANIMAL IN ROADWAY,NHP,2175079,Null,Null,Null,2015-02-26T05:00:00.000Z,{B96A2A50-0787-4748-8952-3C1D971A62A5}
286521,741225.9773,4486287.966,40.49,-114.2,2015-01-14,OTHER ANIMAL,PROPERTY DAMAGE ONLY,ELKO,Wed Jan 14 00:00:00 PST 2015,Sun Dec 31 15:55:00 PST 1899,15:55:00,US93AN,100,N,MILE MARKER 35,CLEAR,-9999,-9999,PDO,Null,NON-COLLISION,1,SEDAN,N,-9999,-9999,GOING STRAIGHT,APPARENTLY NORMAL,Null,OBJECT AVOIDANCE,Null,Null,Null,Null,Null,Null,Null,Null,Null,Null,Null,Null,Null,Null,Null,Null,Null,NHP,2173097,Null,Null,Null,2015-01-14T23:55:00.000Z,{6E1470BE-DD20-42F7-BC70-BFE8800D026B}
294607,248525.1508,4354549.85,39.3,-119.9,2015-07-01,DEER,PROPERTY DAMAGE ONLY,WASHOE,Wed Jul 01 00:00:00 PDT 2015,Sun Dec 31 06:00:00 PST 1899,6:00:00,SR431,350,W,MILE MARKER 7,CLEAR,-9999,-9999,PDO,Null,NON-COLLISION,1,VAN,W,-9999,-9999,GOING STRAIGHT,APPARENTLY NORMAL,Null,Null,Null,Null,Null,Null,Null,Null,Null,Null,Null,Null,Null,Null,Null,Null,Null,Null,NONE,NHP,2181174,Null,Null,Null,2015-07-01T13:00:00.000Z,{E08118D0-3D7E-4437-BB21-697CF2E88C29}