OBJECTID,X,Y,Latitude,Longitude,Date,AnimalType,Crash_Seve,County,Crash_Date_Original,Crash_Time_Original,Crash_Time,Primary_St,Distance,Dir,Secondary_,Weather,Fatalities,Injured,Property_D,Injury_Typ,Crash_Type,Total_Vehi,V1_Type,V1_Dir,V1_Driver_,V1_Lane_Nu,V1_Action,V1_Driver1,V1_Drive_1,V1_Vehicle,V1_Most_Ha,V1_All_Eve,V2_Type,V2_Dir,V2_Driver_,V2_Lane_Nu,V2_Action,V2_Driver1,V2_Drive_1,V2_Vehicle,V2_Most_Ha,V2_All_Eve,First_Harm,Nonmotoris,Factors_Ro,Lighting,HWY_Factor,Agency,Accident_R,Pedalcycli,Pedestrian,Motorcycli,CrashDateT,GlobalID
297294,324483.7721,4381047.682,39.56,-119,2015-07-22,DOG/COYOTE,PROPERTY DAMAGE ONLY,CHURCHILL,Wed Jul 22 00:00:00 PDT 2015,Sun Dec 31 16:23:00 PST 1899,16:23:00,US50A,1500,W,MILE MARKER 3,CLOUDY,-9999,-9999,PDO,Null,NON-COLLISION,1,"SEDAN, 4 DOOR",E,-9999,-9999,GOING STRAIGHT,APPARENTLY NORMAL,Null,OBJECT AVOIDANCE,Null,Null,Null,Null,Null,Null,Null,Null,Null,Null,Null,Null,Null,Null,Null,Null,Null,NHP,2182215,Null,Null,Null,2015-07-22T23:23:00.000Z,{21E92C91-3680-429F-BEB7-657F5D7EE7DE}
413087,662319.375,4174886.75,37.71,-115.2,2015-07-22,DEER,PROPERTY DAMAGE ONLY,LINCOLN,Wed Jul 22 00:00:00 PDT 2015,Sun Dec 31 22:02:00 PST 1899,22:02:00,SR318,1200,N,MILE MARKER 14,CLOUDY,-9999,-9999,PDO,Null,NON-COLLISION,1,VAN,S,29,1,GOING STRAIGHT,APPARENTLY NORMAL,Null,Null,Null,DEER,Null,Null,Null,Null,Null,Null,Null,Null,Null,Null,Null,Null,DRY,DARK - NO LIGHTING,ANIMAL IN ROADWAY,NHP,2182238,Null,Null,Null,2015-07-23T05:02:00.000Z,{1F2409A5-F839-416C-ABAE-C582930FB74E}
280406,266039.7587,4341359.753,39.19,-119.7,2015-07-22,COYOTE,PROPERTY DAMAGE ONLY,CARSON CITY,Wed Jul 22 00:00:00 PDT 2015,Sun Dec 31 19:30:00 PST 1899,19:30:00,ARROWHEAD DR,500,W,CENTENNIAL PARK DR,CLEAR,-9999,-9999,PDO,Null,REAR-END,2,"SEDAN, 4 DOOR",W,21,-9999,GOING STRAIGHT,APPARENTLY NORMAL,Null,FOLLOWED TOO CLOSELY,Null,Null,"SEDAN, 4 DOOR",W,33,Null,STOPPED,APPARENTLY NORMAL,Null,OBJECT AVOIDANCE,Null,SLOW/STOPPED VEHICLE,Null,Null,DRY,DAYLIGHT,ANIMAL IN ROADWAY,CCSO,2308831,Null,Null,Null,2015-07-23T02:30:00.000Z,{37E38E6F-F45A-4701-A79F-35F1B77A8A43}
296357,567765.737,4228749.496,38.2,-116.2,2015-07-22,CATTLE,PROPERTY DAMAGE ONLY,NYE,Wed Jul 22 00:00:00 PDT 2015,Sun Dec 31 21:55:00 PST 1899,21:55:00,SR375,528,S,MILE MARKER 8,CLEAR,-9999,-9999,PDO,Null,NON-COLLISION,1,STATION WAGON,N,61,1,GOING STRAIGHT,APPARENTLY NORMAL,Null,Null,Null,CATTLE,Null,Null,Null,Null,Null,Null,Null,Null,Null,Null,Null,Null,DRY,DARK - NO LIGHTING,ANIMAL IN ROADWAY,NHP,2182237,Null,Null,Null,2015-07-23T04:55:00.000Z,{E5097AE9-FCB8-4491-8582-CC73CCEDDE5E}
296355,605249.4001,4522883.76,40.85,-115.8,2015-06-03,DEER,PROPERTY DAMAGE ONLY,ELKO,Wed Jun 03 00:00:00 PDT 2015,Sun Dec 31 21:00:00 PST 1899,21:00:00,IR80W,2640,W,MILE MARKER 26,CLOUDY,-9999,-9999,PDO,Null,NON-COLLISION,1,CARRY-ALL,W,-9999,-9999,GOING STRAIGHT,APPARENTLY NORMAL,Null,Null,Null,Null,Null,Null,Null,Null,Null,Null,Null,Null,Null,Null,Null,Null,Null,Null,Null,NHP,2179783,Null,Null,Null,2015-06-04T04:00:00.000Z,{95987DB8-F69E-40EC-824F-361AF3536DCD}
413127,656381.6399,4163639.13,37.61,-115.2,2015-06-10,HORSE,INJURY CRASH,LINCOLN,Wed Jun 10 00:00:00 PDT 2015,Sun Dec 31 11:37:00 PST 1899,11:37:00,SR318,381,N,MILE MARKER 6,CLOUDY,-9999,1,Null,C,ANGLE,2,VAN,S,73,1,PASSING OTHER VEHICLE,APPARENTLY NORMAL,Null,OTHER IMPROPER DRIVING,Null,CROSS MEDIAN/CENTERLINE: SLOW/STOPPED VEHICLE: RAN OFF ROAD LEFT,PICKUP,S,73,1,TURNING LEFT,APPARENTLY NORMAL,Null,Null,Null,Null,Null,Null,DRY,DAYLIGHT,NONE,NHP,2291733,Null,Null,Null,2015-06-10T18:37:00.000Z,{E4D49C18-3870-46FC-A938-2191C71BE612}
294739,660059.737,4551664.621,41.1,-115.1,2015-06-17,DEER,PROPERTY DAMAGE ONLY,ELKO,Wed Jun 17 00:00:00 PDT 2015,Sun Dec 31 03:20:00 PST 1899,3:20:00,IR80E,1320,W,MILE MARKER 67,CLEAR,-9999,-9999,PDO,Null,NON-COLLISION,1,"HATCHBACK, 4 DOOR",E,-9999,-9999,GOING STRAIGHT,APPARENTLY NORMAL,Null,Null,Null,Null,Null,Null,Null,Null,Null,Null,Null,Null,Null,Null,Null,Null,Null,Null,Null,NHP,2180458,Null,Null,Null,2015-06-17T10:20:00.000Z,{11F42C2D-9DE0-4C2A-A99E-80495EAE99B7}
296417,684455.6216,4344687.808,39.23,-114.9,2015-06-17,DEER,PROPERTY DAMAGE ONLY,WHITE PINE,Wed Jun 17 00:00:00 PDT 2015,Sun Dec 31 21:10:00 PST 1899,21:10:00,US6,172,W,MILE MARKER 41,CLOUDY,-9999,-9999,PDO,Null,NON-COLLISION,1,UTILITY,E,-9999,-9999,GOING STRAIGHT,APPARENTLY NORMAL,Null,Null,Null,Null,Null,Null,Null,Null,Null,Null,Null,Null,Null,Null,Null,Null,Null,Null,Null,NHP,2180510,Null,Null,Null,2015-06-18T04:10:00.000Z,{399B8BE8-46C8-468C-8F85-FF7669E0DF32}
295378,253945.6149,4333689.198,39.12,-119.8,2015-06-17,DEER,PROPERTY DAMAGE ONLY,CARSON CITY,Wed Jun 17 00:00:00 PDT 2015,Sun Dec 31 11:35:00 PST 1899,11:35:00,US50,500,W,TAHOE GOLF CLUB DR,CLEAR,-9999,-9999,PDO,Null,NON-COLLISION,1,"SEDAN, 4 DOOR",W,-9999,-9999,GOING STRAIGHT,APPARENTLY NORMAL,Null,Null,Null,Null,Null,Null,Null,Null,Null,Null,Null,Null,Null,Null,Null,Null,Null,Null,Null,NHP,2180473,Null,Null,Null,2015-06-17T18:35:00.000Z,{5CD6423B-350C-4331-9B49-573D8D446313}
325845,619098.6649,4508882.979,40.72,-115.6,2015-06-17,DEER,PROPERTY DAMAGE ONLY,ELKO,Wed Jun 17 00:00:00 PDT 2015,Sun Dec 31 20:51:00 PST 1899,20:51:00,SR227,277,E,PALACE PKWY,CLEAR,-9999,-9999,PDO,Null,NON-COLLISION,1,"HARDTOP, 4 DOOR",W,-9999,-9999,GOING STRAIGHT,APPARENTLY NORMAL,Null,Null,Null,Null,Null,Null,Null,Null,Null,Null,Null,Null,Null,Null,Null,Null,Null,Null,NONE,NHP,2292151,Null,Null,Null,2015-06-18T03:51:00.000Z,{CECEA08E-E948-47B1-8C3E-F744625C6AF6}
301730,260549.7896,4334982.529,39.13,-119.8,2015-06-24,DEER,PROPERTY DAMAGE ONLY,CARSON CITY,Wed Jun 24 00:00:00 PDT 2015,Sun Dec 31 08:34:00 PST 1899,8:34:00,SR529,20,S,EAGLE STATION LN,CLEAR,-9999,-9999,PDO,Null,ANGLE,2,VAN,S,-9999,-9999,OTHER TURNING MOVEMENT,APPARENTLY NORMAL,Null,UNKNOWN,Null,Null,"SEDAN, 4 DOOR",S,Null,Null,GOING STRAIGHT,APPARENTLY NORMAL,Null,Null,Null,Null,Null,Null,Null,Null,NONE,NHP,2180844,Null,Null,Null,2015-06-24T15:34:00.000Z,{B7EFFFC7-9386-446F-B5FA-328B3E5C2C74}
296893,413752.0033,4349743.34,39.29,-118,2015-06-24,CATTLE,PROPERTY DAMAGE ONLY,CHURCHILL,Wed Jun 24 00:00:00 PDT 2015,Sun Dec 31 02:51:00 PST 1899,2:51:00,US50,1320,E,MILE MARKER 69,CLEAR,-9999,-9999,PDO,Null,NON-COLLISION,1,SEMI,W,54,1,GOING STRAIGHT,APPARENTLY NORMAL,Null,OBJECT AVOIDANCE,Null,CATTLE,Null,Null,Null,Null,Null,Null,Null,Null,Null,Null,Null,Null,DRY,DARK - NO LIGHTING,ANIMAL IN ROADWAY,NHP,2180839,Null,Null,Null,2015-06-24T09:51:00.000Z,{210C1DC2-EF0B-4B5B-96FC-3C0487F07BC2}
287129,522930.0396,4367107.245,39.45,-116.7,2015-03-04,DEER,PROPERTY DAMAGE ONLY,LANDER,Wed Mar 04 00:00:00 PST 2015,Sun Dec 31 15:43:00 PST 1899,15:43:00,US50,987,W,MILE MARKER 49,CLEAR,-9999,-9999,PDO,Null,NON-COLLISION,1,"SEDAN, 4 DOOR",E,-9999,-9999,GOING STRAIGHT,APPARENTLY NORMAL,Null,OBJECT AVOIDANCE,Null,Null,Null,Null,Null,Null,Null,Null,Null,Null,Null,Null,Null,Null,Null,Null,Null,NHP,2175454,Null,Null,Null,2015-03-04T23:43:00.000Z,{40DB0FE4-95EC-4BC7-B171-E6CCE4166CF8}
287108,498233.1932,4345054.075,39.25,-117,2015-03-11,DEER,PROPERTY DAMAGE ONLY,LANDER,Wed Mar 11 00:00:00 PDT 2015,Sun Dec 31 19:55:00 PST 1899,19:55:00,SR376,720,S,MILE MARKER 7,CLOUDY,-9999,-9999,PDO,Null,NON-COLLISION,1,UTILITY,S,-9999,-9999,GOING STRAIGHT,APPARENTLY NORMAL,Null,OBJECT AVOIDANCE,Null,Null,Null,Null,Null,Null,Null,Null,Null,Null,Null,Null,Null,Null,Null,Null,Null,NHP,2175760,Null,Null,Null,2015-03-12T02:55:00.000Z,{6FD00D11-0E23-4AA5-93A0-AA2299733BB4}
316747,723104.337,4174344.875,37.69,-114.5,2015-03-11,DEER,PROPERTY DAMAGE ONLY,LINCOLN,Wed Mar 11 00:00:00 PDT 2015,Sun Dec 31 19:51:00 PST 1899,19:51:00,US93N,500,N,MILE MARKER 100,CLOUDY,-9999,-9999,PDO,Null,NON-COLLISION,1,VAN,S,39,1,GOING STRAIGHT,APPARENTLY NORMAL,Null,Null,Null,DEER,Null,Null,Null,Null,Null,Null,Null,Null,Null,Null,Null,Null,DRY,DARK - NO LIGHTING,ANIMAL IN ROADWAY,NHP,2287382,Null,Null,Null,2015-03-12T02:51:00.000Z,{E94C2AAE-6CDC-4BF4-8C3C-5A3E616150F0}
294581,260500.4002,4334695.481,39.13,-119.8,2015-05-06,UNKNOWN,PROPERTY DAMAGE ONLY,CARSON CITY,Wed May 06 00:00:00 PDT 2015,Sun Dec 31 18:38:00 PST 1899,18:38:00,SR529,38,N,W CLEARVIEW DR,CLEAR,-9999,-9999,PDO,Null,NON-COLLISION,1,SEDAN,N,-9999,-9999,GOING STRAIGHT,APPARENTLY NORMAL,Null,UNKNOWN,Null,Null,Null,Null,Null,Null,Null,Null,Null,Null,Null,Null,Null,Null,Null,Null,Null,NHP,2178474,Null,Null,Null,2015-05-07T01:38:00.000Z,{72A61A79-970E-4620-86DC-31A099D74A9A}
296694,305696.9651,4352271.739,39.3,-119.3,2015-05-06,DEER,PROPERTY DAMAGE ONLY,LYON,Wed May 06 00:00:00 PDT 2015,Sun Dec 31 05:30:00 PST 1899,5:30:00,US95A,600,S,MILE MARKER 36,CLEAR,-9999,-9999,PDO,Null,NON-COLLISION,1,UTILITY,N,74,1,GOING STRAIGHT,APPARENTLY NORMAL,Null,Null,Null,DEER,Null,Null,Null,Null,Null,Null,Null,Null,Null,Null,Null,Null,DRY,DARK - NO LIGHTING,ANIMAL IN ROADWAY,NHP,2178436,Null,Null,Null,2015-05-06T12:30:00.000Z,{E4CAB5DD-6CEA-440B-A4D2-A989F424EDFE}
296165,364630.5156,4375575.906,39.52,-118.6,2015-05-06,CATTLE,PROPERTY DAMAGE ONLY,CHURCHILL,Wed May 06 00:00:00 PDT 2015,Sun Dec 31 20:00:00 PST 1899,20:00:00,SR116,0,Null,SWOPE LN,UNKNOWN,-9999,-9999,PDO,Null,NON-COLLISION,1,"SEDAN, 4 DOOR",E,-9999,-9999,GOING STRAIGHT,APPARENTLY NORMAL,Null,UNKNOWN,Null,Null,Null,Null,Null,Null,Null,Null,Null,Null,Null,Null,Null,Null,Null,Null,NONE,NHP,2178480,Null,Null,Null,2015-05-07T03:00:00.000Z,{62DB5610-85E3-4CAC-B2EA-9321924B3A6E}
296902,253839.7375,4333670.074,39.12,-119.8,2015-05-13,DEER,PROPERTY DAMAGE ONLY,CARSON CITY,Wed May 13 00:00:00 PDT 2015,Sun Dec 31 23:15:00 PST 1899,23:15:00,US50,1100,W,MILE MARKER 3,CLEAR,-9999,-9999,PDO,Null,NON-COLLISION,1,LIMOUSINE,W,-9999,-9999,GOING STRAIGHT,APPARENTLY NORMAL,Null,Null,Null,Null,Null,Null,Null,Null,Null,Null,Null,Null,Null,Null,Null,Null,Null,Null,NONE,NHP,2178778,Null,Null,Null,2015-05-14T06:15:00.000Z,{042DF201-9926-4D35-8153-B5B21BACD65F}
298463,492163.222,4372446.844,39.5,-117.1,2015-05-13,DEER,PROPERTY DAMAGE ONLY,LANDER,Wed May 13 00:00:00 PDT 2015,Sun Dec 31 23:20:00 PST 1899,23:20:00,US50,2870,W,MILE MARKER 23,CLOUDY,-9999,-9999,PDO,Null,NON-COLLISION,1,PICKUP WITH MOUNTED CAMPER,W,-9999,-9999,GOING STRAIGHT,APPARENTLY NORMAL,Null,OBJECT AVOIDANCE,Null,Null,Null,Null,Null,Null,Null,Null,Null,Null,Null,Null,Null,Null,Null,Null,NONE,NHP,2178780,Null,Null,Null,2015-05-14T06:20:00.000Z,{9EC60905-F22C-4904-8081-7B429F647071}
298159,667107.6257,4004910.246,36.17,-115.1,2015-05-27,OTHER ANIMAL,PROPERTY DAMAGE ONLY,CLARK,Wed May 27 00:00:00 PDT 2015,Sun Dec 31 12:25:00 PST 1899,12:25:00,US95S,1775,W,MILE MARKER 74.60,CLEAR,-9999,-9999,PDO,Null,ANGLE,2,"SEDAN, 2 DOOR",S,19,1,GOING STRAIGHT,APPARENTLY NORMAL,Null,OBJECT AVOIDANCE,Null,OTHER ANIMAL,"SEDAN, 2 DOOR",S,35,1,GOING STRAIGHT,APPARENTLY NORMAL,Null,Null,Null,Null,Null,Null,DRY,DAYLIGHT,NONE,NHP,2179427,Null,Null,Null,2015-05-27T19:25:00.000Z,{7C9CE558-A564-4CCB-818A-C0907AABFB4F}
296829,350787.8575,4368513.195,39.45,-118.7,2015-05-27,DEER,PROPERTY DAMAGE ONLY,CHURCHILL,Wed May 27 00:00:00 PDT 2015,Sun Dec 31 20:36:00 PST 1899,20:36:00,SR118,1500,W,MILE MARKER 2,CLEAR,-9999,-9999,PDO,Null,NON-COLLISION,1,CARRY-ALL,W,-9999,-9999,GOING STRAIGHT,APPARENTLY NORMAL,Null,Null,Null,Null,Null,Null,Null,Null,Null,Null,Null,Null,Null,Null,Null,Null,Null,Null,NONE,NHP,2179405,Null,Null,Null,2015-05-28T03:36:00.000Z,{34D02302-0F6C-496D-A432-BFCD19EDCF4D}
297722,557862.5127,4499630.433,40.65,-116.3,2015-05-27,DEER,PROPERTY DAMAGE ONLY,EUREKA,Wed May 27 00:00:00 PDT 2015,Sun Dec 31 21:40:00 PST 1899,21:40:00,IR80W,237,W,MILE MARKER 16,CLEAR,-9999,-9999,PDO,Null,NON-COLLISION,1,CARRY-ALL,W,-9999,-9999,GOING STRAIGHT,APPARENTLY NORMAL,Null,Null,Null,Null,Null,Null,Null,Null,Null,Null,Null,Null,Null,Null,Null,Null,Null,Null,NONE,NHP,2179456,Null,Null,Null,2015-05-28T04:40:00.000Z,{ABCE76BB-C6A2-4A15-A930-F8639E1977F3}
298784,710378.8385,4239867.635,38.28,-114.6,2015-05-27,DEER,PROPERTY DAMAGE ONLY,LINCOLN,Wed May 27 00:00:00 PDT 2015,Sun Dec 31 22:30:00 PST 1899,22:30:00,US93N,1056,N,MILE MARKER 145,CLEAR,-9999,-9999,PDO,Null,NON-COLLISION,1,CARRY-ALL,N,50,1,GOING STRAIGHT,APPARENTLY NORMAL,Null,Null,Null,DEER,Null,Null,Null,Null,Null,Null,Null,Null,Null,Null,Null,Null,DRY,DARK - NO LIGHTING,ANIMAL IN ROADWAY,NHP,2179459,Null,Null,Null,2015-05-28T05:30:00.000Z,{72FD0DB1-00B9-4D5F-ACEB-22545990D224}
296068,390263.9107,4221161.635,38.13,-118.3,2015-05-27,BURRO,PROPERTY DAMAGE ONLY,MINERAL,Wed May 27 00:00:00 PDT 2015,Sun Dec 31 00:01:00 PST 1899,0:01:00,SR360,320,N,MILE MARKER 9,CLEAR,-9999,-9999,PDO,Null,NON-COLLISION,1,SEMI,N,32,1,GOING STRAIGHT,APPARENTLY NORMAL,Null,OBJECT AVOIDANCE,Null,BURRO,Null,Null,Null,Null,Null,Null,Null,Null,Null,Null,Null,Null,DRY,DARK - NO LIGHTING,ANIMAL IN ROADWAY,NHP,2179412,Null,Null,Null,2015-05-27T07:01:00.000Z,{FE49D473-DC93-4409-A0CE-0D7C73EE83BD}
316141,706644.5671,4549198.736,41.07,-114.5,2015-11-11,DEER,PROPERTY DAMAGE ONLY,ELKO,Wed Nov 11 00:00:00 PST 2015,Sun Dec 31 06:01:00 PST 1899,6:01:00,IR80E,300,E,MILE MARKER 97,CLEAR,-9999,-9999,PDO,Null,NON-COLLISION,2,"SEDAN, 4 DOOR",E,43,1,GOING STRAIGHT,APPARENTLY NORMAL,Null,Null,Null,DEER,SEMI,E,59,1,GOING STRAIGHT,APPARENTLY NORMAL,Null,Null,Null,DEER,Null,Null,DRY,DAWN,ANIMAL IN ROADWAY,NHP,2212098,Null,Null,Null,2015-11-11T14:01:00.000Z,{A4FE005F-0101-4B19-B6E1-3A94B4D03A4E}
316149,258384.3449,4343458.074,39.21,-119.8,2015-11-11,DEER,PROPERTY DAMAGE ONLY,CARSON CITY,Wed Nov 11 00:00:00 PST 2015,Sun Dec 31 17:38:00 PST 1899,17:38:00,IR580S,15,S,MILE MARKER 9,CLEAR,-9999,-9999,PDO,Null,NON-COLLISION,1,UTILITY,S,39,2,GOING STRAIGHT,APPARENTLY NORMAL,Null,UNKNOWN,Null,DEER,Null,Null,Null,Null,Null,Null,Null,Null,Null,Null,Null,Null,DRY,DARK - NO LIGHTING,Null,NHP,2212128,Null,Null,Null,2015-11-12T01:38:00.000Z,{979C67E9-A93C-4860-9EBB-D17503288FE9}
317733,602867.0184,4366928.024,39.45,-115.8,2015-11-11,DEER,PROPERTY DAMAGE ONLY,WHITE PINE,Wed Nov 11 00:00:00 PST 2015,Sun Dec 31 11:45:00 PST 1899,11:45:00,SR892,35,S,MILE MARKER 5,CLEAR,-9999,-9999,PDO,Null,NON-COLLISION,1,PICKUP,S,61,1,OTHER,APPARENTLY NORMAL,Null,OBJECT AVOIDANCE,Null,DEER,Null,Null,Null,Null,Null,Null,Null,Null,Null,Null,Null,Null,DRY,DAYLIGHT,NONE,NHP,2212106,Null,Null,Null,2015-11-11T19:45:00.000Z,{1255CF9E-F563-496A-AE54-FC45CB4B28EB}
413136,656385.5022,4155339.516,37.53,-115.2,2015-11-11,DEER,PROPERTY DAMAGE ONLY,LINCOLN,Wed Nov 11 00:00:00 PST 2015,Sun Dec 31 16:52:00 PST 1899,16:52:00,SR318,2112,S,MILE MARKER 1,CLEAR,-9999,-9999,PDO,Null,NON-COLLISION,1,MOTORIZED HOME,S,66,1,GOING STRAIGHT,APPARENTLY NORMAL,Null,Null,Null,DEER,Null,Null,Null,Null,Null,Null,Null,Null,Null,Null,Null,Null,DRY,DARK - NO LIGHTING,ANIMAL IN ROADWAY,NHP,2212126,Null,Null,Null,2015-11-12T00:52:00.000Z,{8A2AF12A-0A7C-4B63-880E-B793B182B14A}
316151,588246.3595,4509469.79,40.73,-116,2015-11-11,COYOTE,PROPERTY DAMAGE ONLY,ELKO,Wed Nov 11 00:00:00 PST 2015,Sun Dec 31 17:35:00 PST 1899,17:35:00,IR80W,2500,E,MILE MARKER 11,CLEAR,-9999,-9999,PDO,Null,NON-COLLISION,1,"SEDAN, 2 DOOR",W,51,1,GOING STRAIGHT,APPARENTLY NORMAL,Null,OBJECT AVOIDANCE,Null,DOG/COYOTE,Null,Null,Null,Null,Null,Null,Null,Null,Null,Null,Null,Null,DRY,DARK - NO LIGHTING,NONE,NHP,2212132,Null,Null,Null,2015-11-12T01:35:00.000Z,{D5EC7AC1-7017-470D-902B-0594B6B3257A}
316152,735671.3896,4203945.913,37.95,-114.3,2015-11-11,CATTLE,PROPERTY DAMAGE ONLY,LINCOLN,Wed Nov 11 00:00:00 PST 2015,Sun Dec 31 17:22:00 PST 1899,17:22:00,SR322,528,E,MILE MARKER 8,CLEAR,-9999,-9999,PDO,Null,NON-COLLISION,1,PICKUP,W,73,1,GOING STRAIGHT,APPARENTLY NORMAL,Null,Null,Null,CATTLE,Null,Null,Null,Null,Null,Null,Null,Null,Null,Null,Null,Null,DRY,DARK - NO LIGHTING,ANIMAL IN ROADWAY,NHP,2212133,Null,Null,Null,2015-11-12T01:22:00.000Z,{7A458545-1EC1-4D98-AE5F-147E7DAD411D}
317825,680333.9854,4480425.634,40.45,-114.9,2015-11-18,OTHER ANIMAL,INJURY CRASH,ELKO,Wed Nov 18 00:00:00 PST 2015,Sun Dec 31 02:45:00 PST 1899,2:45:00,US93N,1703,S,MILE MARKER 27,CLEAR,-9999,2,Null,C,NON-COLLISION,1,PICKUP,S,33,-9999,GOING STRAIGHT,Null,Null,OBJECT AVOIDANCE,Null,OTHER ANIMAL: OVERTURN/ROLLOVER,Null,Null,Null,Null,Null,Null,Null,Null,Null,Null,Null,Null,DRY,DARK - NO LIGHTING,ANIMAL IN ROADWAY,NHP,2212511,Null,Null,Null,2015-11-18T10:45:00.000Z,{62DE6B5C-8326-48D4-854D-6A775ED01787}
317844,348841.7679,4370943.166,39.47,-118.8,2015-11-18,DEER,PROPERTY DAMAGE ONLY,CHURCHILL,Wed Nov 18 00:00:00 PST 2015,Sun Dec 31 17:09:00 PST 1899,17:09:00,US50,1500,W,MILE MARKER 22,CLEAR,-9999,-9999,PDO,Null,NON-COLLISION,1,UTILITY,W,67,1,GOING STRAIGHT,APPARENTLY NORMAL,Null,UNKNOWN,Null,DEER,Null,Null,Null,Null,Null,Null,Null,Null,Null,Null,Null,Null,DRY,DARK - NO LIGHTING,NONE,NHP,2212556,Null,Null,Null,2015-11-19T01:09:00.000Z,{F7C715A3-0F95-4189-8420-13F6A2D2D85D}
317851,439347.3899,4543266.154,41.04,-117.7,2015-11-18,DEER,PROPERTY DAMAGE ONLY,HUMBOLDT,Wed Nov 18 00:00:00 PST 2015,Sun Dec 31 19:05:00 PST 1899,19:05:00,US95N,1100,S,MILE MARKER 4,CLOUDY,-9999,-9999,PDO,Null,NON-COLLISION,1,PICKUP,N,56,1,GOING STRAIGHT,APPARENTLY NORMAL,Null,Null,Null,DEER,Null,Null,Null,Null,Null,Null,Null,Null,Null,Null,Null,Null,DRY,DARK - NO LIGHTING,ANIMAL IN ROADWAY,NHP,2212567,Null,Null,Null,2015-11-19T03:05:00.000Z,{40F171DB-52C7-4B9F-ABE5-36007A6DDDD5}
318026,710976.321,4166207.361,37.62,-114.6,2015-11-25,HORSE,PROPERTY DAMAGE ONLY,LINCOLN,Wed Nov 25 00:00:00 PST 2015,Sun Dec 31 18:59:00 PST 1899,18:59:00,US93N,541,N,MILE MARKER 88,CLOUDY,-9999,-9999,PDO,Null,NON-COLLISION,1,PICKUP,N,44,1,GOING STRAIGHT,APPARENTLY NORMAL,Null,Null,Null,HORSE,Null,Null,Null,Null,Null,Null,Null,Null,Null,Null,Null,Null,DRY,DARK - NO LIGHTING,NONE,NHP,2212981,Null,Null,Null,2015-11-26T02:59:00.000Z,{0003100B-0831-4861-A905-6941BE39DCA8}
307183,641863.1238,4530154.845,40.91,-115.3,2015-10-07,DEER,PROPERTY DAMAGE ONLY,ELKO,Wed Oct 07 00:00:00 PDT 2015,Sun Dec 31 19:40:00 PST 1899,19:40:00,SR229,0,Null,MILE MARKER 9,CLEAR,-9999,-9999,PDO,Null,NON-COLLISION,1,PICKUP,N,34,1,GOING STRAIGHT,APPARENTLY NORMAL,Null,Null,Null,DEER,Null,Null,Null,Null,Null,Null,Null,Null,Null,Null,Null,Null,DRY,DARK - NO LIGHTING,NONE,NHP,2210521,Null,Null,Null,2015-10-08T02:40:00.000Z,{2390F0D7-FE07-48BE-9BF4-40D29F49666C}
425821,282250.9176,4352812.89,39.3,-119.5,2015-10-14,HORSE,FATAL CRASH,LYON,Wed Oct 14 00:00:00 PDT 2015,Sun Dec 31 22:05:00 PST 1899,22:05:00,US50,1584,E,MILE MARKER 11,CLEAR,1,1,Null,K,NON-COLLISION,1,COUPE,E,37,-9999,GOING STRAIGHT,DRUG INVOLVEMENT,Null,UNKNOWN,Null,HORSE: RAN OFF ROAD RIGHT: UNKNOWN FIXED OBJECT,Null,Null,Null,Null,Null,Null,Null,Null,Null,Null,Null,Null,DRY,DARK - NO LIGHTING,ANIMAL IN ROADWAY,NHP,2210712,Null,Null,Null,2015-10-15T05:05:00.000Z,{6CA6A342-4735-430A-B979-09461FFC2E93}
307267,722951.4377,4202929.39,37.95,-114.5,2015-10-14,DEER,PROPERTY DAMAGE ONLY,LINCOLN,Wed Oct 14 00:00:00 PDT 2015,Sun Dec 31 09:15:00 PST 1899,9:15:00,US93N,100,N,MILE MARKER 120,CLEAR,-9999,-9999,PDO,Null,NON-COLLISION,1,CARRY-ALL,S,49,1,GOING STRAIGHT,APPARENTLY NORMAL,Null,UNKNOWN,Null,DEER,Null,Null,Null,Null,Null,Null,Null,Null,Null,Null,Null,Null,DRY,DAYLIGHT,ANIMAL IN ROADWAY,NHP,2210687,Null,Null,Null,2015-10-14T16:15:00.000Z,{A49493B5-0F68-4714-A79D-13F51DC9C2B5}
315625,434510.1949,4602275.543,41.57,-117.8,2015-10-14,DEER,PROPERTY DAMAGE ONLY,HUMBOLDT,Wed Oct 14 00:00:00 PDT 2015,Sun Dec 31 19:53:00 PST 1899,19:53:00,US95N,2640,S,MILE MARKER 44,CLEAR,-9999,-9999,PDO,Null,NON-COLLISION,1,CARRY-ALL,S,57,1,GOING STRAIGHT,APPARENTLY NORMAL,Null,Null,Null,DEER,Null,Null,Null,Null,Null,Null,Null,Null,Null,Null,Null,Null,DRY,DARK - NO LIGHTING,NONE,NHP,2210710,Null,Null,Null,2015-10-15T02:53:00.000Z,{83CFB12D-5AC0-4492-9539-87502B78634B}