OBJECTID,X,Y,Latitude,Longitude,Date,AnimalType,Crash_Seve,County,Crash_Date_Original,Crash_Time_Original,Crash_Time,Primary_St,Distance,Dir,Secondary_,Weather,Fatalities,Injured,Property_D,Injury_Typ,Crash_Type,Total_Vehi,V1_Type,V1_Dir,V1_Driver_,V1_Lane_Nu,V1_Action,V1_Driver1,V1_Drive_1,V1_Vehicle,V1_Most_Ha,V1_All_Eve,V2_Type,V2_Dir,V2_Driver_,V2_Lane_Nu,V2_Action,V2_Driver1,V2_Drive_1,V2_Vehicle,V2_Most_Ha,V2_All_Eve,First_Harm,Nonmotoris,Factors_Ro,Lighting,HWY_Factor,Agency,Accident_R,Pedalcycli,Pedestrian,Motorcycli,CrashDateT,GlobalID
315757,624345.6225,4508973.425,40.72,-115.5,2015-10-21,DEER,PROPERTY DAMAGE ONLY,ELKO,Wed Oct 21 00:00:00 PDT 2015,Sun Dec 31 18:19:00 PST 1899,18:19:00,SR227,40,N,PLEASANT VALLEY RD,CLEAR,-9999,-9999,PDO,Null,NON-COLLISION,1,CARRY-ALL,N,30,1,GOING STRAIGHT,APPARENTLY NORMAL,Null,Null,Null,DEER,Null,Null,Null,Null,Null,Null,Null,Null,Null,Null,Null,Null,DRY,DARK - NO LIGHTING,NONE,NHP,2211049,Null,Null,Null,2015-10-22T01:19:00.000Z,{53EE7FC4-B958-4C2B-8909-34C5EA07C15A}
315887,683780.681,4580557.796,41.36,-114.8,2015-10-28,ELK,PROPERTY DAMAGE ONLY,ELKO,Wed Oct 28 00:00:00 PDT 2015,Sun Dec 31 19:18:00 PST 1899,19:18:00,US93N,0,Null,MILE MARKER 94,RAIN,-9999,-9999,PDO,Null,NON-COLLISION,1,CARRY-ALL,S,70,1,GOING STRAIGHT,APPARENTLY NORMAL,Null,OBJECT AVOIDANCE,Null,ELK,Null,Null,Null,Null,Null,Null,Null,Null,Null,Null,Null,Null,DRY,DARK - NO LIGHTING,ANIMAL IN ROADWAY,NHP,2211383,Null,Null,Null,2015-10-29T02:18:00.000Z,{7B7F48C0-E6AB-43E0-BE6D-5BB38C5FE413}
304184,683313.589,4579194.144,41.34,-114.8,2015-10-28,DEER,PROPERTY DAMAGE ONLY,ELKO,Wed Oct 28 00:00:00 PDT 2015,Sun Dec 31 21:30:00 PST 1899,21:30:00,US93N,500,N,MILE MARKER 93,CLEAR,-9999,-9999,PDO,Null,NON-COLLISION,1,SEDAN,N,-9999,-9999,GOING STRAIGHT,Null,Null,UNKNOWN,Null,Null,Null,Null,Null,Null,Null,Null,Null,Null,Null,Null,Null,Null,Null,Null,NONE,ECSO,2207250,Null,Null,Null,2015-10-29T04:30:00.000Z,{863BAAA3-74A7-424A-8666-1FE43D49DF1F}
315858,644199.0323,4358090.358,39.36,-115.3,2015-10-28,DEER,PROPERTY DAMAGE ONLY,WHITE PINE,Wed Oct 28 00:00:00 PDT 2015,Sun Dec 31 05:20:00 PST 1899,5:20:00,US50,10,E,MILE MARKER 35,CLEAR,-9999,-9999,PDO,Null,NON-COLLISION,1,PICKUP,W,69,-9999,GOING STRAIGHT,APPARENTLY NORMAL,Null,Null,Null,DEER,Null,Null,Null,Null,Null,Null,Null,Null,Null,Null,Null,Null,DRY,DARK - NO LIGHTING,ANIMAL IN ROADWAY,NHP,2211327,Null,Null,Null,2015-10-28T12:20:00.000Z,{D90D4935-996C-4F2E-8C27-FA2D97321F55}
304909,635573.4662,4036213.803,36.46,-115.5,2015-10-28,BURRO,PROPERTY DAMAGE ONLY,CLARK,Wed Oct 28 00:00:00 PDT 2015,Sun Dec 31 20:43:00 PST 1899,20:43:00,SR156,7920,W,US95S,CLEAR,-9999,-9999,PDO,Null,NON-COLLISION,1,PICKUP,E,56,1,UNKNOWN,APPARENTLY NORMAL,Null,Null,Null,BURRO,Null,Null,Null,Null,Null,Null,Null,Null,Null,Null,Null,Null,DRY,DARK - NO LIGHTING,NONE,LVMPD,2208001,Null,Null,Null,2015-10-29T03:43:00.000Z,{A14E0EFD-C4CE-428D-9359-868E2C116677}
322278,663214.0102,3978076.327,35.93,-115.2,2015-09-02,UNKNOWN,PROPERTY DAMAGE ONLY,CLARK,Wed Sep 02 00:00:00 PDT 2015,Sun Dec 31 13:00:00 PST 1899,13:00:00,IR15N,500,S,SR604 TO IR15N INT25,UNKNOWN,-9999,-9999,PDO,Null,NON-COLLISION,1,SEMI,N,39,-9999,NOT REPORTED,Null,Null,RAN OFF ROAD,Null,RAN OFF ROAD RIGHT: OTHER NON-COLLISION,Null,Null,Null,Null,Null,Null,Null,Null,Null,Null,Null,Null,DRY,DAYLIGHT,NONE,NHP,2296231,Null,Null,Null,2015-09-02T20:00:00.000Z,{861C12E8-6E32-460F-A482-25962D474FF6}
299982,245479.7087,4328297.044,39.07,-119.9,2015-09-02,DEER,PROPERTY DAMAGE ONLY,DOUGLAS,Wed Sep 02 00:00:00 PDT 2015,Sun Dec 31 10:15:00 PST 1899,10:15:00,US50,2000,E,MILE MARKER 9,CLEAR,-9999,-9999,PDO,Null,NON-COLLISION,1,"SEDAN, 4 DOOR",E,83,2,GOING STRAIGHT,APPARENTLY NORMAL,Null,Null,Null,DEER,Null,Null,Null,Null,Null,Null,Null,Null,Null,Null,Null,Null,Null,DAYLIGHT,ANIMAL IN ROADWAY,NHP,2197431,Null,Null,Null,2015-09-02T17:15:00.000Z,{E6A23963-3DC4-4D58-9E32-94882882D7C5}
299884,634530.8794,3987008.628,36.02,-115.5,2015-09-09,DEER,PROPERTY DAMAGE ONLY,CLARK,Wed Sep 09 00:00:00 PDT 2015,Sun Dec 31 01:00:00 PST 1899,1:00:00,SR160,200,N,ROSARY RD,CLEAR,-9999,-9999,PDO,Null,NON-COLLISION,1,"TRACTOR TRUCK, DIESEL",S,42,1,GOING STRAIGHT,APPARENTLY NORMAL,Null,Null,Null,DEER,Null,Null,Null,Null,Null,Null,Null,Null,Null,Null,Null,Null,DRY,DARK - NO LIGHTING,ANIMAL IN ROADWAY,NHP,2197751,Null,Null,Null,2015-09-09T08:00:00.000Z,{4FBE9C23-3409-403C-837C-80F38FE78B50}
302319,249476.204,4318145.488,38.98,-119.9,2015-09-09,DEER,PROPERTY DAMAGE ONLY,DOUGLAS,Wed Sep 09 00:00:00 PDT 2015,Sun Dec 31 19:37:00 PST 1899,19:37:00,SR207,423,E,MILE MARKER 3,CLEAR,-9999,-9999,PDO,Null,NON-COLLISION,1,CARRY-ALL,W,-9999,-9999,GOING STRAIGHT,APPARENTLY NORMAL,Null,UNKNOWN,Null,Null,Null,Null,Null,Null,Null,Null,Null,Null,Null,Null,Null,Null,Null,Null,NONE,NHP,2197796,Null,Null,Null,2015-09-10T02:37:00.000Z,{BE5EBDBE-67BD-434D-BC4C-E4440B7401B4}
302408,253095.3215,4315105.437,38.95,-119.8,2015-09-09,DEER,PROPERTY DAMAGE ONLY,DOUGLAS,Wed Sep 09 00:00:00 PDT 2015,Sun Dec 31 21:54:00 PST 1899,21:54:00,SR207,2640,E,MILE MARKER 10,CLEAR,-9999,-9999,PDO,Null,NON-COLLISION,1,"SEDAN, 4 DOOR",N,-9999,-9999,GOING STRAIGHT,APPARENTLY NORMAL,Null,Null,Null,Null,Null,Null,Null,Null,Null,Null,Null,Null,Null,Null,Null,Null,Null,Null,Null,NHP,2197802,Null,Null,Null,2015-09-10T04:54:00.000Z,{05822CED-0EBB-4A40-9499-8821757291A5}
349588,257422.1169,4346288.836,39.23,-119.8,2015-09-09,DEER,PROPERTY DAMAGE ONLY,WASHOE,Wed Sep 09 00:00:00 PDT 2015,Sun Dec 31 22:45:00 PST 1899,22:45:00,IR580N,1500,S,MILE MARKER 2,CLEAR,-9999,-9999,PDO,Null,NON-COLLISION,1,STATION WAGON,N,-9999,-9999,GOING STRAIGHT,APPARENTLY NORMAL,Null,Null,Null,Null,Null,Null,Null,Null,Null,Null,Null,Null,Null,Null,Null,Null,Null,Null,NONE,NHP,2296304,Null,Null,Null,2015-09-10T05:45:00.000Z,{3C575080-133E-455A-BAAF-3B15EF70335C}
299872,612502.3321,4166321.319,37.64,-115.7,2015-09-09,CATTLE,PROPERTY DAMAGE ONLY,LINCOLN,Wed Sep 09 00:00:00 PDT 2015,Sun Dec 31 20:16:00 PST 1899,20:16:00,SR375,10,W,MILE MARKER 11,CLOUDY,-9999,-9999,PDO,Null,NON-COLLISION,1,"SEDAN, 4 DOOR",W,22,1,GOING STRAIGHT,APPARENTLY NORMAL,Null,Null,Null,CATTLE,Null,Null,Null,Null,Null,Null,Null,Null,Null,Null,Null,Null,DRY,DARK - NO LIGHTING,ANIMAL IN ROADWAY,NHP,2197798,Null,Null,Null,2015-09-10T03:16:00.000Z,{CFF27B7B-0FE8-49AA-86A9-A9EA1ACE56B6}
300264,645750.1875,4549664.5,41.09,-115.3,2015-09-23,DEER,PROPERTY DAMAGE ONLY,ELKO,Wed Sep 23 00:00:00 PDT 2015,Sun Dec 31 20:05:00 PST 1899,20:05:00,IR80E,1056,W,MILE MARKER 58,CLEAR,-9999,-9999,PDO,Null,REAR-END,2,SEMI,E,63,1,CHANGING LANES,OTHER IMPROPER DRIVING,Null,FOLLOWED TOO CLOSELY,Null,SLOW/STOPPED VEHICLE,VAN,E,35,1,CHANGING LANES,APPARENTLY NORMAL,Null,OBJECT AVOIDANCE,Null,DEER,Null,Null,DRY,DARK - NO LIGHTING,ANIMAL IN ROADWAY,NHP,2198447,Null,Null,Null,2015-09-24T03:05:00.000Z,{73C4207B-85EA-482E-9743-0466423CB437}
300623,274933.7565,4416904.485,39.87,-119.6,2015-09-23,CATTLE,PROPERTY DAMAGE ONLY,WASHOE,Wed Sep 23 00:00:00 PDT 2015,Sun Dec 31 21:26:00 PST 1899,21:26:00,SR445,528,N,MILE MARKER 25,CLEAR,-9999,-9999,PDO,Null,NON-COLLISION,1,"SEDAN, 4 DOOR",N,21,1,GOING STRAIGHT,APPARENTLY NORMAL,Null,DRIVING TOO FAST FOR CONDITIONS,Null,CATTLE,Null,Null,Null,Null,Null,Null,Null,Null,Null,Null,Null,Null,DRY,DARK - NO LIGHTING,ANIMAL IN ROADWAY,NHP,2198450,Null,Null,Null,2015-09-24T04:26:00.000Z,{9798986C-CE84-4094-B379-C50DD86764B2}
315362,259289.0542,4320930.802,39,-119.8,2015-09-30,DOG/COYOTE,INJURY CRASH,DOUGLAS,Wed Sep 30 00:00:00 PDT 2015,Sun Dec 31 06:39:00 PST 1899,6:39:00,US395N,1200,N,SR759,CLEAR,-9999,1,Null,B,"SIDESWIPE, OVERTAKING",2,VAN,N,34,-9999,NOT REPORTED,INATTENTION/DISTRACTED,ANIMALS,FAILURE TO KEEP IN PROPER LANE OR RUNNING OFF ROAD: RAN OFF ROAD: UNSAFE LANE CHANGE,Null,RAN OFF ROAD RIGHT,"TRACTOR TRUCK, DIESEL",N,48,Null,TURNING RIGHT,APPARENTLY NORMAL,Null,Null,Null,Null,Null,Null,DRY,DAWN,NONE,NHP,2297250,Null,Null,Null,2015-09-30T13:39:00.000Z,{C44F42AE-7925-4142-A968-889ABF43C4D3}
330072,414938.0436,4349866.083,39.29,-118,2016-04-01,ANTELOPE,PROPERTY DAMAGE ONLY,CHURCHILL,Fri Apr 01 00:00:00 PDT 2016,Sun Dec 31 11:26:00 PST 1899,11:26:00,US50,10,W,MILE MARKER 70,CLEAR,-9999,-9999,PDO,Null,NON-COLLISION,1,PICKUP,W,24,1,GOING STRAIGHT,APPARENTLY NORMAL,Null,OBJECT AVOIDANCE,Null,ANTELOPE,Null,Null,Null,Null,Null,Null,Null,Null,Null,Null,Null,Null,DRY,DAYLIGHT,ANIMAL IN ROADWAY,NHP,2235837,Null,Null,Null,2016-04-01T18:26:00.000Z,{22483F05-9FEA-4530-843D-28232A7FDA50}
329391,673608.897,4341676.298,39.21,-115,2016-04-08,DEER,PROPERTY DAMAGE ONLY,WHITE PINE,Fri Apr 08 00:00:00 PDT 2016,Sun Dec 31 16:52:00 PST 1899,16:52:00,US6,850,E,MILE MARKER 30,CLEAR,-9999,-9999,PDO,Null,NON-COLLISION,1,SEMI,E,29,1,GOING STRAIGHT,APPARENTLY NORMAL,Null,Null,Null,DEER,Null,Null,Null,Null,Null,Null,Null,Null,Null,Null,Null,Null,DRY,DAYLIGHT,ANIMAL IN ROADWAY,NHP,2236242,Null,Null,Null,2016-04-08T23:52:00.000Z,{0800E52A-1F28-485B-B03B-D3AF21D03954}
327914,681672.9261,4553429.92,41.11,-114.8,2016-04-15,DEER,PROPERTY DAMAGE ONLY,ELKO,Fri Apr 15 00:00:00 PDT 2016,Sun Dec 31 06:10:00 PST 1899,6:10:00,IR80E,2640,E,MILE MARKER 80,SNOW,-9999,-9999,PDO,Null,NON-COLLISION,1,HATCHBACK/FASTBACK,E,25,2,GOING STRAIGHT,APPARENTLY NORMAL,Null,Null,Null,DEER,Null,Null,Null,Null,Null,Null,Null,Null,Null,Null,Null,Null,DRY,DAYLIGHT,WEATHER: ANIMAL IN ROADWAY,NHP,2236636,Null,Null,Null,2016-04-15T13:10:00.000Z,{DA2E87B6-DCB4-41A9-858E-6B2111B1BD21}
329710,577897.995,4640951.459,41.92,-116.1,2016-04-15,DEER,PROPERTY DAMAGE ONLY,ELKO,Fri Apr 15 00:00:00 PDT 2016,Sun Dec 31 06:30:00 PST 1899,6:30:00,SR225,500,S,MILE MARKER 120,"SLEET, HAIL (FREEZING RAIN OR DRIZZLE)",-9999,-9999,PDO,Null,NON-COLLISION,1,"HATCHBACK, 4 DOOR",N,56,1,GOING STRAIGHT,APPARENTLY NORMAL,Null,OBJECT AVOIDANCE,Null,DEER,Null,Null,Null,Null,Null,Null,Null,Null,Null,Null,Null,Null,DRY,DAWN,ANIMAL IN ROADWAY,NHP,2236644,Null,Null,Null,2016-04-15T13:30:00.000Z,{EF1F5B82-8E85-4FF1-945F-F3F32444AD17}
361977,673471.1959,4006578.385,36.19,-115.1,2016-04-29,HORSE,PROPERTY DAMAGE ONLY,CLARK,Fri Apr 29 00:00:00 PDT 2016,Sun Dec 31 18:26:00 PST 1899,18:26:00,OWENS AVE,0,Null,MARION DR,CLOUDY,-9999,-9999,PDO,Null,NON-COLLISION,1,"SEDAN, 4 DOOR",E,69,-9999,GOING STRAIGHT,APPARENTLY NORMAL,Null,Null,Null,HORSE,Null,Null,Null,Null,Null,Null,Null,Null,Null,Null,Null,Null,DRY,DAYLIGHT,ANIMAL IN ROADWAY,LVMPD,2353400,Null,Null,Null,2016-04-30T01:26:00.000Z,{CDA7A67D-D4AF-431E-BBA1-D1728892F4DC}
332512,483541.9087,4298148.621,38.83,-117.2,2016-04-29,DEER,PROPERTY DAMAGE ONLY,NYE,Fri Apr 29 00:00:00 PDT 2016,Sun Dec 31 19:40:00 PST 1899,19:40:00,SR376,0,Null,MILE MARKER 57,CLOUDY,-9999,-9999,PDO,Null,NON-COLLISION,1,"HARDTOP, 4 DOOR",N,52,1,GOING STRAIGHT,APPARENTLY NORMAL,Null,OBJECT AVOIDANCE,Null,DEER,Null,Null,Null,Null,Null,Null,Null,Null,Null,Null,Null,Null,DRY,DARK - NO LIGHTING,ANIMAL IN ROADWAY,NYSO,2238581,Null,Null,Null,2016-04-30T02:40:00.000Z,{6439EF4F-7815-42BD-AE16-473B5582B05D}
327277,599982.627,4590092.115,41.46,-115.8,2016-04-29,CATTLE,PROPERTY DAMAGE ONLY,ELKO,Fri Apr 29 00:00:00 PDT 2016,Sun Dec 31 21:05:00 PST 1899,21:05:00,SR225,500,S,MILE MARKER 76,RAIN,-9999,-9999,PDO,Null,NON-COLLISION,1,PICKUP,S,46,1,GOING STRAIGHT,APPARENTLY NORMAL,Null,Null,Null,CATTLE,Null,Null,Null,Null,Null,Null,Null,Null,Null,Null,Null,Null,DRY,DARK - NO LIGHTING,ANIMAL IN ROADWAY,NHP,2237379,Null,Null,Null,2016-04-30T04:05:00.000Z,{5BF2C2F6-7D53-476E-A43D-53286B899F1B}
398124,684267.5644,3985869.938,36,-115,2016-08-05,COYOTE,PROPERTY DAMAGE ONLY,CLARK,Fri Aug 05 00:00:00 PDT 2016,Sun Dec 31 21:14:00 PST 1899,21:14:00,IR11S,0,Null,MILE MARKER 18.54,CLEAR,-9999,-9999,PDO,Null,NON-COLLISION,1,"SEDAN, 4 DOOR",S,40,2,GOING STRAIGHT,APPARENTLY NORMAL,Null,Null,Null,DOG/COYOTE,Null,Null,Null,Null,Null,Null,Null,Null,Null,Null,Null,Null,DRY,DARK - SPOT LIGHTING,ANIMAL IN ROADWAY,NHP,2327515,Null,Null,Null,2016-08-06T04:14:00.000Z,{97BFE2C0-9A19-4E65-BED2-1EB9C8D0B93F}
346499,623708.8584,4020742.038,36.32,-115.6,2016-08-12,HORSE,PROPERTY DAMAGE ONLY,CLARK,Fri Aug 12 00:00:00 PDT 2016,Sun Dec 31 00:01:00 PST 1899,0:01:00,SR158,1200,N,MILE MARKER 6,CLEAR,-9999,-9999,PDO,Null,NON-COLLISION,1,"HATCHBACK, 2 DOOR",S,36,1,GOING STRAIGHT,APPARENTLY NORMAL,Null,Null,Null,HORSE,Null,Null,Null,Null,Null,Null,Null,Null,Null,Null,Null,Null,DRY,DARK - NO LIGHTING,ANIMAL IN ROADWAY,NHP,2327835,Null,Null,Null,2016-08-12T07:01:00.000Z,{7761EB5B-6962-434C-B858-0ACDADBFC2C0}
348834,427917.7656,4346231.817,39.26,-117.8,2016-08-12,DEER,PROPERTY DAMAGE ONLY,CHURCHILL,Fri Aug 12 00:00:00 PDT 2016,Sun Dec 31 18:30:00 PST 1899,18:30:00,SR722,0,Null,MILE MARKER 9,CLEAR,-9999,-9999,PDO,Null,NON-COLLISION,1,"SEDAN, 4 DOOR",E,44,1,GOING STRAIGHT,APPARENTLY NORMAL,Null,UNKNOWN,Null,DEER,Null,Null,Null,Null,Null,Null,Null,Null,Null,Null,Null,Null,DRY,DAYLIGHT,ANIMAL IN ROADWAY,NHP,2327894,Null,Null,Null,2016-08-13T01:30:00.000Z,{9B22CCF0-5CB0-4BE1-8E3A-2625BCFFEFFC}
350958,244878.3258,4349010.812,39.25,-120,2016-08-12,COYOTE,PROPERTY DAMAGE ONLY,WASHOE,Fri Aug 12 00:00:00 PDT 2016,Sun Dec 31 05:30:00 PST 1899,5:30:00,NORTHWOOD BLVD,100,N,MC COURRY BLVD,CLEAR,-9999,-9999,PDO,Null,ANGLE,2,"SEDAN, 4 DOOR",N,-9999,-9999,GOING STRAIGHT,APPARENTLY NORMAL,Null,EXCEEDED AUTHORIZED SPEED LIMIT: DROVE LEFT OF CENTER,Null,DOG/COYOTE: RAN OFF ROAD LEFT: PARKED MOTOR VEHICLE,OTHER,Null,Null,Null,PARKED,Null,Null,Null,Null,PARKED MOTOR VEHICLE,Null,Null,Null,Null,Null,WASO,2331897,Null,Null,Null,2016-08-12T12:30:00.000Z,{97DF9A7F-0FCD-4C6B-93B4-D0259C319CAD}
397952,286677.6934,4378684.495,39.53,-119.5,2016-08-19,HORSE,PROPERTY DAMAGE ONLY,STOREY,Fri Aug 19 00:00:00 PDT 2016,Sun Dec 31 04:04:00 PST 1899,4:04:00,SR439,255,S,ITALY DR,CLEAR,-9999,-9999,PDO,Null,NON-COLLISION,1,UTILITY,N,33,2,GOING STRAIGHT,APPARENTLY NORMAL,Null,OBJECT AVOIDANCE,Null,HORSE,Null,Null,Null,Null,Null,Null,Null,Null,Null,Null,Null,Null,DRY,DARK - NO LIGHTING,ANIMAL IN ROADWAY,NHP,2328243,Null,Null,Null,2016-08-19T11:04:00.000Z,{6B196518-0954-433D-86A6-D9FDC26C4607}
350035,578726.9321,4637890.272,41.89,-116.1,2016-08-19,CATTLE,PROPERTY DAMAGE ONLY,ELKO,Fri Aug 19 00:00:00 PDT 2016,Sun Dec 31 21:00:00 PST 1899,21:00:00,SR225,2640,N,MILE MARKER 117,CLEAR,-9999,-9999,PDO,Null,NON-COLLISION,1,PICKUP,S,23,1,GOING STRAIGHT,APPARENTLY NORMAL,Null,DROVE LEFT OF CENTER: RAN OFF ROAD: OBJECT AVOIDANCE,Null,"CATTLE: RAN OFF ROAD LEFT: OTHER POST, POLE OR SUPPORT: EMBANKMENT",Null,Null,Null,Null,Null,Null,Null,Null,Null,Null,Null,Null,DRY,DARK - NO LIGHTING,ANIMAL IN ROADWAY,NHP,2328301,Null,Null,Null,2016-08-20T04:00:00.000Z,{C3BAB171-424C-43AA-8FB9-6557776F5A26}
351063,710401.5228,4239575.446,38.28,-114.6,2016-08-26,DEER,PROPERTY DAMAGE ONLY,LINCOLN,Fri Aug 26 00:00:00 PDT 2016,Sun Dec 31 06:25:00 PST 1899,6:25:00,US93N,100,N,MILE MARKER 145,CLEAR,-9999,-9999,PDO,Null,NON-COLLISION,1,PICKUP,N,34,1,GOING STRAIGHT,APPARENTLY NORMAL,Null,UNKNOWN,Null,DEER,Null,Null,Null,Null,Null,Null,Null,Null,Null,Null,Null,Null,DRY,DAWN,ANIMAL IN ROADWAY,NHP,2328620,Null,Null,Null,2016-08-26T13:25:00.000Z,{3D11DDD4-8A07-43A0-9390-ABBC490B06A5}
350063,605672.3251,4397869.815,39.72,-115.8,2016-08-26,CATTLE,PROPERTY DAMAGE ONLY,WHITE PINE,Fri Aug 26 00:00:00 PDT 2016,Sun Dec 31 20:00:00 PST 1899,20:00:00,SR892,0,Null,MILE MARKER 25,CLEAR,-9999,-9999,PDO,Null,NON-COLLISION,1,PICKUP,S,57,1,GOING STRAIGHT,APPARENTLY NORMAL,Null,Null,Null,CATTLE,Null,Null,Null,Null,Null,Null,Null,Null,Null,Null,Null,Null,DRY,DARK - CONTINUOUS LIGHTING,ANIMAL IN ROADWAY,NHP,2328974,Null,Null,Null,2016-08-27T03:00:00.000Z,{6CE7767C-24C5-4675-A8B0-9977EDE8AC62}
370911,282608.0946,4353068.556,39.3,-119.5,2016-12-02,HORSE,PROPERTY DAMAGE ONLY,LYON,Fri Dec 02 00:00:00 PST 2016,Sun Dec 31 19:12:00 PST 1899,19:12:00,US50,0,W,SIX MILE CANYON RD,CLEAR,-9999,-9999,PDO,Null,NON-COLLISION,1,PICKUP,W,51,2,GOING STRAIGHT,APPARENTLY NORMAL,Null,Null,Null,HORSE,Null,Null,Null,Null,Null,Null,Null,Null,Null,Null,Null,Null,DRY,DARK - NO LIGHTING,ANIMAL IN ROADWAY,NHP,2341417,Null,Null,Null,2016-12-03T03:12:00.000Z,{B279B7EC-7BBE-409E-BAB1-8F118C6957BC}
367305,356820.9075,4365719.066,39.43,-118.7,2016-12-02,CATTLE,INJURY CRASH,CHURCHILL,Fri Dec 02 00:00:00 PST 2016,Sun Dec 31 17:45:00 PST 1899,17:45:00,US50,3500,E,WILDES RD,CLEAR,-9999,1,Null,B,NON-COLLISION,1,VAN,W,39,1,GOING STRAIGHT,APPARENTLY NORMAL,Null,OBJECT AVOIDANCE,Null,CATTLE,Null,Null,Null,Null,Null,Null,Null,Null,Null,Null,Null,Null,DRY,DARK - NO LIGHTING,ANIMAL IN ROADWAY,NHP,2341407,Null,Null,Null,2016-12-03T01:45:00.000Z,{ED790370-4964-4CBB-A5A2-03FF13352A7C}
397016,288610.4977,4380404.629,39.55,-119.5,2016-12-09,HORSE,PROPERTY DAMAGE ONLY,STOREY,Fri Dec 09 00:00:00 PST 2016,Sun Dec 31 19:08:00 PST 1899,19:08:00,ELECTRIC AVE S,500,E,VENICE DR,CLEAR,-9999,-9999,PDO,Null,NON-COLLISION,1,"SEDAN, 4 DOOR",W,35,2,GOING STRAIGHT,APPARENTLY NORMAL,Null,Null,Null,HORSE,Null,Null,Null,Null,Null,Null,Null,Null,Null,Null,Null,Null,DRY,DARK - NO LIGHTING,ANIMAL IN ROADWAY,STSO,2386569,Null,Null,Null,2016-12-10T03:08:00.000Z,{C802DC21-A33B-4982-9780-04C58C48200A}
397968,286389.2062,4379804.487,39.54,-119.5,2016-12-09,HORSE,PROPERTY DAMAGE ONLY,STOREY,Fri Dec 09 00:00:00 PST 2016,Sun Dec 31 11:32:00 PST 1899,11:32:00,USA PKWY,2584,S,MILE MARKER 9,CLEAR,-9999,-9999,PDO,Null,NON-COLLISION,1,"TRACTOR TRUCK, DIESEL",S,54,1,GOING STRAIGHT,APPARENTLY NORMAL,Null,Null,Null,HORSE,Null,Null,Null,Null,Null,Null,Null,Null,Null,Null,Null,Null,DRY,DAYLIGHT,ANIMAL IN ROADWAY,NHP,2341843,Null,Null,Null,2016-12-09T19:32:00.000Z,{08E29353-1E77-489E-8980-10CE4CE6B01E}
359835,416942.2968,4289411.989,38.75,-118,2016-12-09,CATTLE,PROPERTY DAMAGE ONLY,NYE,Fri Dec 09 00:00:00 PST 2016,Sun Dec 31 19:03:00 PST 1899,19:03:00,POLE LINE RD,26400,S,SR361,CLEAR,-9999,-9999,PDO,Null,NON-COLLISION,1,PICKUP,W,24,-9999,OTHER,APPARENTLY NORMAL,Null,UNKNOWN,Null,CATTLE,Null,Null,Null,Null,Null,Null,Null,Null,Null,Null,Null,Null,DRY,DARK - NO LIGHTING,ANIMAL IN ROADWAY,NYSO,2344171,Null,Null,Null,2016-12-10T03:03:00.000Z,{9B475390-B274-4E18-97EC-7383F70A6BB9}
367523,339787.4744,4369481.505,39.46,-118.9,2016-12-09,CATTLE,PROPERTY DAMAGE ONLY,CHURCHILL,Fri Dec 09 00:00:00 PST 2016,Sun Dec 31 19:35:00 PST 1899,19:35:00,SR117,2800,S,MILE MARKER 2,CLEAR,-9999,-9999,PDO,Null,NON-COLLISION,1,CARRY-ALL,N,55,1,GOING STRAIGHT,APPARENTLY NORMAL,Null,OBJECT AVOIDANCE,Null,CATTLE,Null,Null,Null,Null,Null,Null,Null,Null,Null,Null,Null,Null,DRY,DARK - NO LIGHTING,ANIMAL IN ROADWAY,NHP,2341899,Null,Null,Null,2016-12-10T03:35:00.000Z,{1BF504D7-0BE9-48E5-BC0D-7BA89A96C6E3}
360131,676238.7621,4485816.695,40.5,-114.9,2016-12-23,ELK,PROPERTY DAMAGE ONLY,ELKO,Fri Dec 23 00:00:00 PST 2016,Sun Dec 31 05:35:00 PST 1899,5:35:00,US93N,815,S,MILE MARKER 31,CLOUDY,-9999,-9999,PDO,Null,NON-COLLISION,1,"SEDAN, 4 DOOR",S,66,1,GOING STRAIGHT,APPARENTLY NORMAL,Null,Null,Null,ELK,Null,Null,Null,Null,Null,Null,Null,Null,Null,Null,Null,Null,DRY,DARK - NO LIGHTING,ANIMAL IN ROADWAY,NHP,2342790,Null,Null,Null,2016-12-23T13:35:00.000Z,{F96C4783-B4A2-4A17-99F8-361BE0045A33}
355185,257782.9862,4343786.335,39.21,-119.8,2016-12-23,DEER,PROPERTY DAMAGE ONLY,WASHOE,Fri Dec 23 00:00:00 PST 2016,Sun Dec 31 06:46:00 PST 1899,6:46:00,IR580N,10,S,IR580N TO EASTLAKE BLVD INT42,CLOUDY,-9999,-9999,PDO,Null,NON-COLLISION,1,SEDAN,N,22,3,GOING STRAIGHT,APPARENTLY NORMAL,Null,Null,Null,DEER: NOT REPORTED,Null,Null,Null,Null,Null,Null,Null,Null,Null,Null,Null,Null,DRY,DARK - NO LIGHTING,ANIMAL IN ROADWAY,NHP,2342786,Null,Null,Null,2016-12-23T14:46:00.000Z,{996DB350-D4C0-4C89-91E8-2F95C1D1DC2C}