OBJECTID,X,Y,Latitude,Longitude,Date,AnimalType,Crash_Seve,County,Crash_Date_Original,Crash_Time_Original,Crash_Time,Primary_St,Distance,Dir,Secondary_,Weather,Fatalities,Injured,Property_D,Injury_Typ,Crash_Type,Total_Vehi,V1_Type,V1_Dir,V1_Driver_,V1_Lane_Nu,V1_Action,V1_Driver1,V1_Drive_1,V1_Vehicle,V1_Most_Ha,V1_All_Eve,V2_Type,V2_Dir,V2_Driver_,V2_Lane_Nu,V2_Action,V2_Driver1,V2_Drive_1,V2_Vehicle,V2_Most_Ha,V2_All_Eve,First_Harm,Nonmotoris,Factors_Ro,Lighting,HWY_Factor,Agency,Accident_R,Pedalcycli,Pedestrian,Motorcycli,CrashDateT,GlobalID
355794,257828.0451,4343719.235,39.21,-119.8,2016-12-23,DEER,PROPERTY DAMAGE ONLY,WASHOE,Fri Dec 23 00:00:00 PST 2016,Sun Dec 31 06:46:00 PST 1899,6:46:00,IR580N,500,N,MILE MARKER 0,CLOUDY,-9999,-9999,PDO,Null,ANGLE,2,PICKUP WITH MOUNTED CAMPER,N,54,2,GOING STRAIGHT,APPARENTLY NORMAL,Null,OBJECT AVOIDANCE,Null,DEER,"SEDAN, 2 DOOR",N,22,2,GOING STRAIGHT,APPARENTLY NORMAL,Null,OBJECT AVOIDANCE,Null,DEER,Null,Null,DRY,DAWN,ANIMAL IN ROADWAY,NHP,2342785,Null,Null,Null,2016-12-23T14:46:00.000Z,{6D38A5DF-BEC8-4BE9-810A-9BEDFF9F3D51}
357384,634158.0622,4290423.207,38.75,-115.5,2016-12-30,DEER,PROPERTY DAMAGE ONLY,NYE,Fri Dec 30 00:00:00 PST 2016,Sun Dec 31 17:30:00 PST 1899,17:30:00,US6,1056,E,MILE MARKER 119,CLEAR,-9999,-9999,PDO,Null,NON-COLLISION,1,VAN,E,54,1,GOING STRAIGHT,APPARENTLY NORMAL,Null,Null,Null,DEER,Null,Null,Null,Null,Null,Null,Null,Null,Null,Null,Null,Null,DRY,DARK - NO LIGHTING,ANIMAL IN ROADWAY,NHP,2343155,Null,Null,Null,2016-12-31T01:30:00.000Z,{1F1D6E85-491D-4CE9-A0BF-0B45A0A76D4B}
325161,618592.3119,4508872.904,40.72,-115.6,2016-02-05,DEER,PROPERTY DAMAGE ONLY,ELKO,Fri Feb 05 00:00:00 PST 2016,Sun Dec 31 21:30:00 PST 1899,21:30:00,SR227,1584,E,MILE MARKER 13,CLEAR,-9999,-9999,PDO,Null,NON-COLLISION,1,CARRY-ALL,E,43,2,GOING STRAIGHT,APPARENTLY NORMAL,Null,Null,Null,DEER,Null,Null,Null,Null,Null,Null,Null,Null,Null,Null,Null,Null,DRY,DARK - NO LIGHTING,ANIMAL IN ROADWAY,NHP,2226287,Null,Null,Null,2016-02-06T05:30:00.000Z,{B1B0EFC3-5A8F-4BDC-A18F-EA2378955744}
313488,649030.8332,4006400.165,36.19,-115.3,2016-02-05,COYOTE,PROPERTY DAMAGE ONLY,CLARK,Fri Feb 05 00:00:00 PST 2016,Sun Dec 31 05:55:00 PST 1899,5:55:00,CC215N,1500,S,W SUMMERLIN PKWY TO CC215N,CLEAR,-9999,-9999,PDO,Null,NON-COLLISION,1,"SEDAN, 4 DOOR",N,20,-9999,GOING STRAIGHT,APPARENTLY NORMAL,Null,OBJECT AVOIDANCE,Null,RAN OFF ROAD RIGHT,Null,Null,Null,Null,Null,Null,Null,Null,Null,Null,Null,Null,DRY,DARK - SPOT LIGHTING,ANIMAL IN ROADWAY,NHP,2226231,Null,Null,Null,2016-02-05T13:55:00.000Z,{88FD07B8-252E-40E5-A9A9-FA745FC58266}
391905,276602.9662,4347132.53,39.24,-119.6,2016-02-12,DEER,PROPERTY DAMAGE ONLY,LYON,Fri Feb 12 00:00:00 PST 2016,Sun Dec 31 07:15:00 PST 1899,7:15:00,US50,500,E,PIKE ST,CLEAR,-9999,-9999,PDO,Null,NON-COLLISION,1,"SEDAN, 4 DOOR",W,-9999,-9999,GOING STRAIGHT,APPARENTLY NORMAL,Null,Null,Null,DEER,Null,Null,Null,Null,Null,Null,Null,Null,Null,Null,Null,Null,Null,Null,Null,LYSO,2378544,Null,Null,Null,2016-02-12T15:15:00.000Z,{0ABB2006-5A7A-4D29-8702-564ED8F4364A}
325372,672850.4433,4303144.616,38.86,-115,2016-02-19,DEER,PROPERTY DAMAGE ONLY,WHITE PINE,Fri Feb 19 00:00:00 PST 2016,Sun Dec 31 19:00:00 PST 1899,19:00:00,SR318,75,N,MILE MARKER 11,CLEAR,-9999,-9999,PDO,Null,NON-COLLISION,1,"HARDTOP, 4 DOOR",N,57,1,GOING STRAIGHT,APPARENTLY NORMAL,Null,Null,Null,DEER,Null,Null,Null,Null,Null,Null,Null,Null,Null,Null,Null,Null,DRY,DARK - SPOT LIGHTING,ANIMAL IN ROADWAY,NHP,2226974,Null,Null,Null,2016-02-20T03:00:00.000Z,{7C79286D-D630-4911-AE7A-023156F4E6FE}
325452,635669.0775,4039060.582,36.49,-115.5,2016-02-26,BURRO,PROPERTY DAMAGE ONLY,CLARK,Fri Feb 26 00:00:00 PST 2016,Sun Dec 31 22:32:00 PST 1899,22:32:00,US95S,1000,N,MILE MARKER 107,CLEAR,-9999,-9999,PDO,Null,NON-COLLISION,1,PICKUP,S,40,1,GOING STRAIGHT,APPARENTLY NORMAL,Null,Null,Null,BURRO,Null,Null,Null,Null,Null,Null,Null,Null,Null,Null,Null,Null,DRY,DARK - NO LIGHTING,ANIMAL IN ROADWAY,NHP,2227247,Null,Null,Null,2016-02-27T06:32:00.000Z,{1F942FF4-C3B8-410C-9B4D-243D56F332A9}
320134,724938.352,4201590.748,37.93,-114.4,2016-01-08,HORSE,PROPERTY DAMAGE ONLY,LINCOLN,Fri Jan 08 00:00:00 PST 2016,Sun Dec 31 20:29:00 PST 1899,20:29:00,US93N,2640,N,MILE MARKER 118,CLOUDY,-9999,-9999,PDO,Null,NON-COLLISION,1,UTILITY,N,55,1,GOING STRAIGHT,APPARENTLY NORMAL,Null,Null,Null,HORSE,Null,Null,Null,Null,Null,Null,Null,Null,Null,Null,Null,Null,DRY,DARK - NO LIGHTING,ANIMAL IN ROADWAY,NHP,2224684,Null,Null,Null,2016-01-09T04:29:00.000Z,{2D029105-FD7F-456C-8BEE-05D4FA2FE62E}
320146,725160.2112,4201357.951,37.93,-114.4,2016-01-08,HORSE,PROPERTY DAMAGE ONLY,LINCOLN,Fri Jan 08 00:00:00 PST 2016,Sun Dec 31 17:42:00 PST 1899,17:42:00,US93N,1594,N,MILE MARKER 118,CLOUDY,-9999,-9999,PDO,Null,NON-COLLISION,1,PICKUP,S,41,1,GOING STRAIGHT,APPARENTLY NORMAL,Null,Null,Null,HORSE,Null,Null,Null,Null,Null,Null,Null,Null,Null,Null,Null,Null,DRY,DARK - NO LIGHTING,ANIMAL IN ROADWAY,NHP,2224714,Null,Null,Null,2016-01-09T01:42:00.000Z,{185044E1-44AE-47A4-A0D5-2EC299224C83}
320131,618114.0168,4508870.35,40.72,-115.6,2016-01-08,DEER,PROPERTY DAMAGE ONLY,ELKO,Fri Jan 08 00:00:00 PST 2016,Sun Dec 31 17:58:00 PST 1899,17:58:00,SR227,0,Null,MILE MARKER 13,CLOUDY,-9999,-9999,PDO,Null,NON-COLLISION,1,PICKUP,S,30,2,GOING STRAIGHT,APPARENTLY NORMAL,Null,Null,Null,DEER,Null,Null,Null,Null,Null,Null,Null,Null,Null,Null,Null,Null,DRY,DARK - NO LIGHTING,ANIMAL IN ROADWAY,NHP,2224680,Null,Null,Null,2016-01-09T01:58:00.000Z,{CCE1A6CB-ACD0-48D4-9BB8-C720B13EC61D}
320133,447248.1433,4218074.061,38.11,-117.6,2016-01-08,CATTLE,PROPERTY DAMAGE ONLY,ESMERALDA,Fri Jan 08 00:00:00 PST 2016,Sun Dec 31 19:17:00 PST 1899,19:17:00,US6,528,E,MILE MARKER 37,CLEAR,-9999,-9999,PDO,Null,NON-COLLISION,1,SEMI,W,61,1,GOING STRAIGHT,APPARENTLY NORMAL,Null,Null,Null,CATTLE,Null,Null,Null,Null,Null,Null,Null,Null,Null,Null,Null,Null,DRY,DARK - NO LIGHTING,NONE,NHP,2224682,Null,Null,Null,2016-01-09T03:17:00.000Z,{0DD09386-01DF-4BFB-BD81-1FDB4AF909EE}
320406,725946.3564,4200533.741,37.92,-114.4,2016-01-22,HORSE,PROPERTY DAMAGE ONLY,LINCOLN,Fri Jan 22 00:00:00 PST 2016,Sun Dec 31 04:45:00 PST 1899,4:45:00,US93N,2112,S,MILE MARKER 118,CLEAR,-9999,-9999,PDO,Null,NON-COLLISION,1,"SEDAN, 4 DOOR",N,30,1,GOING STRAIGHT,APPARENTLY NORMAL,Null,Null,Null,HORSE,Null,Null,Null,Null,Null,Null,Null,Null,Null,Null,Null,Null,DRY,DARK - NO LIGHTING,ANIMAL IN ROADWAY,NHP,2225353,Null,Null,Null,2016-01-22T12:45:00.000Z,{90CE581E-DB42-4219-9B9F-C3C36D7C67F9}
320403,255085.5987,4362054.978,39.37,-119.8,2016-01-22,DEER,PROPERTY DAMAGE ONLY,WASHOE,Fri Jan 22 00:00:00 PST 2016,Sun Dec 31 00:07:00 PST 1899,0:07:00,SR431,1056,W,MILE MARKER 19,CLEAR,-9999,-9999,PDO,Null,NON-COLLISION,1,"HARDTOP, 4 DOOR",W,57,1,GOING STRAIGHT,APPARENTLY NORMAL,Null,OBJECT AVOIDANCE,Null,DEER,Null,Null,Null,Null,Null,Null,Null,Null,Null,Null,Null,Null,DRY,DARK - NO LIGHTING,ANIMAL IN ROADWAY,NHP,2225348,Null,Null,Null,2016-01-22T08:07:00.000Z,{56CFDFBE-0C0B-476E-AC71-7546C41178A0}
346032,308659.8774,4262241.637,38.49,-119.2,2016-07-01,DEER,PROPERTY DAMAGE ONLY,LYON,Fri Jul 01 00:00:00 PDT 2016,Sun Dec 31 01:30:00 PST 1899,1:30:00,SR338,2112,S,MILE MARKER 8,CLEAR,-9999,-9999,PDO,Null,NON-COLLISION,1,CARRY-ALL,N,58,1,GOING STRAIGHT,APPARENTLY NORMAL,Null,OBJECT AVOIDANCE,Null,DEER,Null,Null,Null,Null,Null,Null,Null,Null,Null,Null,Null,Null,DRY,DARK - NO LIGHTING,ANIMAL IN ROADWAY,NHP,2325607,Null,Null,Null,2016-07-01T08:30:00.000Z,{12162B77-55E3-49E5-AE79-CD85E8D06DB6}
391968,312015.5167,4324357.607,39.05,-119.2,2016-07-15,DEER,PROPERTY DAMAGE ONLY,LYON,Fri Jul 15 00:00:00 PDT 2016,Sun Dec 31 21:42:00 PST 1899,21:42:00,MILLER LN,0,Null,POLI LN,CLEAR,-9999,-9999,PDO,Null,NON-COLLISION,1,"SEDAN, 4 DOOR",W,-9999,-9999,GOING STRAIGHT,APPARENTLY NORMAL,Null,UNKNOWN,Null,DEER,Null,Null,Null,Null,Null,Null,Null,Null,Null,Null,Null,Null,Null,Null,Null,LYSO,2378579,Null,Null,Null,2016-07-16T04:42:00.000Z,{7D7B9305-8E40-4AA3-A57E-6C46D172A2F1}
342899,521813.4897,4084237.273,36.9,-116.8,2016-07-15,BURRO,PROPERTY DAMAGE ONLY,NYE,Fri Jul 15 00:00:00 PDT 2016,Sun Dec 31 21:07:00 PST 1899,21:07:00,US95N,200,S,3RD ST,CLEAR,-9999,-9999,PDO,Null,NON-COLLISION,1,"SEDAN, 4 DOOR",S,50,1,GOING STRAIGHT,APPARENTLY NORMAL,Null,Null,Null,BURRO,Null,Null,Null,Null,Null,Null,Null,Null,Null,Null,Null,Null,DRY,DARK - NO LIGHTING,ANIMAL IN ROADWAY,NHP,2326384,Null,Null,Null,2016-07-16T04:07:00.000Z,{A61388EF-7335-428C-89AA-1ED5DA3FE61E}
342650,292679.9128,4293084.466,38.76,-119.4,2016-07-22,DEER,PROPERTY DAMAGE ONLY,LYON,Fri Jul 22 00:00:00 PDT 2016,Sun Dec 31 11:20:00 PST 1899,11:20:00,SR208,1500,E,MILE MARKER 1,CLEAR,-9999,-9999,PDO,Null,NON-COLLISION,1,PICKUP,E,51,1,GOING STRAIGHT,APPARENTLY NORMAL,Null,Null,Null,DEER,Null,Null,Null,Null,Null,Null,Null,Null,Null,Null,Null,Null,DRY,DAYLIGHT,ANIMAL IN ROADWAY,NHP,2326730,Null,Null,Null,2016-07-22T18:20:00.000Z,{1105C846-96ED-4565-82F3-23297B6AC42C}
413196,757043.5224,4179373.3,37.73,-114.1,2016-07-22,DEER,PROPERTY DAMAGE ONLY,LINCOLN,Fri Jul 22 00:00:00 PDT 2016,Sun Dec 31 11:25:00 PST 1899,11:25:00,SR319,1000,E,MILE MARKER 69,CLOUDY,-9999,-9999,PDO,Null,NON-COLLISION,1,SEDAN,W,69,1,GOING STRAIGHT,APPARENTLY NORMAL,Null,Null,Null,DEER,Null,Null,Null,Null,Null,Null,Null,Null,Null,Null,Null,Null,DRY,DAYLIGHT,ANIMAL IN ROADWAY,NHP,2326727,Null,Null,Null,2016-07-22T18:25:00.000Z,{7B590761-24A4-4D69-A669-EE364663B3FB}
344890,556923.3066,4227307.442,38.19,-116.3,2016-07-22,CATTLE,PROPERTY DAMAGE ONLY,NYE,Fri Jul 22 00:00:00 PDT 2016,Sun Dec 31 12:03:00 PST 1899,12:03:00,SR375,528,N,MILE MARKER 1,CLEAR,-9999,-9999,PDO,Null,NON-COLLISION,1,VAN,S,64,1,GOING STRAIGHT,APPARENTLY NORMAL,Null,DROVE LEFT OF CENTER,Null,CATTLE,Null,Null,Null,Null,Null,Null,Null,Null,Null,Null,Null,Null,DRY,DAYLIGHT,ANIMAL IN ROADWAY,NHP,2326737,Null,Null,Null,2016-07-22T19:03:00.000Z,{C2B5322E-08F7-4695-8C72-E56260A80363}
342761,255305.0837,4334122.351,39.12,-119.8,2016-07-29,DEER,PROPERTY DAMAGE ONLY,CARSON CITY,Fri Jul 29 00:00:00 PDT 2016,Sun Dec 31 07:12:00 PST 1899,7:12:00,US50,860,W,MILE MARKER 4,CLEAR,-9999,-9999,PDO,Null,NON-COLLISION,1,UTILITY,W,35,2,GOING STRAIGHT,APPARENTLY NORMAL,Null,Null,Null,DEER,Null,Null,Null,Null,Null,Null,Null,Null,Null,Null,Null,Null,DRY,DAYLIGHT,ANIMAL IN ROADWAY,NHP,2327098,Null,Null,Null,2016-07-29T14:12:00.000Z,{F9DA3D63-5174-4125-B358-5419FA90FA09}
391943,292900.2101,4298319.149,38.81,-119.4,2016-07-29,DEER,PROPERTY DAMAGE ONLY,LYON,Fri Jul 29 00:00:00 PDT 2016,Sun Dec 31 02:32:00 PST 1899,2:32:00,SR823,0,Null,ARTIST VIEW DR,CLEAR,-9999,-9999,PDO,Null,NON-COLLISION,1,"SEDAN, 4 DOOR",N,-9999,-9999,GOING STRAIGHT,APPARENTLY NORMAL,Null,Null,Null,DEER,Null,Null,Null,Null,Null,Null,Null,Null,Null,Null,Null,Null,Null,Null,Null,LYSO,2378581,Null,Null,Null,2016-07-29T09:32:00.000Z,{558D08CE-9BC4-42D2-A3B1-130CC10AA03C}
343460,677865.9414,4347901.05,39.26,-114.9,2016-07-29,ANTELOPE,PROPERTY DAMAGE ONLY,WHITE PINE,Fri Jul 29 00:00:00 PDT 2016,Sun Dec 31 20:24:00 PST 1899,20:24:00,US50,1320,W,MILE MARKER 64,CLOUDY,-9999,-9999,PDO,Null,NON-COLLISION,1,VAN,W,28,1,GOING STRAIGHT,APPARENTLY NORMAL,Null,Null,Null,ANTELOPE,Null,Null,Null,Null,Null,Null,Null,Null,Null,Null,Null,Null,DRY,DARK - NO LIGHTING,ANIMAL IN ROADWAY,NHP,2327143,Null,Null,Null,2016-07-30T03:24:00.000Z,{3EBB896D-E70E-4B73-8F14-CC29F58B3D1C}
341564,436028.3173,4533148.213,40.95,-117.8,2016-06-03,DEER,PROPERTY DAMAGE ONLY,HUMBOLDT,Fri Jun 03 00:00:00 PDT 2016,Sun Dec 31 20:52:00 PST 1899,20:52:00,IR80E,0,Null,MILE MARKER 12,CLEAR,-9999,-9999,PDO,Null,NON-COLLISION,1,SEDAN,W,28,1,GOING STRAIGHT,APPARENTLY NORMAL,Null,OBJECT AVOIDANCE,Null,DEER,Null,Null,Null,Null,Null,Null,Null,Null,Null,Null,Null,Null,Null,DUSK,ANIMAL IN ROADWAY,NHP,2324037,Null,Null,Null,2016-06-04T03:52:00.000Z,{5235A991-B869-4065-9D0B-2378B7AEF065}
339799,570267.6141,4506147.097,40.7,-116.2,2016-06-10,DEER,PROPERTY DAMAGE ONLY,EUREKA,Fri Jun 10 00:00:00 PDT 2016,Sun Dec 31 00:01:00 PST 1899,0:01:00,IR80E,10,E,MILE MARKER 25,CLEAR,-9999,-9999,PDO,Null,NON-COLLISION,1,PICKUP,E,36,2,GOING STRAIGHT,APPARENTLY NORMAL,Null,Null,Null,DEER,Null,Null,Null,Null,Null,Null,Null,Null,Null,Null,Null,Null,DRY,DARK - NO LIGHTING,ANIMAL IN ROADWAY,NHP,2324360,Null,Null,Null,2016-06-10T07:01:00.000Z,{893C099E-F76F-45AA-86DF-553C15F02DDC}
339872,272952.7402,4344876.343,39.22,-119.6,2016-06-17,DEER,PROPERTY DAMAGE ONLY,LYON,Fri Jun 17 00:00:00 PDT 2016,Sun Dec 31 21:47:00 PST 1899,21:47:00,US50,150,W,MILE MARKER 3,CLEAR,-9999,-9999,PDO,Null,NON-COLLISION,1,CARRY-ALL,W,68,2,GOING STRAIGHT,APPARENTLY NORMAL,Null,Null,Null,DEER,Null,Null,Null,Null,Null,Null,Null,Null,Null,Null,Null,Null,DRY,DARK - NO LIGHTING,ANIMAL IN ROADWAY,NHP,2324848,Null,Null,Null,2016-06-18T04:47:00.000Z,{12BEF75A-2924-43D6-8ABF-C4FDD56D373B}
340719,335704.615,4374389.972,39.5,-118.9,2016-06-17,DEER,PROPERTY DAMAGE ONLY,CHURCHILL,Fri Jun 17 00:00:00 PDT 2016,Sun Dec 31 22:22:00 PST 1899,22:22:00,US50,500,E,TRENTO LN,CLEAR,-9999,-9999,PDO,Null,NON-COLLISION,1,UTILITY,E,30,2,GOING STRAIGHT,APPARENTLY NORMAL,Null,UNKNOWN,Null,DEER,Null,Null,Null,Null,Null,Null,Null,Null,Null,Null,Null,Null,DRY,DARK - NO LIGHTING,NONE,NHP,2324850,Null,Null,Null,2016-06-18T05:22:00.000Z,{EC4595DF-A8C2-4B63-87F7-CA4CE543DA24}
329017,739397.9202,4204633.025,37.96,-114.3,2016-03-11,DEER,PROPERTY DAMAGE ONLY,LINCOLN,Fri Mar 11 00:00:00 PST 2016,Sun Dec 31 18:29:00 PST 1899,18:29:00,SR322,2640,E,MILE MARKER 10,CLOUDY,-9999,-9999,PDO,Null,NON-COLLISION,1,PICKUP,W,58,1,GOING STRAIGHT,APPARENTLY NORMAL,Null,Null,Null,DEER,Null,Null,Null,Null,Null,Null,Null,Null,Null,Null,Null,Null,DRY,DUSK,ANIMAL IN ROADWAY,NHP,2234805,Null,Null,Null,2016-03-12T02:29:00.000Z,{46114F65-7758-45DD-BD14-CA1C99862CC0}
330063,346498.9914,4373435.715,39.5,-118.8,2016-03-18,UNKNOWN,PROPERTY DAMAGE ONLY,CHURCHILL,Fri Mar 18 00:00:00 PDT 2016,Sun Dec 31 00:45:00 PST 1899,0:45:00,RICE RD,400,N,TAMARA LN,CLEAR,-9999,-9999,PDO,Null,NON-COLLISION,1,PICKUP,E,17,1,NOT REPORTED,OTHER IMPROPER DRIVING,Null,DRIVING TOO FAST FOR CONDITIONS: FAILURE TO KEEP IN PROPER LANE OR RUNNING OFF ROAD: OVER-CORRECTING/OVER-STEERING: RAN OFF ROAD: UNSAFE LANE CHANGE,Null,"OTHER ANIMAL: RAN OFF ROAD LEFT: OVERTURN/ROLLOVER: OTHER FIXED OBJECTS (BUILDING, TUNNEL, ETC.)",Null,Null,Null,Null,Null,Null,Null,Null,Null,Null,Null,Null,DRY,DARK - NO LIGHTING,ANIMAL IN ROADWAY,CHSO,2309373,Null,Null,Null,2016-03-18T07:45:00.000Z,{AF8FDD46-F676-470C-9D3A-BB681AFFD8D4}
327246,270330.6986,4360464.615,39.36,-119.7,2016-03-18,HORSE,PROPERTY DAMAGE ONLY,STOREY,Fri Mar 18 00:00:00 PDT 2016,Sun Dec 31 21:37:00 PST 1899,21:37:00,SR341,1584,S,CARTWRIGHT RD,CLEAR,-9999,-9999,PDO,Null,NON-COLLISION,1,"SEDAN, 4 DOOR",S,61,1,GOING STRAIGHT,APPARENTLY NORMAL,Null,Null,Null,HORSE,Null,Null,Null,Null,Null,Null,Null,Null,Null,Null,Null,Null,DRY,DARK - NO LIGHTING,ANIMAL IN ROADWAY,NHP,2235146,Null,Null,Null,2016-03-19T04:37:00.000Z,{EAB1B692-AA66-4A0F-9915-D6C250E1B57A}
329234,725274.4817,4201238.265,37.93,-114.4,2016-03-25,HORSE,PROPERTY DAMAGE ONLY,LINCOLN,Fri Mar 25 00:00:00 PDT 2016,Sun Dec 31 17:50:00 PST 1899,17:50:00,US93N,1056,N,MILE MARKER 118,CLEAR,-9999,-9999,PDO,Null,NON-COLLISION,1,PICKUP,N,21,1,GOING STRAIGHT,APPARENTLY NORMAL,Null,Null,Null,HORSE,Null,Null,Null,Null,Null,Null,Null,Null,Null,Null,Null,Null,DRY,DAYLIGHT,ANIMAL IN ROADWAY,NHP,2235471,Null,Null,Null,2016-03-26T00:50:00.000Z,{76A21804-EB9F-4AF0-B631-128A247D1429}
328447,375645.7234,4449841.236,40.19,-118.5,2016-03-25,DEER,INJURY CRASH,PERSHING,Fri Mar 25 00:00:00 PDT 2016,Sun Dec 31 02:48:00 PST 1899,2:48:00,IR80W,1500,E,MILE MARKER 18,CLOUDY,-9999,1,Null,C,NON-COLLISION,1,"SEDAN, 4 DOOR",W,22,2,GOING STRAIGHT,APPARENTLY NORMAL,Null,Null,Null,DEER,Null,Null,Null,Null,Null,Null,Null,Null,Null,Null,Null,Null,DRY,DARK - NO LIGHTING,ANIMAL IN ROADWAY,NHP,2235432,Null,Null,Null,2016-03-25T09:48:00.000Z,{487986EC-6ACE-469C-B0BD-E7A96709B60F}
329880,721198.2681,4536526.845,40.95,-114.4,2016-03-25,DEER,INJURY CRASH,ELKO,Fri Mar 25 00:00:00 PDT 2016,Sun Dec 31 19:55:00 PST 1899,19:55:00,IR80E,900,E,MILE MARKER 109,SNOW,-9999,1,Null,B,NON-COLLISION,1,CARRY-ALL,E,23,2,GOING STRAIGHT,APPARENTLY NORMAL,Null,OBJECT AVOIDANCE,Null,RAN OFF ROAD RIGHT: EMBANKMENT: OVERTURN/ROLLOVER,Null,Null,Null,Null,Null,Null,Null,Null,Null,Null,Null,Null,DRY,DARK - NO LIGHTING,"WET, ICY, SNOW, SLUSH: ANIMAL IN ROADWAY",NHP,2235474,Null,Null,Null,2016-03-26T02:55:00.000Z,{BD3FE405-FA0C-494E-B61E-EB974478B58E}
332333,435000.0198,4609489.584,41.63,-117.8,2016-03-25,DEER,PROPERTY DAMAGE ONLY,HUMBOLDT,Fri Mar 25 00:00:00 PDT 2016,Sun Dec 31 10:00:00 PST 1899,10:00:00,US95N,100,N,MILE MARKER 48,CLEAR,-9999,-9999,PDO,Null,NON-COLLISION,1,PICKUP,N,32,-9999,GOING STRAIGHT,APPARENTLY NORMAL,Null,OBJECT AVOIDANCE,Null,DEER,Null,Null,Null,Null,Null,Null,Null,Null,Null,Null,Null,Null,DRY,DAYLIGHT,NONE,NHP,2235452,Null,Null,Null,2016-03-25T17:00:00.000Z,{F7356DEE-7767-432A-B836-79CF1A132594}
334741,349752.5815,4275429.113,38.61,-118.7,2016-03-25,DEER,PROPERTY DAMAGE ONLY,MINERAL,Fri Mar 25 00:00:00 PDT 2016,Sun Dec 31 05:55:00 PST 1899,5:55:00,US95N,1584,S,MILE MARKER 59,CLEAR,-9999,-9999,PDO,Null,NON-COLLISION,1,PICKUP,N,35,1,GOING STRAIGHT,APPARENTLY NORMAL,Null,OBJECT AVOIDANCE,Null,DEER,Null,Null,Null,Null,Null,Null,Null,Null,Null,Null,Null,Null,DRY,DARK - NO LIGHTING,NONE,NHP,2235436,Null,Null,Null,2016-03-25T12:55:00.000Z,{37A7B5DE-FB18-474F-9B73-150688A34DBC}
329303,605824.0155,4523428.531,40.86,-115.7,2016-05-06,DEER,PROPERTY DAMAGE ONLY,ELKO,Fri May 06 00:00:00 PDT 2016,Sun Dec 31 03:20:00 PST 1899,3:20:00,IR80W,0,Null,MILE MARKER 26,CLEAR,-9999,-9999,PDO,Null,NON-COLLISION,1,COUPE,W,70,2,GOING STRAIGHT,APPARENTLY NORMAL,Null,Null,Null,DEER,Null,Null,Null,Null,Null,Null,Null,Null,Null,Null,Null,Null,DRY,DARK - NO LIGHTING,NONE,NHP,2237704,Null,Null,Null,2016-05-06T10:20:00.000Z,{B44FEE14-D9B9-45EF-BF53-AEB790157A1F}
362092,664739.5265,4545010.004,41.04,-115,2016-05-13,DEER,PROPERTY DAMAGE ONLY,ELKO,Fri May 13 00:00:00 PDT 2016,Sun Dec 31 23:50:00 PST 1899,23:50:00,SR231,0,Null,MILE MARKER 5,UNKNOWN,-9999,-9999,PDO,Null,NON-COLLISION,1,PICKUP,N,40,1,GOING STRAIGHT,OBSTRUCTED VIEW,Null,VISIBILITY OBSTRUCTED,Null,DEER,Null,Null,Null,Null,Null,Null,Null,Null,Null,Null,Null,Null,DRY,DARK - NO LIGHTING,ANIMAL IN ROADWAY,NHP,2356717,Null,Null,Null,2016-05-14T06:50:00.000Z,{CFA919A6-A779-4257-BAA7-D9458AC2ED26}
361504,619874.6567,4158160.469,37.56,-115.6,2016-05-13,CATTLE,PROPERTY DAMAGE ONLY,LINCOLN,Fri May 13 00:00:00 PDT 2016,Sun Dec 31 22:37:00 PST 1899,22:37:00,SR375,1056,S,MILE MARKER 18,CLEAR,-9999,-9999,PDO,Null,NON-COLLISION,1,SEMI,S,37,1,DRIVERLESS-MOVING VEHICLE,APPARENTLY NORMAL,Null,Null,Null,CATTLE,Null,Null,Null,Null,Null,Null,Null,Null,Null,Null,Null,Null,DRY,DARK - NO LIGHTING,ANIMAL IN ROADWAY,NHP,2356668,Null,Null,Null,2016-05-14T05:37:00.000Z,{39AA1AE5-E785-4DBD-98EB-0E379968F9D4}
337089,705754.5227,4163907.048,37.6,-114.7,2016-05-20,HORSE,PROPERTY DAMAGE ONLY,LINCOLN,Fri May 20 00:00:00 PDT 2016,Sun Dec 31 22:33:00 PST 1899,22:33:00,US93N,528,N,MILE MARKER 84,CLEAR,-9999,-9999,PDO,Null,NON-COLLISION,1,"SEDAN, 4 DOOR",N,48,1,GOING STRAIGHT,APPARENTLY NORMAL,Null,Null,Null,HORSE,Null,Null,Null,Null,Null,Null,Null,Null,Null,Null,Null,Null,DRY,DARK - NO LIGHTING,ANIMAL IN ROADWAY,NHP,2323309,Null,Null,Null,2016-05-21T05:33:00.000Z,{521107CA-C271-4B07-948A-5BC6432EDED4}
337419,434671.0474,4604373.457,41.59,-117.8,2016-05-20,DEER,INJURY CRASH,HUMBOLDT,Fri May 20 00:00:00 PDT 2016,Sun Dec 31 11:25:00 PST 1899,11:25:00,US95N,800,S,MILE MARKER 45,CLOUDY,-9999,1,Null,B,NON-COLLISION,1,PICKUP,N,39,1,GOING STRAIGHT,APPARENTLY NORMAL,Null,Null,Null,DEER,Null,Null,Null,Null,Null,Null,Null,Null,Null,Null,Null,Null,DRY,DAYLIGHT,ANIMAL IN ROADWAY,NHP,2323256,Null,Null,Null,2016-05-20T18:25:00.000Z,{557C94CD-1D04-4DEE-B6F2-EBCF2B55B3A6}