OBJECTID,X,Y,Latitude,Longitude,Date,AnimalType,Crash_Seve,County,Crash_Date_Original,Crash_Time_Original,Crash_Time,Primary_St,Distance,Dir,Secondary_,Weather,Fatalities,Injured,Property_D,Injury_Typ,Crash_Type,Total_Vehi,V1_Type,V1_Dir,V1_Driver_,V1_Lane_Nu,V1_Action,V1_Driver1,V1_Drive_1,V1_Vehicle,V1_Most_Ha,V1_All_Eve,V2_Type,V2_Dir,V2_Driver_,V2_Lane_Nu,V2_Action,V2_Driver1,V2_Drive_1,V2_Vehicle,V2_Most_Ha,V2_All_Eve,First_Harm,Nonmotoris,Factors_Ro,Lighting,HWY_Factor,Agency,Accident_R,Pedalcycli,Pedestrian,Motorcycli,CrashDateT,GlobalID
337443,706959.9314,4440776.332,40.09,-114.6,2016-05-20,ANTELOPE,PROPERTY DAMAGE ONLY,WHITE PINE,Fri May 20 00:00:00 PDT 2016,Sun Dec 31 19:00:00 PST 1899,19:00:00,US93AN,528,S,MILE MARKER 3,CLEAR,-9999,-9999,PDO,Null,NON-COLLISION,1,"SEDAN, 4 DOOR",S,76,1,GOING STRAIGHT,APPARENTLY NORMAL,Null,Null,Null,ANTELOPE,Null,Null,Null,Null,Null,Null,Null,Null,Null,Null,Null,Null,DRY,DAYLIGHT,ANIMAL IN ROADWAY,NHP,2323287,Null,Null,Null,2016-05-21T02:00:00.000Z,{6D437CC6-CAB8-4056-BD33-DBEA16511B50}
358879,484357.3637,4318787.871,39.02,-117.2,2016-11-04,DEER,PROPERTY DAMAGE ONLY,NYE,Fri Nov 04 00:00:00 PDT 2016,Sun Dec 31 15:30:00 PST 1899,15:30:00,SR376,15,S,MILE MARKER 70,UNKNOWN,-9999,-9999,PDO,Null,NON-COLLISION,1,"SEDAN, 4 DOOR",S,-9999,-9999,UNKNOWN,APPARENTLY NORMAL,Null,UNKNOWN,Null,DEER,Null,Null,Null,Null,Null,Null,Null,Null,Null,Null,Null,Null,Null,Null,Null,NYSO,2344112,Null,Null,Null,2016-11-04T22:30:00.000Z,{680761A8-5B84-4CD0-AF4B-39F3361DF6BF}
355052,247704.8702,4330317.726,39.09,-119.9,2016-11-11,DEER,PROPERTY DAMAGE ONLY,DOUGLAS,Fri Nov 11 00:00:00 PST 2016,Sun Dec 31 08:13:00 PST 1899,8:13:00,US50,400,E,MILE MARKER 11,CLEAR,-9999,-9999,PDO,Null,NON-COLLISION,1,"HARDTOP, 4 DOOR",E,80,1,GOING STRAIGHT,APPARENTLY NORMAL,Null,Null,Null,DEER,Null,Null,Null,Null,Null,Null,Null,Null,Null,Null,Null,Null,DRY,DAYLIGHT,ANIMAL IN ROADWAY,NHP,2340179,Null,Null,Null,2016-11-11T16:13:00.000Z,{57387AC0-FE0B-41FC-8EB9-1C804A9B2D29}
355477,244024.2312,4320991.953,39,-120,2016-11-11,DEER,PROPERTY DAMAGE ONLY,DOUGLAS,Fri Nov 11 00:00:00 PST 2016,Sun Dec 31 06:39:00 PST 1899,6:39:00,US50,2000,W,MILE MARKER 3,CLEAR,-9999,-9999,PDO,Null,NON-COLLISION,1,"SEDAN, 4 DOOR",W,36,2,GOING STRAIGHT,APPARENTLY NORMAL,Null,Null,Null,DEER,Null,Null,Null,Null,Null,Null,Null,Null,Null,Null,Null,Null,DRY,DAWN,ANIMAL IN ROADWAY,NHP,2340173,Null,Null,Null,2016-11-11T14:39:00.000Z,{556A6DCD-A19A-4650-A15E-92EF4B437E59}
357650,606093.8267,4267651.653,38.55,-115.8,2016-11-11,DEER,PROPERTY DAMAGE ONLY,NYE,Fri Nov 11 00:00:00 PST 2016,Sun Dec 31 19:35:00 PST 1899,19:35:00,US6,528,E,MILE MARKER 96,CLEAR,-9999,-9999,PDO,Null,NON-COLLISION,1,"HATCHBACK, 4 DOOR",W,32,1,GOING STRAIGHT,APPARENTLY NORMAL,Null,UNKNOWN,Null,DEER,Null,Null,Null,Null,Null,Null,Null,Null,Null,Null,Null,Null,DRY,DARK - NO LIGHTING,ANIMAL IN ROADWAY,NHP,2340228,Null,Null,Null,2016-11-12T03:35:00.000Z,{5AB1C394-C95D-424C-9D87-F8712D9C7562}
360142,607584.9285,4519483.205,40.82,-115.7,2016-11-11,DEER,PROPERTY DAMAGE ONLY,ELKO,Fri Nov 11 00:00:00 PST 2016,Sun Dec 31 16:50:00 PST 1899,16:50:00,SR227,528,S,MILE MARKER 3,CLEAR,-9999,-9999,PDO,Null,NON-COLLISION,1,CARRY-ALL,N,18,2,GOING STRAIGHT,APPARENTLY NORMAL,Null,Null,Null,DEER,Null,Null,Null,Null,Null,Null,Null,Null,Null,Null,Null,Null,DRY,DUSK,ANIMAL IN ROADWAY,NHP,2340212,Null,Null,Null,2016-11-12T00:50:00.000Z,{1993FB35-DD72-4D3F-93C1-C57345BE16F7}
351321,571153.7274,4253210.024,38.42,-116.2,2016-11-11,COYOTE,INJURY CRASH,NYE,Fri Nov 11 00:00:00 PST 2016,Sun Dec 31 11:45:00 PST 1899,11:45:00,US6,1056,N,MILE MARKER 70,CLEAR,-9999,1,Null,A,NON-COLLISION,1,"SEDAN, 4 DOOR",N,56,1,GOING STRAIGHT,APPARENTLY NORMAL,Null,RAN OFF ROAD,Null,RAN OFF ROAD RIGHT: CULVERT,Null,Null,Null,Null,Null,Null,Null,Null,Null,Null,Null,Null,DRY,DAYLIGHT,ANIMAL IN ROADWAY,NHP,2340194,Null,Null,Null,2016-11-11T19:45:00.000Z,{E460669A-820C-4404-934F-29A40D25D9AF}
364970,271730.3908,4359176.719,39.35,-119.6,2016-11-18,HORSE,PROPERTY DAMAGE ONLY,STOREY,Fri Nov 18 00:00:00 PST 2016,Sun Dec 31 20:01:00 PST 1899,20:01:00,SR341,100,S,CALAVARAS RD,CLEAR,-9999,-9999,PDO,Null,NON-COLLISION,1,PICKUP,S,73,1,GOING STRAIGHT,APPARENTLY NORMAL,Null,Null,Null,HORSE,Null,Null,Null,Null,Null,Null,Null,Null,Null,Null,Null,Null,DRY,DARK - NO LIGHTING,ANIMAL IN ROADWAY,NHP,2340629,Null,Null,Null,2016-11-19T04:01:00.000Z,{57422471-EA66-46C5-8583-DD3E8F08277E}
352371,628175.9355,4014933.067,36.27,-115.6,2016-11-18,DEER,PROPERTY DAMAGE ONLY,CLARK,Fri Nov 18 00:00:00 PST 2016,Sun Dec 31 17:28:00 PST 1899,17:28:00,SR157,1200,E,MILE MARKER 5,CLEAR,-9999,-9999,PDO,Null,NON-COLLISION,1,"SEDAN, 4 DOOR",E,29,1,GOING STRAIGHT,APPARENTLY NORMAL,Null,Null,Null,DEER,Null,Null,Null,Null,Null,Null,Null,Null,Null,Null,Null,Null,DRY,DARK - NO LIGHTING,ANIMAL IN ROADWAY,NHP,2340620,Null,Null,Null,2016-11-19T01:28:00.000Z,{AFC1E266-44FB-4962-A3A3-8E22B23BA2C8}
413222,748258.1332,4182657.144,37.76,-114.2,2016-11-18,DEER,PROPERTY DAMAGE ONLY,LINCOLN,Fri Nov 18 00:00:00 PST 2016,Sun Dec 31 09:05:00 PST 1899,9:05:00,SR319,1056,E,MILE MARKER 63,CLEAR,-9999,-9999,PDO,Null,NON-COLLISION,1,PICKUP,E,32,1,GOING STRAIGHT,APPARENTLY NORMAL,Null,UNKNOWN,Null,DEER,Null,Null,Null,Null,Null,Null,Null,Null,Null,Null,Null,Null,DRY,DAYLIGHT,ANIMAL IN ROADWAY,NHP,2340597,Null,Null,Null,2016-11-18T17:05:00.000Z,{9F08D314-8D1B-46CE-AFFC-05E6A7B37075}
364820,671504.7145,4003791.095,36.16,-115.1,2016-11-25,DOG,PROPERTY DAMAGE ONLY,CLARK,Fri Nov 25 00:00:00 PST 2016,Sun Dec 31 08:58:00 PST 1899,8:58:00,US95N,175,N,SR159E/W TO US95N INT72,CLEAR,-9999,-9999,PDO,Null,REAR-END,2,"SEDAN, 4 DOOR",N,42,3,GOING STRAIGHT,APPARENTLY NORMAL,Null,Null,Null,SLOW/STOPPED VEHICLE,OTHER,N,30,3,STOPPED,APPARENTLY NORMAL,Null,Null,Null,Null,Null,Null,WET,DAYLIGHT,ANIMAL IN ROADWAY,NHP,2340952,Null,Null,Null,2016-11-25T16:58:00.000Z,{F7D4B14D-F362-49FE-A02F-CDB658ADF6BF}
359924,583247.9111,4508330.448,40.72,-116,2016-11-25,DEER,PROPERTY DAMAGE ONLY,ELKO,Fri Nov 25 00:00:00 PST 2016,Sun Dec 31 16:45:00 PST 1899,16:45:00,IR80E,663,W,MILE MARKER 8,CLEAR,-9999,-9999,PDO,Null,NON-COLLISION,1,PICKUP,E,22,1,GOING STRAIGHT,APPARENTLY NORMAL,Null,Null,Null,DEER,Null,Null,Null,Null,Null,Null,Null,Null,Null,Null,Null,Null,DRY,DARK - NO LIGHTING,ANIMAL IN ROADWAY,NHP,2340973,Null,Null,Null,2016-11-26T00:45:00.000Z,{001D1983-63EE-49E3-B33B-3C7F12433DC2}
367702,475125.0015,4215372.153,38.09,-117.3,2016-11-25,ANTELOPE,PROPERTY DAMAGE ONLY,ESMERALDA,Fri Nov 25 00:00:00 PST 2016,Sun Dec 31 06:46:00 PST 1899,6:46:00,US6,1056,W,MILE MARKER 56,CLEAR,-9999,-9999,PDO,Null,NON-COLLISION,1,"SEDAN, 4 DOOR",E,21,1,GOING STRAIGHT,APPARENTLY NORMAL,Null,OBJECT AVOIDANCE,Null,ANTELOPE,Null,Null,Null,Null,Null,Null,Null,Null,Null,Null,Null,Null,DRY,DAYLIGHT,ANIMAL IN ROADWAY,NHP,2340947,Null,Null,Null,2016-11-25T14:46:00.000Z,{7AAD73D0-C56E-42EE-AF0E-88A78C29E398}
355589,692725.5148,4397145.501,39.7,-114.8,2016-10-14,ELK,PROPERTY DAMAGE ONLY,WHITE PINE,Fri Oct 14 00:00:00 PDT 2016,Sun Dec 31 23:02:00 PST 1899,23:02:00,US93N,0,Null,MILE MARKER 86,CLEAR,-9999,-9999,PDO,Null,NON-COLLISION,1,PICKUP,S,24,1,GOING STRAIGHT,APPARENTLY NORMAL,Null,OBJECT AVOIDANCE,Null,ELK,Null,Null,Null,Null,Null,Null,Null,Null,Null,Null,Null,Null,DRY,DARK - NO LIGHTING,ANIMAL IN ROADWAY,NHP,2338541,Null,Null,Null,2016-10-15T06:02:00.000Z,{FA18F0E4-17A6-4B92-B765-E421E9771D77}
355429,686901.8707,4340234.768,39.19,-114.8,2016-10-14,DEER,PROPERTY DAMAGE ONLY,WHITE PINE,Fri Oct 14 00:00:00 PDT 2016,Sun Dec 31 19:49:00 PST 1899,19:49:00,US6,1056,E,MILE MARKER 43,CLEAR,-9999,-9999,PDO,Null,NON-COLLISION,1,PICKUP,E,65,1,GOING STRAIGHT,APPARENTLY NORMAL,Null,Null,Null,DEER,Null,Null,Null,Null,Null,Null,Null,Null,Null,Null,Null,Null,DRY,DARK - NO LIGHTING,ANIMAL IN ROADWAY,NHP,2338517,Null,Null,Null,2016-10-15T02:49:00.000Z,{2AF6BD15-1987-44AF-9163-4E5E06B9F949}
355811,436852.7954,4534403.312,40.96,-117.8,2016-10-14,DEER,PROPERTY DAMAGE ONLY,HUMBOLDT,Fri Oct 14 00:00:00 PDT 2016,Sun Dec 31 18:47:00 PST 1899,18:47:00,IR80W,200,W,MILE MARKER 13,CLOUDY,-9999,-9999,PDO,Null,NON-COLLISION,1,"SEDAN, 4 DOOR",W,60,2,GOING STRAIGHT,APPARENTLY NORMAL,Null,OBJECT AVOIDANCE,Null,DEER,Null,Null,Null,Null,Null,Null,Null,Null,Null,Null,Null,Null,DRY,DARK - NO LIGHTING,ANIMAL IN ROADWAY,NHP,2338512,Null,Null,Null,2016-10-15T01:47:00.000Z,{9C8F959D-0916-414D-9359-184F41CC37D0}
360470,613067.1815,4490854.186,40.56,-115.7,2016-10-14,DEER,INJURY CRASH,ELKO,Fri Oct 14 00:00:00 PDT 2016,Sun Dec 31 05:30:00 PST 1899,5:30:00,SR228,0,Null,MILE MARKER 10,CLOUDY,-9999,1,Null,C,NON-COLLISION,1,PICKUP,S,65,1,GOING STRAIGHT,APPARENTLY NORMAL,Null,OBJECT AVOIDANCE,Null,DEER,Null,Null,Null,Null,Null,Null,Null,Null,Null,Null,Null,Null,DRY,DARK - NO LIGHTING,NONE,NHP,2338464,Null,Null,Null,2016-10-14T12:30:00.000Z,{933ED744-6C63-4A32-A1A4-202F822D4D2A}
364742,463455.2623,4144198.586,37.44,-117.4,2016-10-14,CATTLE,INJURY CRASH,ESMERALDA,Fri Oct 14 00:00:00 PDT 2016,Sun Dec 31 18:59:00 PST 1899,18:59:00,SR266,100,E,MILE MARKER 26,CLEAR,-9999,1,Null,C,NON-COLLISION,1,UTILITY,W,59,1,GOING STRAIGHT,APPARENTLY NORMAL,Null,Null,Null,CATTLE,Null,Null,Null,Null,Null,Null,Null,Null,Null,Null,Null,Null,DRY,DARK - NO LIGHTING,ANIMAL IN ROADWAY,NHP,2338513,Null,Null,Null,2016-10-15T01:59:00.000Z,{43D76C5A-A831-4FE1-9B48-E4A8925F3222}
355430,636078.7162,4145187.239,37.44,-115.5,2016-10-21,CATTLE,PROPERTY DAMAGE ONLY,LINCOLN,Fri Oct 21 00:00:00 PDT 2016,Sun Dec 31 18:45:00 PST 1899,18:45:00,SR375,528,E,MILE MARKER 31,CLEAR,-9999,-9999,PDO,Null,NON-COLLISION,1,PICKUP,E,47,1,GOING STRAIGHT,APPARENTLY NORMAL,Null,Null,Null,CATTLE,Null,Null,Null,Null,Null,Null,Null,Null,Null,Null,Null,Null,DRY,DARK - NO LIGHTING,ANIMAL IN ROADWAY,NHP,2338980,Null,Null,Null,2016-10-22T01:45:00.000Z,{6059C04C-086D-45EF-BDEB-3D7E2DCDF961}
364508,351354.4045,4358392.077,39.36,-118.7,2016-10-28,CATTLE,PROPERTY DAMAGE ONLY,CHURCHILL,Fri Oct 28 00:00:00 PDT 2016,Sun Dec 31 06:31:00 PST 1899,6:31:00,SR120,2640,N,MILE MARKER 3,RAIN,-9999,-9999,PDO,Null,NON-COLLISION,1,UTILITY,N,33,1,GOING STRAIGHT,APPARENTLY NORMAL,Null,OBJECT AVOIDANCE,Null,CATTLE,Null,Null,Null,Null,Null,Null,Null,Null,Null,Null,Null,Null,DRY,DARK - NO LIGHTING,ANIMAL IN ROADWAY,NHP,2339348,Null,Null,Null,2016-10-28T13:31:00.000Z,{A310351D-8B75-41A8-87C8-72D939EDF6EF}
352593,621824.8188,4509253.861,40.73,-115.6,2016-09-02,DEER,PROPERTY DAMAGE ONLY,ELKO,Fri Sep 02 00:00:00 PDT 2016,Sun Dec 31 15:50:00 PST 1899,15:50:00,SR227,1770,N,MILE MARKER 15,CLOUDY,-9999,-9999,PDO,Null,NON-COLLISION,1,PICKUP,N,38,1,GOING STRAIGHT,APPARENTLY NORMAL,Null,OBJECT AVOIDANCE,Null,DEER,Null,Null,Null,Null,Null,Null,Null,Null,Null,Null,Null,Null,DRY,DAYLIGHT,ANIMAL IN ROADWAY,NHP,2329063,Null,Null,Null,2016-09-02T22:50:00.000Z,{25DEA331-8C38-4F7D-A8D4-60872DCCA593}
353726,470970.4527,4541012.743,41.02,-117.3,2016-09-02,CATTLE,PROPERTY DAMAGE ONLY,HUMBOLDT,Fri Sep 02 00:00:00 PDT 2016,Sun Dec 31 20:26:00 PST 1899,20:26:00,SR789,650,S,MILE MARKER 11,CLEAR,-9999,-9999,PDO,Null,NON-COLLISION,1,PICKUP,N,49,1,GOING STRAIGHT,APPARENTLY NORMAL,Null,OBJECT AVOIDANCE,Null,CATTLE,Null,Null,Null,Null,Null,Null,Null,Null,Null,Null,Null,Null,DRY,DARK - NO LIGHTING,ANIMAL IN ROADWAY,NHP,2329085,Null,Null,Null,2016-09-03T03:26:00.000Z,{DF92B43E-94C1-4C01-BCDD-89DBD036334E}
397955,286699.962,4378611.878,39.53,-119.5,2016-09-09,HORSE,INJURY CRASH,STOREY,Fri Sep 09 00:00:00 PDT 2016,Sun Dec 31 06:06:00 PST 1899,6:06:00,SR439S,500,S,ITALY DR,CLEAR,-9999,1,Null,C,NON-COLLISION,1,"SEDAN, 4 DOOR",S,46,2,GOING STRAIGHT,APPARENTLY NORMAL,Null,Null,Null,HORSE,Null,Null,Null,Null,Null,Null,Null,Null,Null,Null,Null,Null,DRY,DARK - NO LIGHTING,ANIMAL IN ROADWAY,NHP,2329428,Null,Null,Null,2016-09-09T13:06:00.000Z,{0B90A532-1D47-471B-B49C-C18120680C74}
354515,643986.9165,4357969.094,39.36,-115.3,2016-09-09,DEER,PROPERTY DAMAGE ONLY,WHITE PINE,Fri Sep 09 00:00:00 PDT 2016,Sun Dec 31 19:55:00 PST 1899,19:55:00,US50,792,W,MILE MARKER 35,CLEAR,-9999,-9999,PDO,Null,NON-COLLISION,1,UTILITY,W,61,1,GOING STRAIGHT,APPARENTLY NORMAL,Null,OBJECT AVOIDANCE,Null,DEER,Null,Null,Null,Null,Null,Null,Null,Null,Null,Null,Null,Null,DRY,DARK - NO LIGHTING,ANIMAL IN ROADWAY,NHP,2329473,Null,Null,Null,2016-09-10T02:55:00.000Z,{1F146FE6-0522-4968-82F3-1C454B12EAD7}
353184,722760.7404,4173590.174,37.68,-114.5,2016-09-16,HORSE,PROPERTY DAMAGE ONLY,LINCOLN,Fri Sep 16 00:00:00 PDT 2016,Sun Dec 31 23:35:00 PST 1899,23:35:00,US93N,2200,S,MILE MARKER 100,CLOUDY,-9999,-9999,PDO,Null,NON-COLLISION,1,PICKUP,N,52,1,GOING STRAIGHT,APPARENTLY NORMAL,Null,Null,Null,HORSE,Null,Null,Null,Null,Null,Null,Null,Null,Null,Null,Null,Null,DRY,DARK - NO LIGHTING,ANIMAL IN ROADWAY,NHP,2329833,Null,Null,Null,2016-09-17T06:35:00.000Z,{D2E29DE0-8608-4084-A8E4-5A1B5FEEB7F4}
353151,653576.1534,4513601.596,40.76,-115.2,2016-09-16,DEER,PROPERTY DAMAGE ONLY,ELKO,Fri Sep 16 00:00:00 PDT 2016,Sun Dec 31 00:00:00 PST 1899,0:00:00,SR229,0,Null,MILE MARKER 25,UNKNOWN,-9999,-9999,PDO,Null,NON-COLLISION,1,SEDAN,U,19,1,UNKNOWN,APPARENTLY NORMAL,Null,Null,Null,DEER,Null,Null,Null,Null,Null,Null,Null,Null,Null,Null,Null,Null,DRY,UNKNOWN,ANIMAL IN ROADWAY,NHP,2329790,Null,Null,Null,2016-09-16T07:00:00.000Z,{5094F6C3-BFB3-427C-9F7E-C0309BF06931}
356913,692636.5346,4395541.998,39.69,-114.8,2016-09-16,COYOTE,PROPERTY DAMAGE ONLY,WHITE PINE,Fri Sep 16 00:00:00 PDT 2016,Sun Dec 31 05:30:00 PST 1899,5:30:00,US93N,0,Null,MILE MARKER 85,UNKNOWN,-9999,-9999,PDO,Null,NON-COLLISION,1,SEDAN,S,34,1,GOING STRAIGHT,APPARENTLY NORMAL,Null,UNKNOWN,Null,DOG/COYOTE,Null,Null,Null,Null,Null,Null,Null,Null,Null,Null,Null,Null,DRY,DARK - NO LIGHTING,ANIMAL IN ROADWAY,NHP,2329791,Null,Null,Null,2016-09-16T12:30:00.000Z,{DF9EE60C-F41D-4299-8625-636775F35DD6}
363105,470221.8674,4540223.172,41.01,-117.4,2016-09-23,CATTLE,PROPERTY DAMAGE ONLY,HUMBOLDT,Fri Sep 23 00:00:00 PDT 2016,Sun Dec 31 20:18:00 PST 1899,20:18:00,SR789,1100,N,MILE MARKER 10,CLOUDY,-9999,-9999,PDO,Null,NON-COLLISION,1,PICKUP,N,58,1,GOING STRAIGHT,APPARENTLY NORMAL,Null,OBJECT AVOIDANCE,Null,CATTLE: RAN OFF ROAD LEFT,Null,Null,Null,Null,Null,Null,Null,Null,Null,Null,Null,Null,DRY,DARK - SPOT LIGHTING,ANIMAL IN ROADWAY,NHP,2357207,Null,Null,Null,2016-09-24T03:18:00.000Z,{0D3EE08C-B32C-4784-875D-364DCD0288BB}
352446,603408.7533,4502471.809,40.67,-115.8,2016-09-30,DEER,PROPERTY DAMAGE ONLY,ELKO,Fri Sep 30 00:00:00 PDT 2016,Sun Dec 31 03:15:00 PST 1899,3:15:00,LUCKY NUGGET RD,1,E,LUCKY NUGGET RD,CLEAR,-9999,-9999,PDO,Null,NON-COLLISION,1,"HARDTOP, 2 DOOR",E,46,1,GOING STRAIGHT,Null,Null,OBJECT AVOIDANCE,Null,DEER,Null,Null,Null,Null,Null,Null,Null,Null,Null,Null,Null,Null,ICE,DARK - NO LIGHTING,ANIMAL IN ROADWAY,ECSO,2332647,Null,Null,Null,2016-09-30T10:15:00.000Z,{62BCF40F-31D5-486F-AC2F-4D30C9577404}
357489,521884.4385,4083967.002,36.9,-116.8,2016-09-30,BURRO,PROPERTY DAMAGE ONLY,NYE,Fri Sep 30 00:00:00 PDT 2016,Sun Dec 31 01:00:00 PST 1899,1:00:00,US95N,1040,N,MILE MARKER 59,CLEAR,-9999,-9999,PDO,Null,NON-COLLISION,1,"HATCHBACK, 4 DOOR",S,23,1,GOING STRAIGHT,APPARENTLY NORMAL,Null,Null,Null,BURRO,Null,Null,Null,Null,Null,Null,Null,Null,Null,Null,Null,Null,DRY,DARK - NO LIGHTING,ANIMAL IN ROADWAY,NHP,2337720,Null,Null,Null,2016-09-30T08:00:00.000Z,{3D2D3BF8-7419-49B8-BD03-BC946F8BE9E9}
336519,499084.8125,4214610.5,38.08,-117,2016-04-04,CATTLE,PROPERTY DAMAGE ONLY,NYE,Mon Apr 04 00:00:00 PDT 2016,Sun Dec 31 20:30:00 PST 1899,20:30:00,ARNY44,0,Null,US6,CLEAR,-9999,-9999,PDO,Null,NON-COLLISION,1,PICKUP,N,47,-9999,GOING STRAIGHT,APPARENTLY NORMAL,Null,UNKNOWN,Null,Null,Null,Null,Null,Null,Null,Null,Null,Null,Null,Null,Null,Null,DRY,DARK - NO LIGHTING,ANIMAL IN ROADWAY,NYSO,2310087,Null,Null,Null,2016-04-05T03:30:00.000Z,{4BA9A9A5-DE53-4656-8996-37CAC6DA11CE}
329657,254562.295,4361249.004,39.37,-119.8,2016-04-04,BEAR,INJURY CRASH,WASHOE,Mon Apr 04 00:00:00 PDT 2016,Sun Dec 31 20:59:00 PST 1899,20:59:00,SR431,2585,E,JOY LAKE RD,CLEAR,-9999,1,Null,C,NON-COLLISION,1,"HATCHBACK, 4 DOOR",W,24,1,GOING STRAIGHT,APPARENTLY NORMAL,Null,Null,Null,BEAR,Null,Null,Null,Null,Null,Null,Null,Null,Null,Null,Null,Null,DRY,DARK - NO LIGHTING,ANIMAL IN ROADWAY,NHP,2236019,Null,Null,Null,2016-04-05T03:59:00.000Z,{64B18990-2759-41AB-8864-8A2832208247}
327267,690334.8147,4165311.617,37.62,-114.8,2016-04-04,ANTELOPE,PROPERTY DAMAGE ONLY,LINCOLN,Mon Apr 04 00:00:00 PDT 2016,Sun Dec 31 06:00:00 PST 1899,6:00:00,US93N,1672,S,MILE MARKER 74,CLEAR,-9999,-9999,PDO,Null,NON-COLLISION,1,PICKUP,S,25,1,GOING STRAIGHT,APPARENTLY NORMAL,Null,Null,Null,ANTELOPE,Null,Null,Null,Null,Null,Null,Null,Null,Null,Null,Null,Null,DRY,DAYLIGHT,ANIMAL IN ROADWAY,NHP,2235973,Null,Null,Null,2016-04-04T13:00:00.000Z,{388E1DFB-96DA-4970-A335-F727068609CC}
329222,685225.7047,4582756.495,41.38,-114.8,2016-04-11,DEER,PROPERTY DAMAGE ONLY,ELKO,Mon Apr 11 00:00:00 PDT 2016,Sun Dec 31 23:19:00 PST 1899,23:19:00,US93N,3696,N,MILE MARKER 95,CLOUDY,-9999,-9999,PDO,Null,NON-COLLISION,1,"SEDAN, 4 DOOR",N,35,1,GOING STRAIGHT,APPARENTLY NORMAL,Null,Null,Null,DEER,Null,Null,Null,Null,Null,Null,Null,Null,Null,Null,Null,Null,DRY,DARK - NO LIGHTING,ANIMAL IN ROADWAY,NHP,2236496,Null,Null,Null,2016-04-12T06:19:00.000Z,{673666D4-76A6-47F0-95ED-999278E7546A}
335253,613058.4585,4475432.227,40.42,-115.7,2016-04-11,DEER,INJURY CRASH,ELKO,Mon Apr 11 00:00:00 PDT 2016,Sun Dec 31 18:37:00 PST 1899,18:37:00,HARRISON PASS RD,5,S,SR228,CLOUDY,-9999,2,Null,A,NON-COLLISION,1,MOTORCYCLE,W,40,-9999,GOING STRAIGHT,Null,Null,OBJECT AVOIDANCE,Null,DEER: RAN OFF ROAD RIGHT,Null,Null,Null,Null,Null,Null,Null,Null,Null,Null,Null,Null,DRY,DAYLIGHT,ANIMAL IN ROADWAY,ECSO,2230375,Null,Null,YES,2016-04-12T01:37:00.000Z,{F3957B35-212F-493E-B21F-B2C7A13F865A}
333235,692344.5625,4647127,41.95,-114.7,2016-04-18,DEER,PROPERTY DAMAGE ONLY,ELKO,Mon Apr 18 00:00:00 PDT 2016,Sun Dec 31 04:49:00 PST 1899,4:49:00,US93N,1000,S,MILE MARKER 139,CLEAR,-9999,-9999,PDO,Null,NON-COLLISION,1,STATION WAGON,S,75,1,GOING STRAIGHT,APPARENTLY NORMAL,Null,OBJECT AVOIDANCE,Null,DEER,Null,Null,Null,Null,Null,Null,Null,Null,Null,Null,Null,Null,DRY,DARK - NO LIGHTING,ANIMAL IN ROADWAY,NHP,2236770,Null,Null,Null,2016-04-18T11:49:00.000Z,{238BC97B-AF2D-4276-A5C0-A846E125A01F}
361770,259376.7394,4324423.933,39.04,-119.8,2016-04-25,HORSE,INJURY CRASH,DOUGLAS,Mon Apr 25 00:00:00 PDT 2016,Sun Dec 31 04:18:00 PST 1899,4:18:00,US395N,2000,S,STEPHANIE WAY,CLEAR,-9999,1,Null,B,NON-COLLISION,2,CARRY-ALL,S,41,1,GOING STRAIGHT,APPARENTLY NORMAL,Null,Null,Null,HORSE,PICKUP,S,60,1,GOING STRAIGHT,APPARENTLY NORMAL,Null,Null,Null,HORSE,Null,Null,DRY,DARK - NO LIGHTING,ANIMAL IN ROADWAY,NHP,2356393,Null,Null,Null,2016-04-25T11:18:00.000Z,{BB5C5EA8-FDAB-4F34-A96C-F931652F610E}
391928,276640.6515,4347549.763,39.25,-119.6,2016-04-25,DEER,PROPERTY DAMAGE ONLY,LYON,Mon Apr 25 00:00:00 PDT 2016,Sun Dec 31 04:29:00 PST 1899,4:29:00,US50,300,W,SPLY12,CLEAR,-9999,-9999,PDO,Null,NON-COLLISION,1,CARRY-ALL,E,-9999,-9999,GOING STRAIGHT,APPARENTLY NORMAL,Null,Null,Null,DEER,Null,Null,Null,Null,Null,Null,Null,Null,Null,Null,Null,Null,Null,Null,Null,LYSO,2378566,Null,Null,Null,2016-04-25T11:29:00.000Z,{0A8F11C2-A550-4FF5-873E-9D6FF512825D}
338337,344893.4288,4358909.898,39.37,-118.8,2016-08-01,GOAT,PROPERTY DAMAGE ONLY,CHURCHILL,Mon Aug 01 00:00:00 PDT 2016,Sun Dec 31 15:15:00 PST 1899,15:15:00,CURRY RD,1320,W,S ALLEN RD,CLEAR,-9999,-9999,PDO,Null,NON-COLLISION,1,"SEDAN, 4 DOOR",W,84,1,GOING STRAIGHT,APPARENTLY NORMAL,Null,OBJECT AVOIDANCE,Null,OTHER ANIMAL,Null,Null,Null,Null,Null,Null,Null,Null,Null,Null,Null,Null,ICE,DAYLIGHT,ANIMAL IN ROADWAY,CHSO,2316228,Null,Null,Null,2016-08-01T22:15:00.000Z,{5669A07C-A5CD-49B4-8C31-1DB68E493EDB}