OBJECTID,X,Y,Latitude,Longitude,Date,AnimalType,Crash_Seve,County,Crash_Date_Original,Crash_Time_Original,Crash_Time,Primary_St,Distance,Dir,Secondary_,Weather,Fatalities,Injured,Property_D,Injury_Typ,Crash_Type,Total_Vehi,V1_Type,V1_Dir,V1_Driver_,V1_Lane_Nu,V1_Action,V1_Driver1,V1_Drive_1,V1_Vehicle,V1_Most_Ha,V1_All_Eve,V2_Type,V2_Dir,V2_Driver_,V2_Lane_Nu,V2_Action,V2_Driver1,V2_Drive_1,V2_Vehicle,V2_Most_Ha,V2_All_Eve,First_Harm,Nonmotoris,Factors_Ro,Lighting,HWY_Factor,Agency,Accident_R,Pedalcycli,Pedestrian,Motorcycli,CrashDateT,GlobalID
348120,611955.18,4166656.301,37.64,-115.7,2016-08-01,CATTLE,PROPERTY DAMAGE ONLY,LINCOLN,Mon Aug 01 00:00:00 PDT 2016,Sun Dec 31 20:30:00 PST 1899,20:30:00,SR375,2112,W,MILE MARKER 11,CLEAR,-9999,-9999,PDO,Null,NON-COLLISION,1,UTILITY,W,31,1,GOING STRAIGHT,Null,Null,OBJECT AVOIDANCE,Null,CATTLE,Null,Null,Null,Null,Null,Null,Null,Null,Null,Null,Null,Null,DRY,DARK - NO LIGHTING,ANIMAL IN ROADWAY,NHP,2327282,Null,Null,Null,2016-08-02T03:30:00.000Z,{E9E181B0-85C5-4AF7-A012-F368D7103E79}
349625,521910.4778,4083866.906,36.9,-116.8,2016-08-01,BURRO,INJURY CRASH,NYE,Mon Aug 01 00:00:00 PDT 2016,Sun Dec 31 01:50:00 PST 1899,1:50:00,US95N,39,N,COTTONWOOD LN,CLEAR,-9999,4,Null,B,NON-COLLISION,1,"HATCHBACK, 4 DOOR",N,21,-9999,GOING STRAIGHT,APPARENTLY NORMAL,Null,RAN OFF ROAD: OBJECT AVOIDANCE,Null,BURRO: RAN OFF ROAD RIGHT: OVERTURN/ROLLOVER,Null,Null,Null,Null,Null,Null,Null,Null,Null,Null,Null,Null,DRY,DARK - SPOT LIGHTING,ANIMAL IN ROADWAY,NYSO,2331361,Null,Null,Null,2016-08-01T08:50:00.000Z,{6124A019-62C2-4B2C-97AB-ECE033C9726D}
346959,723270.1623,4202787.272,37.95,-114.5,2016-08-15,DEER,PROPERTY DAMAGE ONLY,LINCOLN,Mon Aug 15 00:00:00 PDT 2016,Sun Dec 31 16:08:00 PST 1899,16:08:00,US93N,1056,S,MILE MARKER 120,CLEAR,-9999,-9999,PDO,Null,NON-COLLISION,1,CARRY-ALL,N,22,1,GOING STRAIGHT,APPARENTLY NORMAL,Null,Null,Null,DEER,Null,Null,Null,Null,Null,Null,Null,Null,Null,Null,Null,Null,DRY,DAYLIGHT,ANIMAL IN ROADWAY,NHP,2328045,Null,Null,Null,2016-08-15T23:08:00.000Z,{3E837A9C-ECC2-477F-B316-A8B6E9A40B82}
350465,346451.393,4356745.336,39.35,-118.8,2016-08-22,DEER,PROPERTY DAMAGE ONLY,CHURCHILL,Mon Aug 22 00:00:00 PDT 2016,Sun Dec 31 05:55:00 PST 1899,5:55:00,US95N,650,N,MILE MARKER 17,CLEAR,-9999,-9999,PDO,Null,NON-COLLISION,1,"SEDAN, 4 DOOR",S,26,1,GOING STRAIGHT,APPARENTLY NORMAL,Null,OBJECT AVOIDANCE,Null,DEER,Null,Null,Null,Null,Null,Null,Null,Null,Null,Null,Null,Null,DRY,DARK - NO LIGHTING,ANIMAL IN ROADWAY,NHP,2328396,Null,Null,Null,2016-08-22T12:55:00.000Z,{FE7FBE5F-BC22-4E70-8D7D-92DFB1A76290}
349859,306237.886,4351015.229,39.29,-119.2,2016-08-22,CATTLE,PROPERTY DAMAGE ONLY,LYON,Mon Aug 22 00:00:00 PDT 2016,Sun Dec 31 01:21:00 PST 1899,1:21:00,US95A,0,Null,MILE MARKER 35,CLEAR,-9999,-9999,PDO,Null,NON-COLLISION,1,UTILITY,S,-9999,-9999,GOING STRAIGHT,APPARENTLY NORMAL,Null,Null,Null,CATTLE,Null,Null,Null,Null,Null,Null,Null,Null,Null,Null,Null,Null,Null,Null,Null,NHP,2328394,Null,Null,Null,2016-08-22T08:21:00.000Z,{A7E37714-4C4F-4986-AE30-2F994574031C}
346393,654451.2227,4018488.588,36.3,-115.3,2016-08-29,UNKNOWN,INJURY CRASH,CLARK,Mon Aug 29 00:00:00 PDT 2016,Sun Dec 31 16:33:00 PST 1899,16:33:00,FARM RD,400,W,TULE SPRINGS RD,CLEAR,-9999,1,Null,C,NON-COLLISION,1,CARRY-ALL,W,27,-9999,GOING STRAIGHT,APPARENTLY NORMAL,Null,OBJECT AVOIDANCE,Null,RAN OFF ROAD RIGHT: TREE/SHRUB: OTHER MOVABLE OBJECT,Null,Null,Null,Null,Null,Null,Null,Null,Null,Null,Null,Null,DRY,DAYLIGHT,ANIMAL IN ROADWAY,LVMPD,2321653,Null,Null,Null,2016-08-29T23:33:00.000Z,{AEC5237B-C0CC-4BF8-9F4E-7FE17C43D63B}
351128,630797.7041,4149414.333,37.48,-115.5,2016-08-29,CATTLE,PROPERTY DAMAGE ONLY,LINCOLN,Mon Aug 29 00:00:00 PDT 2016,Sun Dec 31 20:59:00 PST 1899,20:59:00,SR375,528,N,MILE MARKER 27,CLEAR,-9999,-9999,PDO,Null,NON-COLLISION,1,"TRACTOR TRUCK, DIESEL",N,48,1,GOING STRAIGHT,APPARENTLY NORMAL,Null,OBJECT AVOIDANCE,Null,CATTLE: RAN OFF ROAD RIGHT,Null,Null,Null,Null,Null,Null,Null,Null,Null,Null,Null,Null,DRY,DARK - NO LIGHTING,ANIMAL IN ROADWAY,NHP,2328833,Null,Null,Null,2016-08-30T03:59:00.000Z,{5DAA0571-350D-42F7-9C54-1C180879248C}
364117,269377.7923,4343868.461,39.21,-119.7,2016-12-05,HORSE,PROPERTY DAMAGE ONLY,LYON,Mon Dec 05 00:00:00 PST 2016,Sun Dec 31 19:05:00 PST 1899,19:05:00,US50,300,W,BUNNY RANCH BLVD,CLEAR,-9999,-9999,PDO,Null,NON-COLLISION,1,"SEDAN, 4 DOOR",E,66,2,GOING STRAIGHT,APPARENTLY NORMAL,Null,Null,Null,HORSE,Null,Null,Null,Null,Null,Null,Null,Null,Null,Null,Null,Null,DRY,DARK - SPOT LIGHTING,ANIMAL IN ROADWAY,NHP,2341577,Null,Null,Null,2016-12-06T03:05:00.000Z,{30B737A9-FCDE-4902-9E94-545D94487BB0}
367757,271150.4832,4344464.372,39.22,-119.7,2016-12-05,HORSE,PROPERTY DAMAGE ONLY,LYON,Mon Dec 05 00:00:00 PST 2016,Sun Dec 31 19:07:00 PST 1899,19:07:00,US50,1000,W,MILE MARKER 2,CLEAR,-9999,-9999,PDO,Null,NON-COLLISION,1,"HATCHBACK, 4 DOOR",W,38,1,GOING STRAIGHT,APPARENTLY NORMAL,Null,OBJECT AVOIDANCE,Null,HORSE,Null,Null,Null,Null,Null,Null,Null,Null,Null,Null,Null,Null,DRY,DARK - NO LIGHTING,ANIMAL IN ROADWAY,NHP,2341578,Null,Null,Null,2016-12-06T03:07:00.000Z,{B4EF86A6-3D31-4F4C-A047-6D6E28A904C9}
355574,723895.7047,4202507.809,37.94,-114.5,2016-12-05,DEER,PROPERTY DAMAGE ONLY,LINCOLN,Mon Dec 05 00:00:00 PST 2016,Sun Dec 31 17:00:00 PST 1899,17:00:00,US93N,2000,N,SR322,CLOUDY,-9999,-9999,PDO,Null,NON-COLLISION,1,UTILITY,N,64,1,GOING STRAIGHT,APPARENTLY NORMAL,Null,Null,Null,DEER,Null,Null,Null,Null,Null,Null,Null,Null,Null,Null,Null,Null,DRY,DARK - NO LIGHTING,ANIMAL IN ROADWAY,NHP,2341565,Null,Null,Null,2016-12-06T01:00:00.000Z,{06684210-523E-49F3-A59E-08CECE1FB867}
359778,601801.2787,4521103.213,40.83,-115.8,2016-12-05,DEER,PROPERTY DAMAGE ONLY,ELKO,Mon Dec 05 00:00:00 PST 2016,Sun Dec 31 17:21:00 PST 1899,17:21:00,IR80E,106,E,MILE MARKER 23,CLOUDY,-9999,-9999,PDO,Null,NON-COLLISION,1,PICKUP,E,35,2,NOT REPORTED,APPARENTLY NORMAL,Null,OBJECT AVOIDANCE,Null,DEER,Null,Null,Null,Null,Null,Null,Null,Null,Null,Null,Null,Null,DRY,DARK - NO LIGHTING,ANIMAL IN ROADWAY,NHP,2341560,Null,Null,Null,2016-12-06T01:21:00.000Z,{656ED39C-1E4F-425C-B16F-F614D4E3674C}
360178,603072.8239,4521662.409,40.84,-115.8,2016-12-05,DEER,PROPERTY DAMAGE ONLY,ELKO,Mon Dec 05 00:00:00 PST 2016,Sun Dec 31 17:20:00 PST 1899,17:20:00,IR80E,528,W,MILE MARKER 24,CLEAR,-9999,-9999,PDO,Null,NON-COLLISION,1,CARRY-ALL,E,39,2,GOING STRAIGHT,APPARENTLY NORMAL,Null,OBJECT AVOIDANCE,Null,DEER,Null,Null,Null,Null,Null,Null,Null,Null,Null,Null,Null,Null,DRY,DARK - NO LIGHTING,ANIMAL IN ROADWAY,NHP,2341556,Null,Null,Null,2016-12-06T01:20:00.000Z,{DC7FDF8E-3762-4D6E-B4A0-511AF8D34810}
361279,673578.3552,4257394.166,38.45,-115,2016-12-05,DEER,PROPERTY DAMAGE ONLY,NYE,Mon Dec 05 00:00:00 PST 2016,Sun Dec 31 19:30:00 PST 1899,19:30:00,SR318,0,Null,MILE MARKER 20.6,CLEAR,-9999,-9999,PDO,Null,NON-COLLISION,1,SEMI,N,52,1,GOING STRAIGHT,APPARENTLY NORMAL,Null,UNKNOWN,Null,DEER,Null,Null,Null,Null,Null,Null,Null,Null,Null,Null,Null,Null,DRY,DARK - NO LIGHTING,ANIMAL IN ROADWAY,NHP,2341582,Null,Null,Null,2016-12-06T03:30:00.000Z,{3688343E-818B-4DB9-AB5D-4716170B127F}
355496,725467.7475,4180403.955,37.74,-114.4,2016-12-12,HORSE,PROPERTY DAMAGE ONLY,LINCOLN,Mon Dec 12 00:00:00 PST 2016,Sun Dec 31 17:19:00 PST 1899,17:19:00,US93N,1000,N,MILE MARKER 104,CLOUDY,-9999,-9999,PDO,Null,NON-COLLISION,1,SEDAN,S,67,1,GOING STRAIGHT,APPARENTLY NORMAL,Null,Null,Null,HORSE,Null,Null,Null,Null,Null,Null,Null,Null,Null,Null,Null,Null,DRY,DARK - NO LIGHTING,ANIMAL IN ROADWAY,NHP,2342048,Null,Null,Null,2016-12-13T01:19:00.000Z,{91932F8E-18FF-492E-9884-91B609C29C84}
355598,725467.7475,4180403.955,37.74,-114.4,2016-12-12,HORSE,PROPERTY DAMAGE ONLY,LINCOLN,Mon Dec 12 00:00:00 PST 2016,Sun Dec 31 17:19:00 PST 1899,17:19:00,US93N,1000,N,MILE MARKER 104,CLOUDY,-9999,-9999,PDO,Null,NON-COLLISION,1,PICKUP,S,42,-9999,GOING STRAIGHT,APPARENTLY NORMAL,Null,OBJECT AVOIDANCE,Null,RAN OFF ROAD RIGHT: SEPARATION OF UNITS: OVERTURN/ROLLOVER,Null,Null,Null,Null,Null,Null,Null,Null,Null,Null,Null,Null,DRY,DARK - NO LIGHTING,ANIMAL IN ROADWAY,NHP,2342036,Null,Null,Null,2016-12-13T01:19:00.000Z,{21666C50-483F-49B5-9267-16E29593A533}
358010,518607.3642,4197047.716,37.92,-116.8,2016-12-19,CATTLE,PROPERTY DAMAGE ONLY,NYE,Mon Dec 19 00:00:00 PST 2016,Sun Dec 31 19:20:00 PST 1899,19:20:00,ARNY44,2640,N,MILE MARKER 2,CLEAR,-9999,-9999,PDO,Null,NON-COLLISION,1,"SEDAN, 4 DOOR",S,61,1,GOING STRAIGHT,APPARENTLY NORMAL,Null,OBJECT AVOIDANCE,Null,CATTLE,Null,Null,Null,Null,Null,Null,Null,Null,Null,Null,Null,Null,DRY,DARK - NO LIGHTING,ANIMAL IN ROADWAY,NHP,2342512,Null,Null,Null,2016-12-20T03:20:00.000Z,{4BABF4ED-8FE0-47AC-8668-AF07653DD396}
359759,745161.376,4582939.908,41.36,-114.1,2016-12-19,CATTLE,INJURY CRASH,ELKO,Mon Dec 19 00:00:00 PST 2016,Sun Dec 31 19:47:00 PST 1899,19:47:00,SR233,2112,S,MILE MARKER 33,CLOUDY,-9999,1,Null,C,NON-COLLISION,1,SEMI,S,69,1,GOING STRAIGHT,APPARENTLY NORMAL,Null,Null,Null,CATTLE,Null,Null,Null,Null,Null,Null,Null,Null,Null,Null,Null,Null,DRY,DARK - NO LIGHTING,ANIMAL IN ROADWAY,NHP,2342515,Null,Null,Null,2016-12-20T03:47:00.000Z,{3A872402-EE35-41CC-8EE3-BC135312307C}
361159,640191.7652,4016500.868,36.28,-115.4,2016-12-26,UNKNOWN,PROPERTY DAMAGE ONLY,CLARK,Mon Dec 26 00:00:00 PST 2016,Sun Dec 31 22:36:00 PST 1899,22:36:00,SR157,13,W,MILE MARKER 13,CLEAR,-9999,-9999,PDO,Null,NON-COLLISION,1,"HATCHBACK, 2 DOOR",E,29,-9999,GOING STRAIGHT,APPARENTLY NORMAL,Null,OBJECT AVOIDANCE,Null,"RAN OFF ROAD RIGHT: OTHER POST, POLE OR SUPPORT: EMBANKMENT",Null,Null,Null,Null,Null,Null,Null,Null,Null,Null,Null,Null,DRY,DARK - NO LIGHTING,ANIMAL IN ROADWAY,NHP,2342978,Null,Null,Null,2016-12-27T06:36:00.000Z,{670E1908-2082-489A-B241-92A54342D798}
364371,270288.6939,4360752.315,39.37,-119.7,2016-12-26,HORSE,PROPERTY DAMAGE ONLY,STOREY,Mon Dec 26 00:00:00 PST 2016,Sun Dec 31 17:41:00 PST 1899,17:41:00,SR341,700,N,MILE MARKER 9,CLEAR,-9999,-9999,PDO,Null,NON-COLLISION,1,PICKUP,S,54,1,GOING STRAIGHT,APPARENTLY NORMAL,Null,Null,Null,HORSE,Null,Null,Null,Null,Null,Null,Null,Null,Null,Null,Null,Null,DRY,DARK - NO LIGHTING,ANIMAL IN ROADWAY,NHP,2342970,Null,Null,Null,2016-12-27T01:41:00.000Z,{67CEE12E-1C8F-4A18-88E0-AA498AB706DB}
397065,286054.5531,4381517.099,39.56,-119.5,2016-12-26,HORSE,PROPERTY DAMAGE ONLY,STOREY,Mon Dec 26 00:00:00 PST 2016,Sun Dec 31 13:45:00 PST 1899,13:45:00,SR439S,200,N,BRITAIN DR,CLEAR,-9999,-9999,PDO,Null,NON-COLLISION,1,PICKUP,S,39,2,GOING STRAIGHT,APPARENTLY NORMAL,Null,UNKNOWN,Null,HORSE,Null,Null,Null,Null,Null,Null,Null,Null,Null,Null,Null,Null,DRY,DAYLIGHT,ANIMAL IN ROADWAY,STSO,2386560,Null,Null,Null,2016-12-26T21:45:00.000Z,{B4766A46-5161-404B-B903-8B9FFCD60E95}
397935,286117.7973,4381646.585,39.56,-119.5,2016-02-01,HORSE,PROPERTY DAMAGE ONLY,STOREY,Mon Feb 01 00:00:00 PST 2016,Sun Dec 31 18:32:00 PST 1899,18:32:00,SR439S,675,N,BRITAIN DR,CLEAR,-9999,-9999,PDO,Null,NON-COLLISION,1,VAN,S,73,2,STOPPED,APPARENTLY NORMAL,Null,Null,Null,HORSE,Null,Null,Null,Null,Null,Null,Null,Null,Null,Null,Null,Null,DRY,DARK - NO LIGHTING,ANIMAL IN ROADWAY: OTHER ENVIRONMENTAL,STSO,2228163,Null,Null,Null,2016-02-02T02:32:00.000Z,{E2485D40-8116-4285-AD2F-556DB3EEB336}
325091,614745.946,4164629.598,37.62,-115.7,2016-02-01,CATTLE,PROPERTY DAMAGE ONLY,LINCOLN,Mon Feb 01 00:00:00 PST 2016,Sun Dec 31 18:00:00 PST 1899,18:00:00,SR375,1300,N,MILE MARKER 13,CLEAR,-9999,-9999,PDO,Null,NON-COLLISION,1,TOW TRUCK/WRECKER,N,34,1,GOING STRAIGHT,APPARENTLY NORMAL,Null,Null,Null,CATTLE,Null,Null,Null,Null,Null,Null,Null,Null,Null,Null,Null,Null,DRY,DARK - NO LIGHTING,ANIMAL IN ROADWAY,NHP,2226066,Null,Null,Null,2016-02-02T02:00:00.000Z,{2F43BABD-AB09-4D6D-BFC5-ADD2813A90FB}
325402,278334.5307,4285216.921,38.69,-119.5,2016-02-22,DEER,PROPERTY DAMAGE ONLY,DOUGLAS,Mon Feb 22 00:00:00 PST 2016,Sun Dec 31 06:55:00 PST 1899,6:55:00,US395N,15,N,MILE MARKER 0,CLEAR,-9999,-9999,PDO,Null,NON-COLLISION,1,PICKUP,S,43,-9999,NOT REPORTED,APPARENTLY NORMAL,Null,OBJECT AVOIDANCE,Null,DEER: RAN OFF ROAD RIGHT: OTHER MOVABLE OBJECT,Null,Null,Null,Null,Null,Null,Null,Null,Null,Null,Null,Null,DRY,DAYLIGHT,ANIMAL IN ROADWAY,NHP,2227063,Null,Null,Null,2016-02-22T14:55:00.000Z,{4C5E01B6-2E61-460B-948B-373B2815CC71}
325411,621207.639,4509205.362,40.72,-115.6,2016-02-22,DEER,PROPERTY DAMAGE ONLY,ELKO,Mon Feb 22 00:00:00 PST 2016,Sun Dec 31 18:30:00 PST 1899,18:30:00,SR227,264,S,MILE MARKER 15,CLEAR,-9999,-9999,PDO,Null,NON-COLLISION,1,PICKUP,N,38,-9999,GOING STRAIGHT,APPARENTLY NORMAL,Null,FAILURE TO KEEP IN PROPER LANE OR RUNNING OFF ROAD: UNSAFE LANE CHANGE,Null,"RAN OFF ROAD RIGHT: OTHER POST, POLE OR SUPPORT: CROSS MEDIAN/CENTERLINE: OVERTURN/ROLLOVER",Null,Null,Null,Null,Null,Null,Null,Null,Null,Null,Null,Null,DRY,DARK - NO LIGHTING,ANIMAL IN ROADWAY,NHP,2227087,Null,Null,Null,2016-02-23T02:30:00.000Z,{DE80917C-9264-4761-BC1C-5AB7015F8BF3}
325486,308461.9295,4365352.643,39.42,-119.2,2016-02-29,HORSE,PROPERTY DAMAGE ONLY,LYON,Mon Feb 29 00:00:00 PST 2016,Sun Dec 31 20:50:00 PST 1899,20:50:00,US50A,80,N,MILE MARKER 0,CLEAR,-9999,-9999,PDO,Null,NON-COLLISION,1,"SEDAN, 2 DOOR",N,81,1,GOING STRAIGHT,APPARENTLY NORMAL,Null,Null,Null,HORSE,Null,Null,Null,Null,Null,Null,Null,Null,Null,Null,Null,Null,DRY,DARK - NO LIGHTING,NONE,NHP,2227361,Null,Null,Null,2016-03-01T04:50:00.000Z,{5CEE3183-875E-401F-952B-764004C9CC4E}
309401,347508.7941,4369345.61,39.46,-118.8,2016-01-04,DEER,PROPERTY DAMAGE ONLY,CHURCHILL,Mon Jan 04 00:00:00 PST 2016,Sun Dec 31 17:14:00 PST 1899,17:14:00,WILDES RD,384,W,THOMAS CT,CLEAR,-9999,-9999,PDO,Null,NON-COLLISION,1,CARRY-ALL,E,32,1,GOING STRAIGHT,APPARENTLY NORMAL,Null,OTHER IMPROPER DRIVING,Null,DEER,Null,Null,Null,Null,Null,Null,Null,Null,Null,Null,Null,Null,DRY,DARK - NO LIGHTING,UNKNOWN,CHSO,2309349,Null,Null,Null,2016-01-05T01:14:00.000Z,{2FF60BF0-3E1B-4E28-8E41-C93A0DE1B620}
324770,598772.458,4517820.689,40.81,-115.8,2016-01-18,DEER,PROPERTY DAMAGE ONLY,ELKO,Mon Jan 18 00:00:00 PST 2016,Sun Dec 31 07:00:00 PST 1899,7:00:00,IR80W,800,E,MILE MARKER 20.04,CLOUDY,-9999,-9999,PDO,Null,NON-COLLISION,1,CARRY-ALL,W,26,-9999,GOING STRAIGHT,APPARENTLY NORMAL,Null,Null,Null,DEER,Null,Null,Null,Null,Null,Null,Null,Null,Null,Null,Null,Null,DRY,DAYLIGHT,ANIMAL IN ROADWAY,NHP,2225125,Null,Null,Null,2016-01-18T15:00:00.000Z,{584E469F-5E25-4E6E-B393-63E5E29CD324}
324839,256873.6592,4362858.436,39.38,-119.8,2016-01-25,DEER,PROPERTY DAMAGE ONLY,WASHOE,Mon Jan 25 00:00:00 PST 2016,Sun Dec 31 16:45:00 PST 1899,16:45:00,SR431,2640,W,CALLAHAN RD,CLEAR,-9999,-9999,PDO,Null,NON-COLLISION,1,CARRY-ALL,W,57,1,GOING STRAIGHT,APPARENTLY NORMAL,Null,Null,Null,DEER,Null,Null,Null,Null,Null,Null,Null,Null,Null,Null,Null,Null,DRY,DAYLIGHT,NONE,NHP,2225525,Null,Null,Null,2016-01-26T00:45:00.000Z,{6965CB6B-CD3E-4E26-9FFA-18D2C909865D}
324843,543667.4399,4503914.91,40.68,-116.5,2016-01-25,DEER,PROPERTY DAMAGE ONLY,EUREKA,Mon Jan 25 00:00:00 PST 2016,Sun Dec 31 22:25:00 PST 1899,22:25:00,IR80W,1106,E,MILE MARKER 6,CLEAR,-9999,-9999,PDO,Null,NON-COLLISION,1,"SEDAN, 4 DOOR",W,35,1,GOING STRAIGHT,APPARENTLY NORMAL,Null,OBJECT AVOIDANCE,Null,DEER,Null,Null,Null,Null,Null,Null,Null,Null,Null,Null,Null,Null,WET,DARK - NO LIGHTING,ANIMAL IN ROADWAY,NHP,2225542,Null,Null,Null,2016-01-26T06:25:00.000Z,{0FDD6740-26B2-4F29-892C-ECF6A396B189}
344216,574797.7939,4475452.545,40.43,-116.1,2016-07-11,DEER,PROPERTY DAMAGE ONLY,EUREKA,Mon Jul 11 00:00:00 PDT 2016,Sun Dec 31 10:30:00 PST 1899,10:30:00,SR278,85,S,MILE MARKER 65,CLEAR,-9999,-9999,PDO,Null,NON-COLLISION,1,MOTORCYCLE,N,57,2,GOING STRAIGHT,APPARENTLY NORMAL,Null,OBJECT AVOIDANCE,Null,DEER,Null,Null,Null,Null,Null,Null,Null,Null,Null,Null,Null,Null,DRY,DAYLIGHT,ANIMAL IN ROADWAY,NHP,2326091,Null,Null,YES,2016-07-11T17:30:00.000Z,{6226127C-2EBE-44E1-BE2F-D0A6038D9AE0}
338217,245447.9076,4329705.858,39.08,-119.9,2016-07-18,DEER,PROPERTY DAMAGE ONLY,DOUGLAS,Mon Jul 18 00:00:00 PDT 2016,Sun Dec 31 21:44:00 PST 1899,21:44:00,US50,119,N,YAN RD,CLEAR,-9999,-9999,PDO,Null,NON-COLLISION,1,CARRY-ALL,W,-9999,-9999,GOING STRAIGHT,APPARENTLY NORMAL,Null,OBJECT AVOIDANCE,Null,DEER,Null,Null,Null,Null,Null,Null,Null,Null,Null,Null,Null,Null,Null,Null,Null,DCSO,2316309,Null,Null,Null,2016-07-19T04:44:00.000Z,{CA8D7F24-BE51-46CB-B8DB-1BFA1F46F11D}
343470,686609.8804,4351845.835,39.3,-114.8,2016-07-25,SHEEP,PROPERTY DAMAGE ONLY,WHITE PINE,Mon Jul 25 00:00:00 PDT 2016,Sun Dec 31 07:40:00 PST 1899,7:40:00,US93N,1056,N,MILE MARKER 57,CLEAR,-9999,-9999,PDO,Null,NON-COLLISION,1,"TRACTOR TRUCK, DIESEL",N,35,1,GOING STRAIGHT,APPARENTLY NORMAL,Null,Null,Null,OTHER ANIMAL,Null,Null,Null,Null,Null,Null,Null,Null,Null,Null,Null,Null,DRY,DAYLIGHT,ANIMAL IN ROADWAY,NHP,2326885,Null,Null,Null,2016-07-25T14:40:00.000Z,{AA1FB3B4-0E0C-4E3B-88B8-FCC1F00E89F5}
345392,338799.1133,4369489.971,39.46,-118.9,2016-07-25,DEER,PROPERTY DAMAGE ONLY,CHURCHILL,Mon Jul 25 00:00:00 PDT 2016,Sun Dec 31 23:40:00 PST 1899,23:40:00,SR117,528,N,MILE MARKER 2,UNKNOWN,-9999,-9999,PDO,Null,NON-COLLISION,1,CARRY-ALL,N,41,1,GOING STRAIGHT,APPARENTLY NORMAL,Null,OBJECT AVOIDANCE,Null,DEER,Null,Null,Null,Null,Null,Null,Null,Null,Null,Null,Null,Null,DRY,DARK - NO LIGHTING,ANIMAL IN ROADWAY,NHP,2326926,Null,Null,Null,2016-07-26T06:40:00.000Z,{9EAFD902-5B63-4BF5-A75A-97EA36261BE1}
344519,457512.9283,4145109.946,37.45,-117.5,2016-07-25,CATTLE,PROPERTY DAMAGE ONLY,ESMERALDA,Mon Jul 25 00:00:00 PDT 2016,Sun Dec 31 00:54:00 PST 1899,0:54:00,SR266,4752,W,MILE MARKER 23,CLEAR,-9999,-9999,PDO,Null,NON-COLLISION,1,PICKUP,W,24,1,GOING STRAIGHT,APPARENTLY NORMAL,Null,OBJECT AVOIDANCE,Null,CATTLE,Null,Null,Null,Null,Null,Null,Null,Null,Null,Null,Null,Null,DRY,DARK - NO LIGHTING,ANIMAL IN ROADWAY,NHP,2326872,Null,Null,Null,2016-07-25T07:54:00.000Z,{FF3BCF0A-5F40-4F27-A598-0166DE0EB21B}
343437,559851.2621,4376301.236,39.53,-116.3,2016-07-25,ANTELOPE,INJURY CRASH,EUREKA,Mon Jul 25 00:00:00 PDT 2016,Sun Dec 31 03:15:00 PST 1899,3:15:00,US50,50,W,MILE MARKER 16,CLEAR,-9999,2,Null,C,NON-COLLISION,1,"TRACTOR TRUCK, DIESEL",W,39,1,GOING STRAIGHT,APPARENTLY NORMAL,Null,Null,Null,RAN OFF ROAD RIGHT: OVERTURN/ROLLOVER,Null,Null,Null,Null,Null,Null,Null,Null,Null,Null,Null,Null,DRY,DARK - NO LIGHTING,ANIMAL IN ROADWAY,NHP,2326874,Null,Null,Null,2016-07-25T10:15:00.000Z,{734565D1-5371-4C05-AF2E-C0C73B757A8F}
339951,594178.3645,4514915.072,40.78,-115.9,2016-06-06,DEER,PROPERTY DAMAGE ONLY,ELKO,Mon Jun 06 00:00:00 PDT 2016,Sun Dec 31 11:12:00 PST 1899,11:12:00,IR80E,1200,W,MILE MARKER 17,CLOUDY,-9999,-9999,PDO,Null,NON-COLLISION,1,CARRY-ALL,E,37,2,GOING STRAIGHT,APPARENTLY NORMAL,Null,Null,Null,DEER,Null,Null,Null,Null,Null,Null,Null,Null,Null,Null,Null,Null,DRY,DAYLIGHT,NONE,NHP,2324153,Null,Null,Null,2016-06-06T18:12:00.000Z,{AF35F4D8-599E-4B24-A679-9F0854DB8A70}
340363,254333.9846,4360786.762,39.36,-119.9,2016-06-13,DEER,PROPERTY DAMAGE ONLY,WASHOE,Mon Jun 13 00:00:00 PDT 2016,Sun Dec 31 23:35:00 PST 1899,23:35:00,SR431,528,W,MILE MARKER 18,CLOUDY,-9999,-9999,PDO,Null,NON-COLLISION,1,CARRY-ALL,E,43,1,GOING STRAIGHT,APPARENTLY NORMAL,Null,Null,Null,DEER,Null,Null,Null,Null,Null,Null,Null,Null,Null,Null,Null,Null,DRY,DARK - NO LIGHTING,ANIMAL IN ROADWAY,NHP,2324594,Null,Null,Null,2016-06-14T06:35:00.000Z,{6A4BC0C5-1508-4BEC-BD5E-105E950989F7}