OBJECTID,X,Y,Latitude,Longitude,Date,AnimalType,Crash_Seve,County,Crash_Date_Original,Crash_Time_Original,Crash_Time,Primary_St,Distance,Dir,Secondary_,Weather,Fatalities,Injured,Property_D,Injury_Typ,Crash_Type,Total_Vehi,V1_Type,V1_Dir,V1_Driver_,V1_Lane_Nu,V1_Action,V1_Driver1,V1_Drive_1,V1_Vehicle,V1_Most_Ha,V1_All_Eve,V2_Type,V2_Dir,V2_Driver_,V2_Lane_Nu,V2_Action,V2_Driver1,V2_Drive_1,V2_Vehicle,V2_Most_Ha,V2_All_Eve,First_Harm,Nonmotoris,Factors_Ro,Lighting,HWY_Factor,Agency,Accident_R,Pedalcycli,Pedestrian,Motorcycli,CrashDateT,GlobalID
342885,693306.0582,4407618.304,39.8,-114.7,2016-06-20,ANTELOPE,INJURY CRASH,WHITE PINE,Mon Jun 20 00:00:00 PDT 2016,Sun Dec 31 03:50:00 PST 1899,3:50:00,US93N,2640,N,MILE MARKER 92,CLEAR,-9999,1,Null,C,NON-COLLISION,1,STATION WAGON,N,58,1,GOING STRAIGHT,APPARENTLY NORMAL,Null,Null,Null,ANTELOPE,Null,Null,Null,Null,Null,Null,Null,Null,Null,Null,Null,Null,DRY,DARK - NO LIGHTING,ANIMAL IN ROADWAY,NHP,2324973,Null,Null,Null,2016-06-20T10:50:00.000Z,{C5F4B47D-2BCC-4816-B7F0-5C78267CA11D}
397943,286301.5729,4379500.253,39.54,-119.5,2016-06-27,HORSE,PROPERTY DAMAGE ONLY,STOREY,Mon Jun 27 00:00:00 PDT 2016,Sun Dec 31 21:58:00 PST 1899,21:58:00,SR439,300,S,DENMARK DR,CLEAR,-9999,-9999,PDO,Null,NON-COLLISION,1,"SEDAN, 2 DOOR",N,52,2,GOING STRAIGHT,APPARENTLY NORMAL,Null,Null,Null,HORSE,Null,Null,Null,Null,Null,Null,Null,Null,Null,Null,Null,Null,DRY,DARK - NO LIGHTING,ANIMAL IN ROADWAY,STSO,2331784,Null,Null,Null,2016-06-28T04:58:00.000Z,{BB1376CA-E1CD-4B19-A549-3EEE1F89CA98}
327909,714602.1518,4315306.74,38.96,-114.5,2016-03-07,ANTELOPE,PROPERTY DAMAGE ONLY,WHITE PINE,Mon Mar 07 00:00:00 PST 2016,Sun Dec 31 08:58:00 PST 1899,8:58:00,US93N,264,N,MILE MARKER 21,CLEAR,-9999,-9999,PDO,Null,NON-COLLISION,1,CARRY-ALL,S,28,1,GOING STRAIGHT,APPARENTLY NORMAL,Null,Null,Null,ANTELOPE,Null,Null,Null,Null,Null,Null,Null,Null,Null,Null,Null,Null,DRY,DAYLIGHT,ANIMAL IN ROADWAY,NHP,2234515,Null,Null,Null,2016-03-07T16:58:00.000Z,{309212D7-3EDD-49E5-B873-4FB11E03C7B8}
413170,736152.2478,4185657.288,37.79,-114.3,2016-03-21,DEER,PROPERTY DAMAGE ONLY,LINCOLN,Mon Mar 21 00:00:00 PDT 2016,Sun Dec 31 13:50:00 PST 1899,13:50:00,SR319,528,W,MILE MARKER 55,CLEAR,-9999,-9999,PDO,Null,NON-COLLISION,1,"SEDAN, 4 DOOR",W,76,1,GOING STRAIGHT,APPARENTLY NORMAL,Null,Null,Null,DEER,Null,Null,Null,Null,Null,Null,Null,Null,Null,Null,Null,Null,DRY,DAYLIGHT,ANIMAL IN ROADWAY,NHP,2235259,Null,Null,Null,2016-03-21T20:50:00.000Z,{5999734E-4043-44EF-9E13-FE0701D01412}
328230,651687.7054,4153434.583,37.52,-115.3,2016-03-21,CATTLE,INJURY CRASH,LINCOLN,Mon Mar 21 00:00:00 PDT 2016,Sun Dec 31 19:38:00 PST 1899,19:38:00,SR375,1056,S,MILE MARKER 46,CLEAR,-9999,2,Null,C,NON-COLLISION,1,"SEDAN, 4 DOOR",S,26,1,GOING STRAIGHT,APPARENTLY NORMAL,Null,OBJECT AVOIDANCE,Null,CATTLE: RAN OFF ROAD LEFT: RAN OFF ROAD RIGHT: OVERTURN/ROLLOVER,Null,Null,Null,Null,Null,Null,Null,Null,Null,Null,Null,Null,DRY,DARK - NO LIGHTING,ANIMAL IN ROADWAY,NHP,2235278,Null,Null,Null,2016-03-22T02:38:00.000Z,{6A2A0093-BD63-4FCF-9AEA-C0DFEA28A647}
332073,606857.5162,4169780.148,37.67,-115.8,2016-05-02,CATTLE,PROPERTY DAMAGE ONLY,LINCOLN,Mon May 02 00:00:00 PDT 2016,Sun Dec 31 22:45:00 PST 1899,22:45:00,SR375,580,W,MILE MARKER 7,CLEAR,-9999,-9999,PDO,Null,NON-COLLISION,1,PICKUP,N,19,1,GOING STRAIGHT,APPARENTLY NORMAL,Null,OBJECT AVOIDANCE,Null,CATTLE,Null,Null,Null,Null,Null,Null,Null,Null,Null,Null,Null,Null,DRY,DARK - NO LIGHTING,ANIMAL IN ROADWAY,NHP,2237536,Null,Null,Null,2016-05-03T05:45:00.000Z,{C4527F9E-B169-431A-8D79-69D82CDF2C79}
362525,672335.2623,4253885.184,38.42,-115,2016-05-09,DEER,PROPERTY DAMAGE ONLY,NYE,Mon May 09 00:00:00 PDT 2016,Sun Dec 31 00:56:00 PST 1899,0:56:00,SR318,1056,N,MILE MARKER 18,CLEAR,-9999,-9999,PDO,Null,NON-COLLISION,1,CARRY-ALL,S,60,1,GOING STRAIGHT,APPARENTLY NORMAL,Null,OBJECT AVOIDANCE,Null,DEER,Null,Null,Null,Null,Null,Null,Null,Null,Null,Null,Null,Null,DRY,DARK - NO LIGHTING,ANIMAL IN ROADWAY,NHP,2356521,Null,Null,Null,2016-05-09T07:56:00.000Z,{3710F97B-1AF2-447C-83B1-64E4AB471083}
361845,608797.3831,4528092.761,40.9,-115.7,2016-05-16,DEER,PROPERTY DAMAGE ONLY,ELKO,Mon May 16 00:00:00 PDT 2016,Sun Dec 31 22:23:00 PST 1899,22:23:00,IR80E,2640,W,MILE MARKER 30,CLOUDY,-9999,-9999,PDO,Null,NON-COLLISION,1,PICKUP,E,35,2,GOING STRAIGHT,APPARENTLY NORMAL,Null,Null,Null,DEER,Null,Null,Null,Null,Null,Null,Null,Null,Null,Null,Null,Null,DRY,DARK - NO LIGHTING,ANIMAL IN ROADWAY,NHP,2356824,Null,Null,Null,2016-05-17T05:23:00.000Z,{078A7051-DF57-45D5-B1C6-8E1E2A9710CF}
337202,679413.3229,4099656.765,37.03,-115,2016-05-23,DEER,PROPERTY DAMAGE ONLY,LINCOLN,Mon May 23 00:00:00 PDT 2016,Sun Dec 31 15:45:00 PST 1899,15:45:00,US93N,0,Null,MILE MARKER 12,CLEAR,-9999,-9999,PDO,Null,NON-COLLISION,1,PICKUP,N,59,1,GOING STRAIGHT,APPARENTLY NORMAL,Null,Null,Null,DEER,Null,Null,Null,Null,Null,Null,Null,Null,Null,Null,Null,Null,DRY,DAYLIGHT,ANIMAL IN ROADWAY,NHP,2323441,Null,Null,Null,2016-05-23T22:45:00.000Z,{34F16E51-3EC1-476D-AF16-054CAF29FCBC}
337685,711344.1747,4294977.604,38.78,-114.6,2016-05-23,DEER,PROPERTY DAMAGE ONLY,WHITE PINE,Mon May 23 00:00:00 PDT 2016,Sun Dec 31 12:30:00 PST 1899,12:30:00,US93N,800,S,MILE MARKER 8,CLOUDY,-9999,-9999,PDO,Null,NON-COLLISION,1,UTILITY,S,75,1,GOING STRAIGHT,APPARENTLY NORMAL,Null,OBJECT AVOIDANCE,Null,DEER: RAN OFF ROAD RIGHT,Null,Null,Null,Null,Null,Null,Null,Null,Null,Null,Null,Null,DRY,DAYLIGHT,NONE,NHP,2323399,Null,Null,Null,2016-05-23T19:30:00.000Z,{05ED19F3-3B42-4202-A77B-8CDA9780A8E0}
338645,566178.339,4228538.67,38.2,-116.2,2016-05-23,CATTLE,PROPERTY DAMAGE ONLY,NYE,Mon May 23 00:00:00 PDT 2016,Sun Dec 31 22:11:00 PST 1899,22:11:00,SR375,528,S,MILE MARKER 7,CLEAR,-9999,-9999,PDO,Null,NON-COLLISION,1,VAN,S,57,1,GOING STRAIGHT,APPARENTLY NORMAL,Null,OBJECT AVOIDANCE,Null,CATTLE,Null,Null,Null,Null,Null,Null,Null,Null,Null,Null,Null,Null,DRY,DARK - NO LIGHTING,ANIMAL IN ROADWAY,NHP,2323437,Null,Null,Null,2016-05-24T05:11:00.000Z,{0F51C066-9D2D-40E8-AB07-6D3FCD543EFF}
338942,277996.5785,4349789.85,39.27,-119.6,2016-05-30,HORSE,PROPERTY DAMAGE ONLY,LYON,Mon May 30 00:00:00 PDT 2016,Sun Dec 31 21:19:00 PST 1899,21:19:00,US50,550,E,MILE MARKER 8,CLEAR,-9999,-9999,PDO,Null,NON-COLLISION,1,PICKUP,E,38,1,GOING STRAIGHT,APPARENTLY NORMAL,Null,OBJECT AVOIDANCE,Null,HORSE,Null,Null,Null,Null,Null,Null,Null,Null,Null,Null,Null,Null,DRY,DARK - SPOT LIGHTING,ANIMAL IN ROADWAY,NHP,2323770,Null,Null,Null,2016-05-31T04:19:00.000Z,{E9CAB301-BDD8-437D-B4A6-B5F3648EBC22}
339403,278143.8902,4349888.01,39.27,-119.6,2016-05-30,HORSE,INJURY CRASH,LYON,Mon May 30 00:00:00 PDT 2016,Sun Dec 31 21:20:00 PST 1899,21:20:00,US50,1100,E,MILE MARKER 8,CLEAR,-9999,1,Null,B,NON-COLLISION,1,PICKUP,W,54,1,OTHER,APPARENTLY NORMAL,Null,DROVE LEFT OF CENTER,Null,HORSE: CROSS MEDIAN/CENTERLINE: OVERTURN/ROLLOVER,Null,Null,Null,Null,Null,Null,Null,Null,Null,Null,Null,Null,DRY,DARK - NO LIGHTING,NONE,NHP,2323769,Null,Null,Null,2016-05-31T04:20:00.000Z,{8251B8D0-441C-4564-AD5D-4FC3D35173A2}
339118,711781.8269,4221932.997,38.12,-114.6,2016-05-30,ELK,PROPERTY DAMAGE ONLY,LINCOLN,Mon May 30 00:00:00 PDT 2016,Sun Dec 31 00:27:00 PST 1899,0:27:00,US93N,100,N,MILE MARKER 134,CLEAR,-9999,-9999,PDO,Null,NON-COLLISION,1,PICKUP,N,32,1,GOING STRAIGHT,APPARENTLY NORMAL,Null,Null,Null,ELK,Null,Null,Null,Null,Null,Null,Null,Null,Null,Null,Null,Null,DRY,DARK - NO LIGHTING,ANIMAL IN ROADWAY,NHP,2323743,Null,Null,Null,2016-05-30T07:27:00.000Z,{523A9BB0-242C-4DD7-9341-1CBC09A31852}
355276,670974.8721,4337350.729,39.17,-115,2016-11-07,ELK,PROPERTY DAMAGE ONLY,WHITE PINE,Mon Nov 07 00:00:00 PST 2016,Sun Dec 31 22:36:00 PST 1899,22:36:00,US6,52,W,MILE MARKER 27,CLEAR,-9999,-9999,PDO,Null,NON-COLLISION,1,UTILITY,E,37,1,GOING STRAIGHT,APPARENTLY NORMAL,Null,Null,Null,ELK,Null,Null,Null,Null,Null,Null,Null,Null,Null,Null,Null,Null,DRY,DARK - NO LIGHTING,ANIMAL IN ROADWAY,NHP,2339975,Null,Null,Null,2016-11-08T06:36:00.000Z,{7250C8C8-6D6D-4256-A658-71F4DAFE286B}
355468,273347.6105,4377193.603,39.51,-119.6,2016-11-07,DEER,PROPERTY DAMAGE ONLY,WASHOE,Mon Nov 07 00:00:00 PST 2016,Sun Dec 31 04:52:00 PST 1899,4:52:00,IR80E,2640,E,MILE MARKER 23,CLEAR,-9999,-9999,PDO,Null,NON-COLLISION,1,UTILITY,W,45,1,GOING STRAIGHT,APPARENTLY NORMAL,Null,Null,Null,DEER,Null,Null,Null,Null,Null,Null,Null,Null,Null,Null,Null,Null,DRY,DARK - NO LIGHTING,ANIMAL IN ROADWAY,NHP,2339916,Null,Null,Null,2016-11-07T12:52:00.000Z,{968F2D35-AFBA-4926-8D57-B9FBA8B00333}
356309,298804.0843,4405621.453,39.78,-119.3,2016-11-07,DEER,PROPERTY DAMAGE ONLY,WASHOE,Mon Nov 07 00:00:00 PST 2016,Sun Dec 31 19:19:00 PST 1899,19:19:00,SR447,1207,S,MILE MARKER 12,CLEAR,-9999,-9999,PDO,Null,NON-COLLISION,1,SEMI,N,36,1,GOING STRAIGHT,APPARENTLY NORMAL,Null,RAN OFF ROAD,Null,DEER: RAN OFF ROAD LEFT: JACKKNIFE,Null,Null,Null,Null,Null,Null,Null,Null,Null,Null,Null,Null,DRY,DARK - NO LIGHTING,ANIMAL IN ROADWAY,NHP,2339971,Null,Null,Null,2016-11-08T03:19:00.000Z,{6C11BD80-22D3-46C5-AF6E-295C8882C9A8}
367120,578017.5231,4638275.834,41.89,-116.1,2016-11-07,CATTLE,PROPERTY DAMAGE ONLY,ELKO,Mon Nov 07 00:00:00 PST 2016,Sun Dec 31 19:15:00 PST 1899,19:15:00,SR225,0,Null,MILE MARKER 118,UNKNOWN,-9999,-9999,PDO,Null,NON-COLLISION,1,SEDAN,S,53,1,UNKNOWN,APPARENTLY NORMAL,Null,UNKNOWN,Null,CATTLE,Null,Null,Null,Null,Null,Null,Null,Null,Null,Null,Null,Null,DRY,DARK - NO LIGHTING,NONE,NHP,2339992,Null,Null,Null,2016-11-08T03:15:00.000Z,{AC40CBBE-17D6-4D3C-AC7D-5C3E32975BA0}
364562,636610.2123,3985153.355,36,-115.5,2016-11-07,BIG HORN SHEEP,PROPERTY DAMAGE ONLY,CLARK,Mon Nov 07 00:00:00 PST 2016,Sun Dec 31 16:05:00 PST 1899,16:05:00,SR160,1035,W,MILE MARKER 19,CLEAR,-9999,-9999,PDO,Null,NON-COLLISION,1,UTILITY,W,38,1,GOING STRAIGHT,APPARENTLY NORMAL,Null,Null,Null,BIG HORN SHEEP,Null,Null,Null,Null,Null,Null,Null,Null,Null,Null,Null,Null,DRY,DUSK,ANIMAL IN ROADWAY,NHP,2339949,Null,Null,Null,2016-11-08T00:05:00.000Z,{348D894D-84B6-4409-A079-931E2F2BD8AE}
355184,270835.8891,4376870.004,39.51,-119.7,2016-11-14,DEER,INJURY CRASH,WASHOE,Mon Nov 14 00:00:00 PST 2016,Sun Dec 31 05:53:00 PST 1899,5:53:00,IR80W,547,W,MILE MARKER 22,UNKNOWN,-9999,1,Null,C,NON-COLLISION,1,"SEDAN, 4 DOOR",W,35,2,GOING STRAIGHT,APPARENTLY NORMAL,Null,Null,Null,DEER: RAN OFF ROAD LEFT: GUARDRAIL FACE: RAN OFF ROAD RIGHT: NOT REPORTED,Null,Null,Null,Null,Null,Null,Null,Null,Null,Null,Null,Null,WET,DAWN,ANIMAL IN ROADWAY,NHP,2340322,Null,Null,Null,2016-11-14T13:53:00.000Z,{09F177E2-E381-4B9D-A133-F7FBB58ED70C}
355402,242285.6579,4375930.035,39.49,-120,2016-11-14,DEER,PROPERTY DAMAGE ONLY,WASHOE,Mon Nov 14 00:00:00 PST 2016,Sun Dec 31 02:27:00 PST 1899,2:27:00,IR80E,200,E,MILE MARKER 2,CLEAR,-9999,-9999,PDO,Null,NON-COLLISION,1,CARRY-ALL,E,73,2,GOING STRAIGHT,APPARENTLY NORMAL,Null,Null,Null,DEER,Null,Null,Null,Null,Null,Null,Null,Null,Null,Null,Null,Null,DRY,DARK - CONTINUOUS LIGHTING,ANIMAL IN ROADWAY,NHP,2340320,Null,Null,Null,2016-11-14T10:27:00.000Z,{31AF85FD-912D-42F3-87DD-85EB07D96E1D}
397099,271526.8595,4350087.049,39.27,-119.6,2016-11-14,DEER,PROPERTY DAMAGE ONLY,STOREY,Mon Nov 14 00:00:00 PST 2016,Sun Dec 31 18:00:00 PST 1899,18:00:00,SR342,0,Null,MILE MARKER 0.25,CLEAR,-9999,-9999,PDO,Null,NON-COLLISION,1,UTILITY,N,28,1,GOING STRAIGHT,APPARENTLY NORMAL,Null,Null,Null,DEER,Null,Null,Null,Null,Null,Null,Null,Null,Null,Null,Null,Null,DRY,DARK - NO LIGHTING,ANIMAL IN ROADWAY,STSO,2386563,Null,Null,Null,2016-11-15T02:00:00.000Z,{CAC041B0-2BB7-4093-A586-E177161C8366}
355912,469707.9275,4539617.66,41.01,-117.4,2016-11-14,CATTLE,PROPERTY DAMAGE ONLY,HUMBOLDT,Mon Nov 14 00:00:00 PST 2016,Sun Dec 31 17:20:00 PST 1899,17:20:00,SR789,1500,S,MILE MARKER 10,CLOUDY,-9999,-9999,PDO,Null,NON-COLLISION,1,PICKUP,S,24,1,GOING STRAIGHT,APPARENTLY NORMAL,Null,OBJECT AVOIDANCE,Null,CATTLE,Null,Null,Null,Null,Null,Null,Null,Null,Null,Null,Null,Null,DRY,DARK - NO LIGHTING,ANIMAL IN ROADWAY,NHP,2340363,Null,Null,Null,2016-11-15T01:20:00.000Z,{4841D106-8F95-4AAD-AABE-E1A024D6F0EE}
365114,439966.8079,4143545.989,37.44,-117.7,2016-11-14,CATTLE,PROPERTY DAMAGE ONLY,ESMERALDA,Mon Nov 14 00:00:00 PST 2016,Sun Dec 31 17:15:00 PST 1899,17:15:00,SR266,425,E,MILE MARKER 10,CLEAR,-9999,-9999,PDO,Null,NON-COLLISION,1,"HARDTOP, 4 DOOR",W,37,1,GOING STRAIGHT,APPARENTLY NORMAL,Null,Null,Null,CATTLE: RAN OFF ROAD LEFT,Null,Null,Null,Null,Null,Null,Null,Null,Null,Null,Null,Null,DRY,DARK - NO LIGHTING,ANIMAL IN ROADWAY,NHP,2340370,Null,Null,Null,2016-11-15T01:15:00.000Z,{C725EC39-92A8-4F68-A4D0-FA4B3BFEEAFC}
368575,439976.4436,4143537.003,37.44,-117.7,2016-11-14,CATTLE,INJURY CRASH,ESMERALDA,Mon Nov 14 00:00:00 PST 2016,Sun Dec 31 17:38:00 PST 1899,17:38:00,SR266,468,E,MILE MARKER 10,CLEAR,-9999,2,Null,B,NON-COLLISION,1,"SEDAN, 2 DOOR",W,80,1,GOING STRAIGHT,APPARENTLY NORMAL,Null,Null,Null,CATTLE: RAN OFF ROAD RIGHT: DITCH,Null,Null,Null,Null,Null,Null,Null,Null,Null,Null,Null,Null,DRY,DARK - NO LIGHTING,ANIMAL IN ROADWAY,NHP,2340369,Null,Null,Null,2016-11-15T01:38:00.000Z,{DA58DED7-FE00-4D9E-A07C-144841F58FBD}
355391,259405.5077,4325435.692,39.04,-119.8,2016-11-21,DEER,PROPERTY DAMAGE ONLY,DOUGLAS,Mon Nov 21 00:00:00 PST 2016,Sun Dec 31 16:57:00 PST 1899,16:57:00,US395N,1320,N,STEPHANIE WAY,CLOUDY,-9999,-9999,PDO,Null,NON-COLLISION,1,LOG,S,-9999,-9999,GOING STRAIGHT,APPARENTLY NORMAL,Null,Null,Null,DEER,Null,Null,Null,Null,Null,Null,Null,Null,Null,Null,Null,Null,Null,Null,Null,DCSO,2332578,Null,Null,Null,2016-11-22T00:57:00.000Z,{695F70C8-5BB5-4C0C-941D-44C720CAB023}
355438,669727.103,4121949.1,37.23,-115.1,2016-11-21,DEER,PROPERTY DAMAGE ONLY,LINCOLN,Mon Nov 21 00:00:00 PST 2016,Sun Dec 31 12:15:00 PST 1899,12:15:00,US93N,1000,N,MILE MARKER 28,CLOUDY,-9999,-9999,PDO,Null,NON-COLLISION,1,"HARDTOP, 4 DOOR",N,38,1,GOING STRAIGHT,APPARENTLY NORMAL,Null,Null,Null,DEER,Null,Null,Null,Null,Null,Null,Null,Null,Null,Null,Null,Null,DRY,DAYLIGHT,ANIMAL IN ROADWAY,NHP,2340751,Null,Null,Null,2016-11-21T20:15:00.000Z,{587F55F1-4801-48F3-8035-CA9C019754CA}
356195,259394.0666,4325033.714,39.04,-119.8,2016-11-21,DEER,PROPERTY DAMAGE ONLY,DOUGLAS,Mon Nov 21 00:00:00 PST 2016,Sun Dec 31 00:05:00 PST 1899,0:05:00,US395S,1,N,STEPHANIE WAY,CLOUDY,-9999,-9999,PDO,Null,NON-COLLISION,1,"HATCHBACK, 4 DOOR",S,-9999,-9999,GOING STRAIGHT,APPARENTLY NORMAL,Null,UNKNOWN,Null,DEER,Null,Null,Null,Null,Null,Null,Null,Null,Null,Null,Null,Null,Null,Null,Null,DCSO,2332575,Null,Null,Null,2016-11-21T08:05:00.000Z,{552038CB-F0BA-480A-B25B-4AC146773174}
356409,668508.3867,4332512.513,39.13,-115.1,2016-11-28,ELK,PROPERTY DAMAGE ONLY,WHITE PINE,Mon Nov 28 00:00:00 PST 2016,Sun Dec 31 03:25:00 PST 1899,3:25:00,US6,2112,W,MILE MARKER 24,SNOW,-9999,-9999,PDO,Null,NON-COLLISION,1,UTILITY,E,30,1,GOING STRAIGHT,APPARENTLY NORMAL,Null,UNKNOWN,Null,ELK,Null,Null,Null,Null,Null,Null,Null,Null,Null,Null,Null,Null,DRY,DARK - NO LIGHTING,ANIMAL IN ROADWAY,NHP,2341101,Null,Null,Null,2016-11-28T11:25:00.000Z,{B7FC3247-9211-4DA6-A0FD-4E21A4DE4E49}
360039,639877.7204,4545931.378,41.05,-115.3,2016-11-28,DEER,PROPERTY DAMAGE ONLY,ELKO,Mon Nov 28 00:00:00 PST 2016,Sun Dec 31 17:35:00 PST 1899,17:35:00,IR80E,2112,E,MILE MARKER 53,CLOUDY,-9999,-9999,PDO,Null,NON-COLLISION,1,CARRY-ALL,E,46,2,GOING STRAIGHT,APPARENTLY NORMAL,Null,Null,Null,DEER,Null,Null,Null,Null,Null,Null,Null,Null,Null,Null,Null,Null,DRY,DARK - NO LIGHTING,ANIMAL IN ROADWAY,NHP,2341156,Null,Null,Null,2016-11-29T01:35:00.000Z,{0C0F71B0-C417-428D-A2EB-8FB0F1F7D8FE}
355203,264923.3528,4380024.567,39.54,-119.7,2016-10-10,DOG,PROPERTY DAMAGE ONLY,WASHOE,Mon Oct 10 00:00:00 PDT 2016,Sun Dec 31 18:29:00 PST 1899,18:29:00,SR659,100,N,LINCOLN WAY,CLEAR,-9999,-9999,PDO,Null,NON-COLLISION,1,"HATCHBACK, 4 DOOR",N,44,3,GOING STRAIGHT,APPARENTLY NORMAL,Null,Null,Null,DOG/COYOTE,Null,Null,Null,Null,Null,Null,Null,Null,Null,Null,Null,Null,DRY,DARK - SPOT LIGHTING,ANIMAL IN ROADWAY,NHP,2338268,Null,Null,Null,2016-10-11T01:29:00.000Z,{AB00CFEC-91FE-4F50-81DB-366BAE224459}
356511,246916.0108,4351758.913,39.28,-119.9,2016-10-10,DEER,PROPERTY DAMAGE ONLY,WASHOE,Mon Oct 10 00:00:00 PDT 2016,Sun Dec 31 20:00:00 PST 1899,20:00:00,SR431,1500,W,MILE MARKER 5,CLEAR,-9999,-9999,PDO,Null,NON-COLLISION,1,"HATCHBACK, 4 DOOR",W,56,1,GOING STRAIGHT,APPARENTLY NORMAL,Null,OBJECT AVOIDANCE,Null,DEER,Null,Null,Null,Null,Null,Null,Null,Null,Null,Null,Null,Null,DRY,DUSK,ANIMAL IN ROADWAY,NHP,2338295,Null,Null,Null,2016-10-11T03:00:00.000Z,{094EFADD-F047-48BC-AAD7-AE088471B508}
360129,701488.9156,4444121.779,40.12,-114.6,2016-10-31,ELK,PROPERTY DAMAGE ONLY,ELKO,Mon Oct 31 00:00:00 PDT 2016,Sun Dec 31 20:39:00 PST 1899,20:39:00,US93N,1056,N,MILE MARKER 0,CLOUDY,-9999,-9999,PDO,Null,NON-COLLISION,1,MOTORIZED HOME,N,75,1,GOING STRAIGHT,APPARENTLY NORMAL,Null,Null,Null,ELK,Null,Null,Null,Null,Null,Null,Null,Null,Null,Null,Null,Null,DRY,DARK - NO LIGHTING,ANIMAL IN ROADWAY,NHP,2339550,Null,Null,Null,2016-11-01T03:39:00.000Z,{BCDF9C23-3189-4381-9226-D764AA777B2C}
364518,408077.1121,4503134.06,40.67,-118.1,2016-10-31,COYOTE,PROPERTY DAMAGE ONLY,PERSHING,Mon Oct 31 00:00:00 PDT 2016,Sun Dec 31 20:16:00 PST 1899,20:16:00,FRPE15,2112,W,MILE MARKER 5,CLOUDY,-9999,-9999,PDO,Null,NON-COLLISION,1,PICKUP,W,-9999,-9999,NOT REPORTED,APPARENTLY NORMAL,Null,"DISREGARDED TRAFFIC SIGNS, SIGNALS, ROAD MARKINGS: OVER-CORRECTING/OVER-STEERING: DROVE LEFT OF CENTER: RAN OFF ROAD: OBJECT AVOIDANCE",Null,DOG/COYOTE: RAN OFF ROAD RIGHT: RAN OFF ROAD LEFT: FENCE/WALL,Null,Null,Null,Null,Null,Null,Null,Null,Null,Null,Null,Null,DRY,DARK - NO LIGHTING,ANIMAL IN ROADWAY,NHP,2339548,Null,Null,Null,2016-11-01T03:16:00.000Z,{9BF89823-3575-44D0-ADB2-6B11F2345BF5}
352886,692482.9933,4392375.954,39.66,-114.8,2016-09-12,ELK,PROPERTY DAMAGE ONLY,WHITE PINE,Mon Sep 12 00:00:00 PDT 2016,Sun Dec 31 05:31:00 PST 1899,5:31:00,US93N,200,N,MILE MARKER 83,CLEAR,-9999,-9999,PDO,Null,NON-COLLISION,1,UTILITY,N,48,1,GOING STRAIGHT,APPARENTLY NORMAL,Null,Null,Null,ELK,Null,Null,Null,Null,Null,Null,Null,Null,Null,Null,Null,Null,DRY,DARK - NO LIGHTING,ANIMAL IN ROADWAY,NHP,2329542,Null,Null,Null,2016-09-12T12:31:00.000Z,{24691B7F-8F0A-4CB3-9E14-9E5A8BD42021}
352939,646513.0625,4498630.5,40.63,-115.3,2016-09-12,DEER,PROPERTY DAMAGE ONLY,ELKO,Mon Sep 12 00:00:00 PDT 2016,Sun Dec 31 20:20:00 PST 1899,20:20:00,SR229,0,Null,SR767,UNKNOWN,-9999,-9999,PDO,Null,NON-COLLISION,1,PICKUP,N,24,1,GOING STRAIGHT,APPARENTLY NORMAL,Null,UNKNOWN,Null,DEER,Null,Null,Null,Null,Null,Null,Null,Null,Null,Null,Null,Null,DRY,DARK - UNKNOWN LIGHTING,ANIMAL IN ROADWAY,NHP,2329598,Null,Null,Null,2016-09-13T03:20:00.000Z,{ADDD261C-6CDA-4C3A-916F-A703D37F54CA}
353198,257271.1187,4347174.674,39.24,-119.8,2016-09-19,DEER,PROPERTY DAMAGE ONLY,WASHOE,Mon Sep 19 00:00:00 PDT 2016,Sun Dec 31 06:25:00 PST 1899,6:25:00,IR580S,2650,S,MILE MARKER 2.78,CLEAR,-9999,-9999,PDO,Null,NON-COLLISION,1,STATION WAGON,S,41,1,GOING STRAIGHT,APPARENTLY NORMAL,Null,Null,Null,DEER,Null,Null,Null,Null,Null,Null,Null,Null,Null,Null,Null,Null,DRY,DAWN,ANIMAL IN ROADWAY,NHP,2329916,Null,Null,Null,2016-09-19T13:25:00.000Z,{09064A42-9E84-45A8-A7AC-3CC0F7DC46B7}
353417,249566.6932,4390374.264,39.63,-119.9,2016-09-19,DEER,PROPERTY DAMAGE ONLY,WASHOE,Mon Sep 19 00:00:00 PDT 2016,Sun Dec 31 20:15:00 PST 1899,20:15:00,US395N,528,N,MILE MARKER 36.258,CLEAR,-9999,-9999,PDO,Null,NON-COLLISION,1,"SEDAN, 4 DOOR",N,20,2,GOING STRAIGHT,APPARENTLY NORMAL,Null,OBJECT AVOIDANCE,Null,DEER,Null,Null,Null,Null,Null,Null,Null,Null,Null,Null,Null,Null,DRY,DARK - NO LIGHTING,ANIMAL IN ROADWAY,NHP,2329945,Null,Null,Null,2016-09-20T03:15:00.000Z,{D8D5644B-0CF7-43FC-9E96-CCF23477E30B}
352781,437011.0946,4534837.032,40.96,-117.7,2016-09-19,DEER,PROPERTY DAMAGE ONLY,HUMBOLDT,Mon Sep 19 00:00:00 PDT 2016,Sun Dec 31 05:33:00 PST 1899,5:33:00,IR80W,1320,E,MILE MARKER 13,CLEAR,-9999,-9999,PDO,Null,NON-COLLISION,1,UTILITY,W,53,2,GOING STRAIGHT,APPARENTLY NORMAL,Null,Null,Null,DEER,Null,Null,Null,Null,Null,Null,Null,Null,Null,Null,Null,Null,DRY,DARK - NO LIGHTING,ANIMAL IN ROADWAY,NHP,2329915,Null,Null,Null,2016-09-19T12:33:00.000Z,{5601A016-D1F4-4D3F-A184-8828E8582149}