OBJECTID,X,Y,Latitude,Longitude,Date,AnimalType,Crash_Seve,County,Crash_Date_Original,Crash_Time_Original,Crash_Time,Primary_St,Distance,Dir,Secondary_,Weather,Fatalities,Injured,Property_D,Injury_Typ,Crash_Type,Total_Vehi,V1_Type,V1_Dir,V1_Driver_,V1_Lane_Nu,V1_Action,V1_Driver1,V1_Drive_1,V1_Vehicle,V1_Most_Ha,V1_All_Eve,V2_Type,V2_Dir,V2_Driver_,V2_Lane_Nu,V2_Action,V2_Driver1,V2_Drive_1,V2_Vehicle,V2_Most_Ha,V2_All_Eve,First_Harm,Nonmotoris,Factors_Ro,Lighting,HWY_Factor,Agency,Accident_R,Pedalcycli,Pedestrian,Motorcycli,CrashDateT,GlobalID
370402,660993.3235,3992930.573,36.07,-115.2,2016-09-26,UNKNOWN,INJURY CRASH,CLARK,Mon Sep 26 00:00:00 PDT 2016,Sun Dec 31 21:41:00 PST 1899,21:41:00,DECATUR BLVD TO CC215N,250,N,CC215N,CLOUDY,-9999,1,Null,B,NON-COLLISION,1,MOTORCYCLE,S,62,-9999,GOING STRAIGHT,APPARENTLY NORMAL,Null,FAILURE TO KEEP IN PROPER LANE OR RUNNING OFF ROAD: RAN OFF ROAD: UNSAFE LANE CHANGE: OBJECT AVOIDANCE,Null,HIGHWAY TRAFFIC SIGN POST: GUARDRAIL FACE: HIGHWAY TRAFFIC SIGN POST: OVERTURN/ROLLOVER,Null,Null,Null,Null,Null,Null,Null,Null,Null,Null,Null,Null,DRY,DARK - SPOT LIGHTING,ANIMAL IN ROADWAY,NHP,2357345,Null,Null,YES,2016-09-27T04:41:00.000Z,{90206F4D-136D-40AA-8088-C490CDAD212C}
361751,685098.0075,4582664.042,41.37,-114.8,2016-09-26,ELK,PROPERTY DAMAGE ONLY,ELKO,Mon Sep 26 00:00:00 PDT 2016,Sun Dec 31 22:00:00 PST 1899,22:00:00,US93N,3168,N,MILE MARKER 95,CLEAR,-9999,-9999,PDO,Null,NON-COLLISION,1,CARRY-ALL,S,37,1,GOING STRAIGHT,APPARENTLY NORMAL,Null,Null,Null,ELK,Null,Null,Null,Null,Null,Null,Null,Null,Null,Null,Null,Null,DRY,DARK - NO LIGHTING,ANIMAL IN ROADWAY,NHP,2357278,Null,Null,Null,2016-09-27T05:00:00.000Z,{2E55E2EB-32F7-46B8-AA60-9F38CDD6A051}
362668,248619.1396,4317889.982,38.97,-119.9,2016-09-26,DEER,INJURY CRASH,DOUGLAS,Mon Sep 26 00:00:00 PDT 2016,Sun Dec 31 23:05:00 PST 1899,23:05:00,SR207,550,E,LOGGING RD,CLEAR,-9999,1,Null,B,NON-COLLISION,1,UTILITY,E,32,-9999,GOING STRAIGHT,APPARENTLY NORMAL,Null,OBJECT AVOIDANCE,Null,RAN OFF ROAD RIGHT: GUARDRAIL FACE,Null,Null,Null,Null,Null,Null,Null,Null,Null,Null,Null,Null,DRY,DARK - NO LIGHTING,ANIMAL IN ROADWAY,NHP,2357277,Null,Null,Null,2016-09-27T06:05:00.000Z,{94AD3FCE-5FF9-4AF5-BE7A-CF94EC56B00D}
329427,705946.5852,4282564.926,38.67,-114.6,2016-04-02,ELK,PROPERTY DAMAGE ONLY,LINCOLN,Sat Apr 02 00:00:00 PDT 2016,Sun Dec 31 04:27:00 PST 1899,4:27:00,US93N,1050,N,MILE MARKER 172,CLEAR,-9999,-9999,PDO,Null,NON-COLLISION,1,VAN,N,36,1,GOING STRAIGHT,APPARENTLY NORMAL,Null,Null,Null,ELK,Null,Null,Null,Null,Null,Null,Null,Null,Null,Null,Null,Null,DRY,DARK - NO LIGHTING,NONE,NHP,2235880,Null,Null,Null,2016-04-02T11:27:00.000Z,{69B46BF0-62D3-4B7E-88E2-616F019B5754}
327477,722626.4801,4202339.192,37.94,-114.5,2016-04-02,DEER,PROPERTY DAMAGE ONLY,LINCOLN,Sat Apr 02 00:00:00 PDT 2016,Sun Dec 31 18:32:00 PST 1899,18:32:00,SR321,528,S,MILE MARKER 4,CLEAR,-9999,-9999,PDO,Null,NON-COLLISION,1,PICKUP,S,43,1,GOING STRAIGHT,APPARENTLY NORMAL,Null,Null,Null,DEER,Null,Null,Null,Null,Null,Null,Null,Null,Null,Null,Null,Null,DRY,DUSK,ANIMAL IN ROADWAY,NHP,2235934,Null,Null,Null,2016-04-03T01:32:00.000Z,{73E8BDCC-F7C0-4D6B-87DA-FF17DE9CEA3C}
328249,525005.5639,4088718.176,36.94,-116.7,2016-04-02,BURRO,PROPERTY DAMAGE ONLY,NYE,Sat Apr 02 00:00:00 PDT 2016,Sun Dec 31 05:00:00 PST 1899,5:00:00,US95N,550,N,MILE MARKER 63,CLEAR,-9999,-9999,PDO,Null,NON-COLLISION,1,"TRACTOR TRUCK, GASOLINE",S,49,1,GOING STRAIGHT,APPARENTLY NORMAL,Null,Null,Null,BURRO,Null,Null,Null,Null,Null,Null,Null,Null,Null,Null,Null,Null,DRY,DARK - NO LIGHTING,ANIMAL IN ROADWAY,NHP,2235884,Null,Null,Null,2016-04-02T12:00:00.000Z,{753182BC-39A2-458D-BBF8-7876C8A7BD1B}
329683,525005.5639,4088718.176,36.94,-116.7,2016-04-02,BURRO,PROPERTY DAMAGE ONLY,NYE,Sat Apr 02 00:00:00 PDT 2016,Sun Dec 31 05:00:00 PST 1899,5:00:00,US95N,550,N,MILE MARKER 63,CLEAR,-9999,-9999,PDO,Null,NON-COLLISION,1,"TRACTOR TRUCK, GASOLINE",S,59,1,GOING STRAIGHT,APPARENTLY NORMAL,Null,Null,Null,BURRO,Null,Null,Null,Null,Null,Null,Null,Null,Null,Null,Null,Null,DRY,DARK - NO LIGHTING,ANIMAL IN ROADWAY,NHP,2235882,Null,Null,Null,2016-04-02T12:00:00.000Z,{CC7DA74D-4540-482C-A4D3-6870FB2BB179}
329429,243784.5659,4378112.121,39.51,-120,2016-04-16,DEER,PROPERTY DAMAGE ONLY,WASHOE,Sat Apr 16 00:00:00 PDT 2016,Sun Dec 31 00:41:00 PST 1899,0:41:00,IR80W,0,Null,MILE MARKER 4,CLEAR,-9999,-9999,PDO,Null,NON-COLLISION,1,PICKUP,W,29,2,GOING STRAIGHT,APPARENTLY NORMAL,Null,Null,Null,DEER,Null,Null,Null,Null,Null,Null,Null,Null,Null,Null,Null,Null,DRY,DARK - SPOT LIGHTING,ANIMAL IN ROADWAY,NHP,2236734,Null,Null,Null,2016-04-16T07:41:00.000Z,{2A665183-1053-442E-BAFD-1D0BB9CEB4EA}
327648,358290.6342,4372395.888,39.49,-118.6,2016-04-23,DEER,PROPERTY DAMAGE ONLY,CHURCHILL,Sat Apr 23 00:00:00 PDT 2016,Sun Dec 31 06:02:00 PST 1899,6:02:00,SR116,0,Null,CLARK LN,CLEAR,-9999,-9999,PDO,Null,NON-COLLISION,1,PICKUP,E,26,1,GOING STRAIGHT,Null,Null,OBJECT AVOIDANCE,Null,DEER,Null,Null,Null,Null,Null,Null,Null,Null,Null,Null,Null,Null,DRY,DAWN,ANIMAL IN ROADWAY,CHSO,2309380,Null,Null,Null,2016-04-23T13:02:00.000Z,{A4820132-AD73-4F7F-B674-1B46582F767D}
328614,725163.1813,4201354.833,37.93,-114.4,2016-04-30,DEER,PROPERTY DAMAGE ONLY,LINCOLN,Sat Apr 30 00:00:00 PDT 2016,Sun Dec 31 20:00:00 PST 1899,20:00:00,US93N,1580,N,MILE MARKER 118,CLOUDY,-9999,-9999,PDO,Null,NON-COLLISION,1,"SEDAN, 4 DOOR",N,24,1,GOING STRAIGHT,APPARENTLY NORMAL,Null,Null,Null,DEER,Null,Null,Null,Null,Null,Null,Null,Null,Null,Null,Null,Null,DRY,DARK - NO LIGHTING,ANIMAL IN ROADWAY,NHP,2237461,Null,Null,Null,2016-05-01T03:00:00.000Z,{A55889F8-010B-4AC0-8B18-C961EA08144B}
338132,248306.2787,4331192.414,39.09,-119.9,2016-08-06,DEER,PROPERTY DAMAGE ONLY,DOUGLAS,Sat Aug 06 00:00:00 PDT 2016,Sun Dec 31 20:31:00 PST 1899,20:31:00,US50,2640,W,SR28,CLEAR,-9999,-9999,PDO,Null,NON-COLLISION,1,VAN,W,-9999,-9999,GOING STRAIGHT,APPARENTLY NORMAL,Null,EXCEEDED AUTHORIZED SPEED LIMIT,Null,DEER,Null,Null,Null,Null,Null,Null,Null,Null,Null,Null,Null,Null,Null,Null,Null,DCSO,2316327,Null,Null,Null,2016-08-07T03:31:00.000Z,{3C5B6F7E-A71F-42F2-A6A8-6C34E7E21345}
337016,254350.9924,4320739.971,39,-119.8,2016-08-13,DEER,PROPERTY DAMAGE ONLY,DOUGLAS,Sat Aug 13 00:00:00 PDT 2016,Sun Dec 31 17:35:00 PST 1899,17:35:00,SR206,1,E,MEADOW LARK LN,CLEAR,-9999,-9999,PDO,Null,NON-COLLISION,1,PICKUP,E,-9999,-9999,GOING STRAIGHT,APPARENTLY NORMAL,Null,UNKNOWN,Null,DEER,Null,Null,Null,Null,Null,Null,Null,Null,Null,Null,Null,Null,Null,Null,Null,DCSO,2316336,Null,Null,Null,2016-08-14T00:35:00.000Z,{561E96A0-3DB8-4082-9BF9-58354BBA9987}
348114,357902.8575,4372405.506,39.49,-118.7,2016-08-13,DEER,PROPERTY DAMAGE ONLY,CHURCHILL,Sat Aug 13 00:00:00 PDT 2016,Sun Dec 31 18:30:00 PST 1899,18:30:00,SR116,157,E,MILE MARKER 3,CLEAR,-9999,-9999,PDO,Null,NON-COLLISION,1,HATCHBACK/FASTBACK,E,22,-9999,GOING STRAIGHT,APPARENTLY NORMAL,Null,RAN OFF ROAD,Null,RAN OFF ROAD LEFT: HIGHWAY TRAFFIC SIGN POST: FENCE/WALL,Null,Null,Null,Null,Null,Null,Null,Null,Null,Null,Null,Null,DRY,DAYLIGHT,ANIMAL IN ROADWAY,NHP,2327942,Null,Null,Null,2016-08-14T01:30:00.000Z,{3495C7DC-7EF1-4968-A30A-BD921F7A21BA}
350105,273040.8545,4299428.872,38.81,-119.6,2016-08-20,DEER,PROPERTY DAMAGE ONLY,DOUGLAS,Sat Aug 20 00:00:00 PDT 2016,Sun Dec 31 09:50:00 PST 1899,9:50:00,US395N,2112,S,MILE MARKER 10,CLEAR,-9999,-9999,PDO,Null,NON-COLLISION,1,UTILITY,S,84,1,GOING STRAIGHT,APPARENTLY NORMAL,Null,Null,Null,DEER,Null,Null,Null,Null,Null,Null,Null,Null,Null,Null,Null,Null,DRY,DAYLIGHT,ANIMAL IN ROADWAY,NHP,2328317,Null,Null,Null,2016-08-20T16:50:00.000Z,{C193C180-E1F2-426F-9A1A-584FA5EA835F}
350054,617104.7052,4159619.133,37.58,-115.7,2016-08-20,CATTLE,PROPERTY DAMAGE ONLY,LINCOLN,Sat Aug 20 00:00:00 PDT 2016,Sun Dec 31 01:30:00 PST 1899,1:30:00,SR375,1000,S,MILE MARKER 16,CLOUDY,-9999,-9999,PDO,Null,NON-COLLISION,1,PICKUP,N,37,1,GOING STRAIGHT,APPARENTLY NORMAL,Null,Null,Null,CATTLE,Null,Null,Null,Null,Null,Null,Null,Null,Null,Null,Null,Null,DRY,DARK - NO LIGHTING,ANIMAL IN ROADWAY,NHP,2328314,Null,Null,Null,2016-08-20T08:30:00.000Z,{66E92796-CA32-4FAC-85DA-227E0F49C55D}
349776,722922.2022,4173922.438,37.69,-114.5,2016-08-27,DEER,PROPERTY DAMAGE ONLY,LINCOLN,Sat Aug 27 00:00:00 PDT 2016,Sun Dec 31 22:11:00 PST 1899,22:11:00,US93N,1000,S,MILE MARKER 100,CLOUDY,-9999,-9999,PDO,Null,NON-COLLISION,1,VAN,S,56,1,GOING STRAIGHT,APPARENTLY NORMAL,Null,Null,Null,DEER,Null,Null,Null,Null,Null,Null,Null,Null,Null,Null,Null,Null,DRY,DARK - NO LIGHTING,ANIMAL IN ROADWAY,NHP,2328726,Null,Null,Null,2016-08-28T05:11:00.000Z,{715A8F0F-F4C8-49E8-8578-37FBE6E1AFD6}
349850,672211.8624,4492983.207,40.57,-115,2016-08-27,DEER,PROPERTY DAMAGE ONLY,ELKO,Sat Aug 27 00:00:00 PDT 2016,Sun Dec 31 22:30:00 PST 1899,22:30:00,US93N,50,N,MILE MARKER 36,CLEAR,-9999,-9999,PDO,Null,NON-COLLISION,1,"TRACTOR TRUCK, DIESEL",N,52,1,GOING STRAIGHT,APPARENTLY NORMAL,Null,Null,Null,DEER,Null,Null,Null,Null,Null,Null,Null,Null,Null,Null,Null,Null,DRY,DARK - NO LIGHTING,ANIMAL IN ROADWAY,NHP,2328729,Null,Null,Null,2016-08-28T05:30:00.000Z,{79DF575F-EB63-463C-96BA-6D14F94CF07F}
350013,256852.0476,4355655.894,39.32,-119.8,2016-08-27,DEER,PROPERTY DAMAGE ONLY,WASHOE,Sat Aug 27 00:00:00 PDT 2016,Sun Dec 31 21:30:00 PST 1899,21:30:00,US395A,100,N,MILE MARKER 8,UNKNOWN,-9999,-9999,PDO,Null,NON-COLLISION,1,CARRY-ALL,S,19,-9999,GOING STRAIGHT,APPARENTLY NORMAL,Null,Null,Null,DEER,Null,Null,Null,Null,Null,Null,Null,Null,Null,Null,Null,Null,DRY,DARK - NO LIGHTING,ANIMAL IN ROADWAY,NHP,2328816,Null,Null,Null,2016-08-28T04:30:00.000Z,{F94A19D6-C98D-4FAE-8C8A-076A6476823B}
350515,654636.7909,4304193.562,38.87,-115.2,2016-08-27,DEER,PROPERTY DAMAGE ONLY,WHITE PINE,Sat Aug 27 00:00:00 PDT 2016,Sun Dec 31 01:45:00 PST 1899,1:45:00,US6,792,W,MILE MARKER 4,CLEAR,-9999,-9999,PDO,Null,NON-COLLISION,1,"SEDAN, 4 DOOR",E,54,1,GOING STRAIGHT,APPARENTLY NORMAL,Null,OBJECT AVOIDANCE,Null,DEER,Null,Null,Null,Null,Null,Null,Null,Null,Null,Null,Null,Null,DRY,DARK - NO LIGHTING,ANIMAL IN ROADWAY,NHP,2328683,Null,Null,Null,2016-08-27T08:45:00.000Z,{CB3ED83B-C17B-4106-AB4C-B2D2A29746DA}
350874,641550.625,4296865.5,38.81,-115.4,2016-08-27,DEER,PROPERTY DAMAGE ONLY,NYE,Sat Aug 27 00:00:00 PDT 2016,Sun Dec 31 08:09:00 PST 1899,8:09:00,US6,2376,W,MILE MARKER 126,CLEAR,-9999,-9999,PDO,Null,NON-COLLISION,1,CARRY-ALL,E,39,1,GOING STRAIGHT,APPARENTLY NORMAL,Null,OBJECT AVOIDANCE,Null,DEER,Null,Null,Null,Null,Null,Null,Null,Null,Null,Null,Null,Null,DRY,DAYLIGHT,ANIMAL IN ROADWAY,NHP,2328698,Null,Null,Null,2016-08-27T15:09:00.000Z,{33F41955-D698-419A-88B0-793075A81356}
359999,673318.1377,4489784.447,40.54,-115,2016-12-03,DEER,PROPERTY DAMAGE ONLY,ELKO,Sat Dec 03 00:00:00 PST 2016,Sun Dec 31 21:13:00 PST 1899,21:13:00,US93N,500,S,MILE MARKER 34,CLEAR,-9999,-9999,PDO,Null,NON-COLLISION,1,SEMI,N,44,1,GOING STRAIGHT,APPARENTLY NORMAL,Null,Null,Null,DEER,Null,Null,Null,Null,Null,Null,Null,Null,Null,Null,Null,Null,DRY,DARK - NO LIGHTING,ANIMAL IN ROADWAY,NHP,2341472,Null,Null,Null,2016-12-04T05:13:00.000Z,{91A29B12-809C-4145-8751-84E27543DD5E}
360041,620519.6501,4508951.363,40.72,-115.6,2016-12-03,DEER,PROPERTY DAMAGE ONLY,ELKO,Sat Dec 03 00:00:00 PST 2016,Sun Dec 31 16:40:00 PST 1899,16:40:00,SR227,2640,S,MILE MARKER 15,CLEAR,-9999,-9999,PDO,Null,NON-COLLISION,1,"SEDAN, 4 DOOR",N,49,1,GOING STRAIGHT,APPARENTLY NORMAL,Null,Null,Null,DEER,Null,Null,Null,Null,Null,Null,Null,Null,Null,Null,Null,Null,DRY,DARK - NO LIGHTING,ANIMAL IN ROADWAY,NHP,2341461,Null,Null,Null,2016-12-04T00:40:00.000Z,{EF988F62-4C5D-4EB8-A5C9-934EE3837EB3}
355031,738466.5803,4204416.897,37.96,-114.3,2016-12-10,DEER,PROPERTY DAMAGE ONLY,LINCOLN,Sat Dec 10 00:00:00 PST 2016,Sun Dec 31 16:50:00 PST 1899,16:50:00,SR322,528,W,MILE MARKER 10,CLOUDY,-9999,-9999,PDO,Null,NON-COLLISION,1,CARRY-ALL,W,52,1,GOING STRAIGHT,APPARENTLY NORMAL,Null,Null,Null,DEER,Null,Null,Null,Null,Null,Null,Null,Null,Null,Null,Null,Null,DRY,DUSK,ANIMAL IN ROADWAY,NHP,2341950,Null,Null,Null,2016-12-11T00:50:00.000Z,{E9694DC8-E37B-4012-B72F-E803EAB74B3A}
360363,683935.0331,4553553.635,41.11,-114.8,2016-12-17,DEER,PROPERTY DAMAGE ONLY,ELKO,Sat Dec 17 00:00:00 PST 2016,Sun Dec 31 02:50:00 PST 1899,2:50:00,IR80E,0,Null,MILE MARKER 82,CLEAR,-9999,-9999,PDO,Null,NON-COLLISION,1,"SEDAN, 2 DOOR",E,37,1,GOING STRAIGHT,Null,Null,UNKNOWN,Null,DEER,Null,Null,Null,Null,Null,Null,Null,Null,Null,Null,Null,Null,WET,DARK - NO LIGHTING,ANIMAL IN ROADWAY,NHP,2342374,Null,Null,Null,2016-12-17T10:50:00.000Z,{D5C2AF40-13DD-42BB-A038-75BCFA95248F}
355472,641236.7401,3999201.874,36.13,-115.4,2016-12-17,BURRO,PROPERTY DAMAGE ONLY,CLARK,Sat Dec 17 00:00:00 PST 2016,Sun Dec 31 19:13:00 PST 1899,19:13:00,SR159,100,S,MILE MARKER 10,CLEAR,-9999,-9999,PDO,Null,NON-COLLISION,1,"HATCHBACK, 4 DOOR",N,57,1,GOING STRAIGHT,APPARENTLY NORMAL,Null,Null,Null,BURRO,Null,Null,Null,Null,Null,Null,Null,Null,Null,Null,Null,Null,DRY,DARK - NO LIGHTING,ANIMAL IN ROADWAY,NHP,2342401,Null,Null,Null,2016-12-18T03:13:00.000Z,{155A9946-FBD3-483B-953F-F13A1019708C}
369435,326901.7518,4373417.235,39.49,-119,2016-12-24,CATTLE,INJURY CRASH,CHURCHILL,Sat Dec 24 00:00:00 PST 2016,Sun Dec 31 19:26:00 PST 1899,19:26:00,US50,528,E,MILE MARKER 7,CLOUDY,-9999,1,Null,C,NON-COLLISION,1,UTILITY,W,23,1,GOING STRAIGHT,APPARENTLY NORMAL,Null,Null,Null,CATTLE,Null,Null,Null,Null,Null,Null,Null,Null,Null,Null,Null,Null,DRY,DARK - NO LIGHTING,ANIMAL IN ROADWAY,NHP,2357594,Null,Null,Null,2016-12-25T03:26:00.000Z,{727325DF-FC18-4F12-9C0E-B2D18F82055E}
360505,253700.4325,4321409.435,39.01,-119.8,2016-12-31,DEER,PROPERTY DAMAGE ONLY,DOUGLAS,Sat Dec 31 00:00:00 PST 2016,Sun Dec 31 14:30:00 PST 1899,14:30:00,JACKS VALLEY RD,150,S,FOOTHILL MEADOWS CT,CLEAR,-9999,-9999,PDO,Null,NON-COLLISION,1,CARRY-ALL,N,-9999,-9999,GOING STRAIGHT,APPARENTLY NORMAL,Null,OBJECT AVOIDANCE,Null,DEER,Null,Null,Null,Null,Null,Null,Null,Null,Null,Null,Null,Null,Null,Null,Null,DCSO,2332638,Null,Null,Null,2016-12-31T22:30:00.000Z,{F129EF71-0676-4FB9-93E1-78CCDAC0E7E9}
325162,277434.3632,4349298.986,39.26,-119.6,2016-02-06,HORSE,PROPERTY DAMAGE ONLY,LYON,Sat Feb 06 00:00:00 PST 2016,Sun Dec 31 01:00:00 PST 1899,1:00:00,US50,60,E,RETAIL RD,CLEAR,-9999,-9999,PDO,Null,NON-COLLISION,1,"SEDAN, 4 DOOR",W,20,2,GOING STRAIGHT,"FELL ASLEEP, FAINTED, FATIGUED, ETC.",Null,Null,Null,HORSE,Null,Null,Null,Null,Null,Null,Null,Null,Null,Null,Null,Null,DRY,DARK - SPOT LIGHTING,NONE,NHP,2226293,Null,Null,Null,2016-02-06T09:00:00.000Z,{C20AD9D0-529A-400E-BE66-1E11E43CB144}
325166,601726.724,4521049.543,40.83,-115.8,2016-02-06,DEER,INJURY CRASH,ELKO,Sat Feb 06 00:00:00 PST 2016,Sun Dec 31 19:29:00 PST 1899,19:29:00,IR80E,200,W,MILE MARKER 23,CLEAR,-9999,1,Null,C,NON-COLLISION,1,CARRY-ALL,W,28,2,GOING STRAIGHT,APPARENTLY NORMAL,Null,Null,Null,DEER,Null,Null,Null,Null,Null,Null,Null,Null,Null,Null,Null,Null,DRY,DARK - NO LIGHTING,ANIMAL IN ROADWAY,NHP,2226323,Null,Null,Null,2016-02-07T03:29:00.000Z,{3B4D9947-3C52-4856-939D-3D5639341D57}
325263,242369.9032,4375523.996,39.49,-120,2016-02-13,DEER,PROPERTY DAMAGE ONLY,WASHOE,Sat Feb 13 00:00:00 PST 2016,Sun Dec 31 04:45:00 PST 1899,4:45:00,IR80W,1584,E,MILE MARKER 2,CLEAR,-9999,-9999,PDO,Null,NON-COLLISION,1,"HATCHBACK, 4 DOOR",W,31,2,GOING STRAIGHT,APPARENTLY NORMAL,Null,OBJECT AVOIDANCE,Null,DEER,Null,Null,Null,Null,Null,Null,Null,Null,Null,Null,Null,Null,DRY,DARK - NO LIGHTING,ANIMAL IN ROADWAY,NHP,2226643,Null,Null,Null,2016-02-13T12:45:00.000Z,{3A940345-977B-4D20-AABE-A3CF3F8A072B}
325261,411282.042,4231227.52,38.22,-118,2016-02-13,COYOTE,PROPERTY DAMAGE ONLY,MINERAL,Sat Feb 13 00:00:00 PST 2016,Sun Dec 31 00:15:00 PST 1899,0:15:00,US95N,2112,S,MILE MARKER 2,CLEAR,-9999,-9999,PDO,Null,NON-COLLISION,1,"SEDAN, 4 DOOR",N,29,1,GOING STRAIGHT,APPARENTLY NORMAL,Null,OBJECT AVOIDANCE,Null,DOG/COYOTE,Null,Null,Null,Null,Null,Null,Null,Null,Null,Null,Null,Null,DRY,DARK - NO LIGHTING,ANIMAL IN ROADWAY,NHP,2226641,Null,Null,Null,2016-02-13T08:15:00.000Z,{F2A69CD8-35CF-486E-B1FD-D554B1380275}
325386,646288.7391,4027012.676,36.38,-115.4,2016-02-20,BURRO,PROPERTY DAMAGE ONLY,CLARK,Sat Feb 20 00:00:00 PST 2016,Sun Dec 31 22:41:00 PST 1899,22:41:00,US95N,100,N,MILE MARKER 97,CLEAR,-9999,-9999,PDO,Null,NON-COLLISION,1,SEDAN,N,32,2,GOING STRAIGHT,APPARENTLY NORMAL,Null,Null,Null,BURRO,Null,Null,Null,Null,Null,Null,Null,Null,Null,Null,Null,Null,DRY,DARK - NO LIGHTING,ANIMAL IN ROADWAY,NHP,2227014,Null,Null,Null,2016-02-21T06:41:00.000Z,{2595ED21-8CBC-494E-A77B-C966F56EDFDF}
326750,257999.9567,4344313.097,39.21,-119.8,2016-02-27,UNKNOWN,PROPERTY DAMAGE ONLY,WASHOE,Sat Feb 27 00:00:00 PST 2016,Sun Dec 31 23:36:00 PST 1899,23:36:00,EASTLAKE BLVD,1,N,DUCK HILL RD,CLEAR,-9999,-9999,PDO,Null,NON-COLLISION,1,SEDAN,S,21,-9999,NOT REPORTED,Null,Null,DROVE LEFT OF CENTER: RAN OFF ROAD,Null,RAN OFF ROAD RIGHT: CROSS MEDIAN/CENTERLINE: RAN OFF ROAD LEFT: DITCH: OVERTURN/ROLLOVER,Null,Null,Null,Null,Null,Null,Null,Null,Null,Null,Null,Null,DRY,DARK - NO LIGHTING,ANIMAL IN ROADWAY,WASO,2310864,Null,Null,Null,2016-02-28T07:36:00.000Z,{65620F9E-3BFD-4FC6-93C8-B4058FA50444}
312727,671805.9351,4007346.929,36.2,-115.1,2016-02-27,HORSE,PROPERTY DAMAGE ONLY,CLARK,Sat Feb 27 00:00:00 PST 2016,Sun Dec 31 18:18:00 PST 1899,18:18:00,SR147,18,E,N WALNUT RD,CLEAR,-9999,-9999,PDO,Null,NON-COLLISION,1,"SEDAN, 4 DOOR",E,32,2,GOING STRAIGHT,APPARENTLY NORMAL,Null,Null,Null,HORSE,Null,Null,Null,Null,Null,Null,Null,Null,Null,Null,Null,FAILURE TO YIELD RIGHT OF WAY,DRY,DARK - CONTINUOUS LIGHTING,NONE,LVMPD,2223892,Null,YES,Null,2016-02-28T02:18:00.000Z,{F6B2D5DB-CC8A-46EE-AF92-9C6943B74E60}
320019,670237.5767,4287471.896,38.72,-115,2016-01-02,ELK,PROPERTY DAMAGE ONLY,WHITE PINE,Sat Jan 02 00:00:00 PST 2016,Sun Dec 31 17:30:00 PST 1899,17:30:00,SR318,50,N,MILE MARKER 1,CLOUDY,-9999,-9999,PDO,Null,NON-COLLISION,1,"HARDTOP, 4 DOOR",N,29,1,GOING STRAIGHT,APPARENTLY NORMAL,Null,Null,Null,ELK,Null,Null,Null,Null,Null,Null,Null,Null,Null,Null,Null,Null,DRY,DARK - UNKNOWN LIGHTING,ANIMAL IN ROADWAY,NHP,2224379,Null,Null,Null,2016-01-03T01:30:00.000Z,{B3BCD75A-9E57-4BE1-908E-546379A4F08B}
319941,715508.8659,4213223.802,38.04,-114.5,2016-01-02,DEER,PROPERTY DAMAGE ONLY,LINCOLN,Sat Jan 02 00:00:00 PST 2016,Sun Dec 31 18:00:00 PST 1899,18:00:00,US93N,10,N,MILE MARKER 128,CLOUDY,-9999,-9999,PDO,Null,NON-COLLISION,1,PICKUP,N,64,1,GOING STRAIGHT,APPARENTLY NORMAL,Null,Null,Null,DEER,Null,Null,Null,Null,Null,Null,Null,Null,Null,Null,Null,Null,DRY,DARK - CONTINUOUS LIGHTING,NONE,NHP,2215020,Null,Null,Null,2016-01-03T02:00:00.000Z,{B1FF2FA2-07D0-440A-9819-59152C11A97D}
320137,725131.3407,4202531.614,37.94,-114.4,2016-01-09,HORSE,INJURY CRASH,LINCOLN,Sat Jan 09 00:00:00 PST 2016,Sun Dec 31 05:06:00 PST 1899,5:06:00,SR322,1584,E,MILE MARKER 1,CLEAR,-9999,1,Null,C,NON-COLLISION,1,CARRY-ALL,W,43,1,GOING STRAIGHT,APPARENTLY NORMAL,Null,UNKNOWN,Null,HORSE,Null,Null,Null,Null,Null,Null,Null,Null,Null,Null,Null,Null,DRY,DARK - NO LIGHTING,ANIMAL IN ROADWAY,NHP,2224690,Null,Null,Null,2016-01-09T13:06:00.000Z,{31ABFEC6-C079-4029-86EF-4EAE65E638D5}
320303,535960.5063,4504628.246,40.69,-116.6,2016-01-16,DEER,PROPERTY DAMAGE ONLY,EUREKA,Sat Jan 16 00:00:00 PST 2016,Sun Dec 31 17:09:00 PST 1899,17:09:00,IR80W,400,E,MILE MARKER 1,CLOUDY,-9999,-9999,PDO,Null,NON-COLLISION,1,"TRACTOR TRUCK, DIESEL",W,48,1,GOING STRAIGHT,APPARENTLY NORMAL,Null,Null,Null,DEER,Null,Null,Null,Null,Null,Null,Null,Null,Null,Null,Null,Null,DRY,DARK - NO LIGHTING,ANIMAL IN ROADWAY,NHP,2225080,Null,Null,Null,2016-01-17T01:09:00.000Z,{6CEA6987-F2BC-4EA7-A0A0-FB9C673436F7}