OBJECTID,X,Y,Latitude,Longitude,Date,AnimalType,Crash_Seve,County,Crash_Date_Original,Crash_Time_Original,Crash_Time,Primary_St,Distance,Dir,Secondary_,Weather,Fatalities,Injured,Property_D,Injury_Typ,Crash_Type,Total_Vehi,V1_Type,V1_Dir,V1_Driver_,V1_Lane_Nu,V1_Action,V1_Driver1,V1_Drive_1,V1_Vehicle,V1_Most_Ha,V1_All_Eve,V2_Type,V2_Dir,V2_Driver_,V2_Lane_Nu,V2_Action,V2_Driver1,V2_Drive_1,V2_Vehicle,V2_Most_Ha,V2_All_Eve,First_Harm,Nonmotoris,Factors_Ro,Lighting,HWY_Factor,Agency,Accident_R,Pedalcycli,Pedestrian,Motorcycli,CrashDateT,GlobalID
316545,676424.4135,3994318.701,36.08,-115,2016-01-23,DOG,PROPERTY DAMAGE ONLY,CLARK,Sat Jan 23 00:00:00 PST 2016,Sun Dec 31 14:33:00 PST 1899,14:33:00,US95N,330,N,GALLERIA DR E TO US95N EXIT 64B,CLOUDY,-9999,-9999,PDO,Null,NON-COLLISION,1,"HARDTOP, 4 DOOR",N,24,1,GOING STRAIGHT,APPARENTLY NORMAL,Null,Null,Null,DOG/COYOTE,Null,Null,Null,Null,Null,Null,Null,Null,Null,Null,Null,Null,WET,DAYLIGHT,INACTIVE WORK ZONE,NHP,2225434,Null,Null,Null,2016-01-23T22:33:00.000Z,{AC3B4DAD-46BE-458E-990B-4C68B58493AA}
324815,607470.875,4519783,40.82,-115.7,2016-01-23,DEER,PROPERTY DAMAGE ONLY,ELKO,Sat Jan 23 00:00:00 PST 2016,Sun Dec 31 22:23:00 PST 1899,22:23:00,SR227,528,N,MILE MARKER 3,CLOUDY,-9999,-9999,PDO,Null,NON-COLLISION,1,CARRY-ALL,N,47,2,GOING STRAIGHT,APPARENTLY NORMAL,Null,Null,Null,DEER,Null,Null,Null,Null,Null,Null,Null,Null,Null,Null,Null,Null,DRY,DARK - NO LIGHTING,ANIMAL IN ROADWAY,NHP,2225460,Null,Null,Null,2016-01-24T06:23:00.000Z,{EA86ECA0-3E9B-406E-BDC5-5BC81CB864B1}
324810,309519.21,4365797.278,39.42,-119.2,2016-01-23,CATTLE,INJURY CRASH,LYON,Sat Jan 23 00:00:00 PST 2016,Sun Dec 31 18:09:00 PST 1899,18:09:00,US50,528,E,MILE MARKER 30,CLEAR,-9999,1,Null,C,NON-COLLISION,1,PICKUP,E,41,1,GOING STRAIGHT,APPARENTLY NORMAL,Null,OBJECT AVOIDANCE,Null,CATTLE: RAN OFF ROAD RIGHT,Null,Null,Null,Null,Null,Null,Null,Null,Null,Null,Null,Null,DRY,DARK - NO LIGHTING,ANIMAL IN ROADWAY,NHP,2225448,Null,Null,Null,2016-01-24T02:09:00.000Z,{F110398B-9452-4290-BF36-7CFAC58DB338}
324954,531349.8165,4502888.029,40.68,-116.6,2016-01-30,DEER,PROPERTY DAMAGE ONLY,LANDER,Sat Jan 30 00:00:00 PST 2016,Sun Dec 31 22:05:00 PST 1899,22:05:00,IR80W,50,W,MILE MARKER 25,"CLOUDY: FOG, SMOG, SMOKE",-9999,-9999,PDO,Null,NON-COLLISION,1,"SEDAN, 4 DOOR",W,34,1,GOING STRAIGHT,APPARENTLY NORMAL,Null,Null,Null,DEER,Null,Null,Null,Null,Null,Null,Null,Null,Null,Null,Null,Null,DRY,DARK - NO LIGHTING,"WET, ICY, SNOW, SLUSH: ANIMAL IN ROADWAY",NHP,2225820,Null,Null,Null,2016-01-31T06:05:00.000Z,{B11AF261-298A-4EC5-832C-6256F51C9FF8}
336017,471863.9672,4220938.713,38.14,-117.3,2016-01-30,CATTLE,PROPERTY DAMAGE ONLY,ESMERALDA,Sat Jan 30 00:00:00 PST 2016,Sun Dec 31 19:20:00 PST 1899,19:20:00,POLE LINE RD,15840,N,US6,CLOUDY,-9999,-9999,PDO,Null,NON-COLLISION,1,SEDAN,E,45,1,GOING STRAIGHT,Null,Null,UNKNOWN,Null,CATTLE,Null,Null,Null,Null,Null,Null,Null,Null,Null,Null,Null,Null,DRY,DARK - NO LIGHTING,ANIMAL IN ROADWAY,NYSO,2310054,Null,Null,Null,2016-01-31T03:20:00.000Z,{7508FFCA-4954-4DC1-BE0D-CEA7A7635EFD}
359375,574815.7128,4480210.387,40.47,-116.1,2016-07-02,DEER,PROPERTY DAMAGE ONLY,EUREKA,Sat Jul 02 00:00:00 PDT 2016,Sun Dec 31 00:00:00 PST 1899,0:00:00,SR278,10,N,MILE MARKER 68,CLEAR,-9999,-9999,PDO,Null,NON-COLLISION,1,PICKUP,S,-9999,-9999,GOING STRAIGHT,APPARENTLY NORMAL,Null,Null,Null,DEER,Null,Null,Null,Null,Null,Null,Null,Null,Null,Null,Null,Null,Null,Null,Null,EUSO,2353179,Null,Null,Null,2016-07-02T07:00:00.000Z,{67848E15-803C-4B53-AF42-FCDDE47CECC7}
413019,257915.313,4343630.132,39.21,-119.8,2016-07-02,DEER,PROPERTY DAMAGE ONLY,WASHOE,Sat Jul 02 00:00:00 PDT 2016,Sun Dec 31 05:06:00 PST 1899,5:06:00,IR580N,690,S,IR580N TO EASTLAKE BLVD INT42,CLEAR,-9999,-9999,PDO,Null,NON-COLLISION,1,VAN,N,49,1,GOING STRAIGHT,APPARENTLY NORMAL,Null,Null,Null,DEER,Null,Null,Null,Null,Null,Null,Null,Null,Null,Null,Null,Null,DRY,DARK - NO LIGHTING,NONE,NHP,2325688,Null,Null,Null,2016-07-02T12:06:00.000Z,{BA3B4E01-4284-4BCE-A42D-A6CB586AE01E}
342625,626532.1602,4152828.97,37.51,-115.6,2016-07-02,CATTLE,INJURY CRASH,LINCOLN,Sat Jul 02 00:00:00 PDT 2016,Sun Dec 31 04:30:00 PST 1899,4:30:00,SR375,2640,S,MILE MARKER 23,CLOUDY,-9999,1,Null,C,NON-COLLISION,1,PICKUP,S,72,1,GOING STRAIGHT,APPARENTLY NORMAL,Null,Null,Null,CATTLE,Null,Null,Null,Null,Null,Null,Null,Null,Null,Null,Null,Null,DRY,DARK - NO LIGHTING,ANIMAL IN ROADWAY,NHP,2325692,Null,Null,Null,2016-07-02T11:30:00.000Z,{27B79798-303E-483B-8129-EFD00F44A80E}
343002,273338.8859,4298835.04,38.81,-119.6,2016-07-02,BEAR,PROPERTY DAMAGE ONLY,DOUGLAS,Sat Jul 02 00:00:00 PDT 2016,Sun Dec 31 02:10:00 PST 1899,2:10:00,US395N,1000,N,MILE MARKER 9,CLEAR,-9999,-9999,PDO,Null,NON-COLLISION,1,"SEDAN, 4 DOOR",S,64,1,GOING STRAIGHT,APPARENTLY NORMAL,Null,Null,Null,BEAR,Null,Null,Null,Null,Null,Null,Null,Null,Null,Null,Null,Null,DRY,DARK - NO LIGHTING,NONE,NHP,2325685,Null,Null,Null,2016-07-02T09:10:00.000Z,{A28E1D5C-C136-4C4B-AA1F-FBC830A42769}
343424,264455.9102,4364462.268,39.4,-119.7,2016-07-16,HORSE,PROPERTY DAMAGE ONLY,WASHOE,Sat Jul 16 00:00:00 PDT 2016,Sun Dec 31 21:30:00 PST 1899,21:30:00,SR341,528,S,TOLL RD,CLEAR,-9999,-9999,PDO,Null,NON-COLLISION,1,CARRY-ALL,S,61,1,GOING STRAIGHT,APPARENTLY NORMAL,Null,Null,Null,HORSE,Null,Null,Null,Null,Null,Null,Null,Null,Null,Null,Null,Null,DRY,DARK - NO LIGHTING,ANIMAL IN ROADWAY,NHP,2326439,Null,Null,Null,2016-07-17T04:30:00.000Z,{6FC483A3-9A36-4D48-9553-8BD2B39C91C4}
342956,704351.6029,3894315.931,35.17,-114.8,2016-07-23,DEER,PROPERTY DAMAGE ONLY,CLARK,Sat Jul 23 00:00:00 PDT 2016,Sun Dec 31 00:42:00 PST 1899,0:42:00,SR163,1000,W,MILE MARKER 6,CLEAR,-9999,-9999,PDO,Null,NON-COLLISION,1,SEDAN,E,60,2,GOING STRAIGHT,APPARENTLY NORMAL,Null,Null,Null,DEER,Null,Null,Null,Null,Null,Null,Null,Null,Null,Null,Null,Null,DRY,DARK - NO LIGHTING,ANIMAL IN ROADWAY,NHP,2326780,Null,Null,Null,2016-07-23T07:42:00.000Z,{34276AC9-95C0-493D-98E5-07A34967D126}
343678,675749.3871,4343271.39,39.22,-115,2016-07-23,DEER,PROPERTY DAMAGE ONLY,WHITE PINE,Sat Jul 23 00:00:00 PDT 2016,Sun Dec 31 22:12:00 PST 1899,22:12:00,US6,500,W,MILE MARKER 32,CLEAR,-9999,-9999,PDO,Null,NON-COLLISION,1,"SEDAN, 4 DOOR",E,30,1,GOING STRAIGHT,APPARENTLY NORMAL,Null,OBJECT AVOIDANCE,Null,DEER,Null,Null,Null,Null,Null,Null,Null,Null,Null,Null,Null,Null,DRY,DARK - NO LIGHTING,ANIMAL IN ROADWAY,NHP,2326819,Null,Null,Null,2016-07-24T05:12:00.000Z,{033CE987-87AF-49DC-8B7B-0097CFA3D5AD}
342710,637389.8125,4544292.5,41.04,-115.4,2016-07-23,DEER,PROPERTY DAMAGE ONLY,ELKO,Sat Jul 23 00:00:00 PDT 2016,Sun Dec 31 00:10:00 PST 1899,0:10:00,IR80E,2500,W,MILE MARKER 52,CLOUDY,-9999,-9999,PDO,Null,NON-COLLISION,1,"SEDAN, 4 DOOR",E,65,2,GOING STRAIGHT,APPARENTLY NORMAL,Null,Null,Null,DEER,Null,Null,Null,Null,Null,Null,Null,Null,Null,Null,Null,Null,DRY,DARK - NO LIGHTING,ANIMAL IN ROADWAY,NHP,2326779,Null,Null,Null,2016-07-23T07:10:00.000Z,{A7CC50D1-3C68-470F-9482-034FEC404D83}
341440,610179.3424,4530095.878,40.91,-115.7,2016-06-04,DEER,PROPERTY DAMAGE ONLY,ELKO,Sat Jun 04 00:00:00 PDT 2016,Sun Dec 31 21:00:00 PST 1899,21:00:00,IR80E,0,Null,MILE MARKER 31,CLEAR,-9999,-9999,PDO,Null,NON-COLLISION,1,"TRACTOR TRUCK, DIESEL",E,33,2,GOING STRAIGHT,APPARENTLY NORMAL,Null,Null,Null,DEER,Null,Null,Null,Null,Null,Null,Null,Null,Null,Null,Null,Null,DRY,DUSK,NONE,NHP,2324102,Null,Null,Null,2016-06-05T04:00:00.000Z,{57831CB6-9D55-495A-934D-017C4527BAFF}
340061,688788.1735,4337557.537,39.17,-114.8,2016-06-04,DEER,PROPERTY DAMAGE ONLY,WHITE PINE,Sat Jun 04 00:00:00 PDT 2016,Sun Dec 31 18:50:00 PST 1899,18:50:00,US6,1320,E,MILE MARKER 45,CLEAR,-9999,-9999,PDO,Null,NON-COLLISION,1,CARRY-ALL,W,26,1,GOING STRAIGHT,APPARENTLY NORMAL,Null,Null,Null,DEER,Null,Null,Null,Null,Null,Null,Null,Null,Null,Null,Null,Null,DRY,DAYLIGHT,ANIMAL IN ROADWAY,NHP,2324082,Null,Null,Null,2016-06-05T01:50:00.000Z,{41D429B2-36CE-4387-AE3E-D585706217AC}
340394,246990.0688,4333923.877,39.12,-119.9,2016-06-11,DEER,PROPERTY DAMAGE ONLY,CARSON CITY,Sat Jun 11 00:00:00 PDT 2016,Sun Dec 31 06:23:00 PST 1899,6:23:00,SR28,4000,S,MILE MARKER 1,CLEAR,-9999,-9999,PDO,Null,NON-COLLISION,1,VAN,S,57,1,GOING STRAIGHT,APPARENTLY NORMAL,Null,Null,Null,DEER,Null,Null,Null,Null,Null,Null,Null,Null,Null,Null,Null,Null,DRY,DAWN,ANIMAL IN ROADWAY,NHP,2324442,Null,Null,Null,2016-06-11T13:23:00.000Z,{F06DB739-5BDD-4DDD-A527-4B27F2C3C93E}
340397,664019.0448,4365137.389,39.42,-115.1,2016-06-11,DEER,PROPERTY DAMAGE ONLY,WHITE PINE,Sat Jun 11 00:00:00 PDT 2016,Sun Dec 31 19:20:00 PST 1899,19:20:00,US50,30,W,MILE MARKER 49,CLOUDY: RAIN,-9999,-9999,PDO,Null,NON-COLLISION,1,UTILITY,E,57,1,GOING STRAIGHT,APPARENTLY NORMAL,Null,Null,Null,DEER,Null,Null,Null,Null,Null,Null,Null,Null,Null,Null,Null,Null,DRY,DUSK,ANIMAL IN ROADWAY,NHP,2324476,Null,Null,Null,2016-06-12T02:20:00.000Z,{3045DCFF-239C-4B7F-B8DD-B0012754A802}
343114,616086.3488,4511523.382,40.75,-115.6,2016-06-18,DEER,PROPERTY DAMAGE ONLY,ELKO,Sat Jun 18 00:00:00 PDT 2016,Sun Dec 31 21:00:00 PST 1899,21:00:00,SR227,684,N,MILE MARKER 11,CLEAR,-9999,-9999,PDO,Null,NON-COLLISION,1,PICKUP,S,37,2,GOING STRAIGHT,APPARENTLY NORMAL,Null,Null,Null,DEER,Null,Null,Null,Null,Null,Null,Null,Null,Null,Null,Null,Null,DRY,DARK - NO LIGHTING,NONE,NHP,2324912,Null,Null,Null,2016-06-19T04:00:00.000Z,{CDE2DCF8-3FE9-42AC-B740-214B63703737}
343927,377195.8234,4348832.02,39.28,-118.4,2016-06-18,ANTELOPE,PROPERTY DAMAGE ONLY,CHURCHILL,Sat Jun 18 00:00:00 PDT 2016,Sun Dec 31 23:30:00 PST 1899,23:30:00,US50,372,W,MILE MARKER 46,CLEAR,-9999,-9999,PDO,Null,NON-COLLISION,1,CARRY-ALL,W,21,1,GOING STRAIGHT,APPARENTLY NORMAL,Null,UNKNOWN,Null,ANTELOPE,Null,Null,Null,Null,Null,Null,Null,Null,Null,Null,Null,Null,DRY,DARK - NO LIGHTING,NONE,NHP,2324919,Null,Null,Null,2016-06-19T06:30:00.000Z,{16464BDD-BABA-465A-BD25-807D1A564A3B}
337144,660718.6009,4551814.504,41.1,-115.1,2016-06-25,ELK,INJURY CRASH,ELKO,Sat Jun 25 00:00:00 PDT 2016,Sun Dec 31 01:00:00 PST 1899,1:00:00,IR80E,5,E,MILE MARKER 67.17,CLEAR,-9999,2,Null,B,NON-COLLISION,1,"SEDAN, 4 DOOR",W,26,2,GOING STRAIGHT,APPARENTLY NORMAL,Null,Null,Null,ELK,Null,Null,Null,Null,Null,Null,Null,Null,Null,Null,Null,Null,DRY,DARK - NO LIGHTING,NONE,ECSO,2316443,Null,Null,Null,2016-06-25T08:00:00.000Z,{A8A9C9BE-2412-4F70-9C4B-62F908A5F8C9}
342349,711809.6338,4544500.703,41.02,-114.5,2016-06-25,ELK,PROPERTY DAMAGE ONLY,ELKO,Sat Jun 25 00:00:00 PDT 2016,Sun Dec 31 03:18:00 PST 1899,3:18:00,IR80W,2640,W,MILE MARKER 102,CLEAR,-9999,-9999,PDO,Null,NON-COLLISION,1,CONSTRUCTION VEHICLE,W,34,2,GOING STRAIGHT,APPARENTLY NORMAL,Null,Null,Null,ELK: HIGHWAY TRAFFIC SIGN POST,Null,Null,Null,Null,Null,Null,Null,Null,Null,Null,Null,Null,DRY,DUSK,NONE,NHP,2325283,Null,Null,Null,2016-06-25T10:18:00.000Z,{D3DBA755-9693-4E14-924F-8F9A94F81E46}
333677,670981.63,4337363.936,39.17,-115,2016-03-19,DEER,PROPERTY DAMAGE ONLY,WHITE PINE,Sat Mar 19 00:00:00 PDT 2016,Sun Dec 31 20:20:00 PST 1899,20:20:00,US6,0,Null,MILE MARKER 27,CLEAR,-9999,-9999,PDO,Null,NON-COLLISION,1,VAN,N,66,1,GOING STRAIGHT,APPARENTLY NORMAL,Null,UNKNOWN,Null,DEER,Null,Null,Null,Null,Null,Null,Null,Null,Null,Null,Null,Null,DRY,DARK - UNKNOWN LIGHTING,NONE,NHP,2235189,Null,Null,Null,2016-03-20T03:20:00.000Z,{A9FD3A26-90E1-41C2-BAAE-AA25631E3927}
328608,705216.0594,4278286.441,38.63,-114.6,2016-03-26,ELK,PROPERTY DAMAGE ONLY,LINCOLN,Sat Mar 26 00:00:00 PDT 2016,Sun Dec 31 04:19:00 PST 1899,4:19:00,US93N,2640,S,MILE MARKER 170,CLEAR,-9999,-9999,PDO,Null,NON-COLLISION,1,VAN,N,34,1,GOING STRAIGHT,APPARENTLY NORMAL,Null,Null,Null,ELK,Null,Null,Null,Null,Null,Null,Null,Null,Null,Null,Null,Null,DRY,DARK - NO LIGHTING,ANIMAL IN ROADWAY,NHP,2235485,Null,Null,Null,2016-03-26T11:19:00.000Z,{8C4CEFEF-3BC5-480B-BC83-BE90002C3AF5}
328612,260730.8275,4378953.678,39.53,-119.8,2016-03-26,DOG,PROPERTY DAMAGE ONLY,WASHOE,Sat Mar 26 00:00:00 PDT 2016,Sun Dec 31 19:38:00 PST 1899,19:38:00,IR580N,2640,N,MILE MARKER 24.59,CLEAR,-9999,-9999,PDO,Null,NON-COLLISION,1,"HATCHBACK, 4 DOOR",N,25,-9999,GOING STRAIGHT,APPARENTLY NORMAL,Null,Null,Null,DOG/COYOTE,Null,Null,Null,Null,Null,Null,Null,Null,Null,Null,Null,Null,WET,DARK - SPOT LIGHTING,NONE,NHP,2235523,Null,Null,Null,2016-03-27T02:38:00.000Z,{EA5F6801-A23A-4B8E-8CF4-1F78E6BCF5F3}
361806,244540.0833,4393172.952,39.65,-120,2016-05-14,DEER,PROPERTY DAMAGE ONLY,WASHOE,Sat May 14 00:00:00 PDT 2016,Sun Dec 31 01:25:00 PST 1899,1:25:00,US395N,20,S,MILE MARKER 40,CLEAR,-9999,-9999,PDO,Null,NON-COLLISION,1,"SEDAN, 4 DOOR",N,24,2,GOING STRAIGHT,APPARENTLY NORMAL,Null,Null,Null,DEER,Null,Null,Null,Null,Null,Null,Null,Null,Null,Null,Null,Null,DRY,DARK - UNKNOWN LIGHTING,ANIMAL IN ROADWAY,NHP,2356673,Null,Null,Null,2016-05-14T08:25:00.000Z,{F39E147B-7948-489B-A513-82BDEC3DBAD6}
363661,411739.5719,4160862.611,37.59,-118,2016-11-05,HORSE,PROPERTY DAMAGE ONLY,ESMERALDA,Sat Nov 05 00:00:00 PDT 2016,Sun Dec 31 06:30:00 PST 1899,6:30:00,SR264,2640,N,MILE MARKER 1,CLEAR,-9999,-9999,PDO,Null,NON-COLLISION,1,PICKUP,S,-9999,1,GOING STRAIGHT,APPARENTLY NORMAL,Null,OBJECT AVOIDANCE,Null,HORSE: HORSE,Null,Null,Null,Null,Null,Null,Null,Null,Null,Null,Null,Null,DRY,DARK - NO LIGHTING,ANIMAL IN ROADWAY,ESSO,2332685,Null,Null,Null,2016-11-05T13:30:00.000Z,{E038CDF1-15E7-4844-9E18-84F9C22BD773}
354883,253802.4293,4312984.176,38.93,-119.8,2016-11-05,DEER,PROPERTY DAMAGE ONLY,DOUGLAS,Sat Nov 05 00:00:00 PDT 2016,Sun Dec 31 08:30:00 PST 1899,8:30:00,SR206,0,Null,MOUNTAIN REACH CT,CLEAR,-9999,-9999,PDO,Null,NON-COLLISION,1,"SEDAN, 2 DOOR",S,-9999,-9999,GOING STRAIGHT,APPARENTLY NORMAL,Null,UNKNOWN,Null,DEER,Null,Null,Null,Null,Null,Null,Null,Null,Null,Null,Null,Null,Null,Null,Null,DCSO,2332561,Null,Null,Null,2016-11-05T15:30:00.000Z,{49BB504E-C7A5-43C8-888A-B68B98BFE472}
355699,667071.4092,4126909.282,37.27,-115.1,2016-11-05,DEER,INJURY CRASH,LINCOLN,Sat Nov 05 00:00:00 PDT 2016,Sun Dec 31 21:35:00 PST 1899,21:35:00,US93N,1584,S,MILE MARKER 32,CLEAR,-9999,2,Null,C,NON-COLLISION,1,"HATCHBACK, 4 DOOR",N,42,1,GOING STRAIGHT,APPARENTLY NORMAL,Null,RAN OFF ROAD,Null,DEER: RAN OFF ROAD LEFT: OVERTURN/ROLLOVER: DITCH,Null,Null,Null,Null,Null,Null,Null,Null,Null,Null,Null,Null,DRY,DARK - NO LIGHTING,ANIMAL IN ROADWAY,NHP,2339853,Null,Null,Null,2016-11-06T04:35:00.000Z,{C0875AC7-AA8B-4364-BF01-FBA767E1015F}
360003,600385.933,4519615.09,40.82,-115.8,2016-11-05,DEER,INJURY CRASH,ELKO,Sat Nov 05 00:00:00 PDT 2016,Sun Dec 31 20:02:00 PST 1899,20:02:00,IR80E,1500,W,MILE MARKER 22,CLEAR,-9999,1,Null,C,NON-COLLISION,1,"HATCHBACK, 4 DOOR",E,57,1,GOING STRAIGHT,APPARENTLY NORMAL,Null,Null,Null,DEER,Null,Null,Null,Null,Null,Null,Null,Null,Null,Null,Null,Null,DRY,DARK - NO LIGHTING,ANIMAL IN ROADWAY,NHP,2339850,Null,Null,Null,2016-11-06T03:02:00.000Z,{B9073C81-29A4-4DF3-9356-215AAAD75BCE}
364931,342650.1051,4372034.717,39.48,-118.8,2016-11-19,DEER,PROPERTY DAMAGE ONLY,CHURCHILL,Sat Nov 19 00:00:00 PST 2016,Sun Dec 31 20:51:00 PST 1899,20:51:00,US50,1470,W,MILE MARKER 18,CLEAR,-9999,-9999,PDO,Null,NON-COLLISION,1,CARRY-ALL,E,24,2,GOING STRAIGHT,APPARENTLY NORMAL,Null,Null,Null,DEER,Null,Null,Null,Null,Null,Null,Null,Null,Null,Null,Null,Null,DRY,DARK - NO LIGHTING,ANIMAL IN ROADWAY,NHP,2340693,Null,Null,Null,2016-11-20T04:51:00.000Z,{B346132D-AB68-4F39-B943-E74FBE95E227}
365096,346447.9731,4356609.77,39.35,-118.8,2016-11-19,DEER,PROPERTY DAMAGE ONLY,CHURCHILL,Sat Nov 19 00:00:00 PST 2016,Sun Dec 31 21:30:00 PST 1899,21:30:00,US95N,200,N,MILE MARKER 17,CLEAR,-9999,-9999,PDO,Null,NON-COLLISION,1,CARRY-ALL,S,34,1,GOING STRAIGHT,APPARENTLY NORMAL,Null,Null,Null,DEER,Null,Null,Null,Null,Null,Null,Null,Null,Null,Null,Null,Null,DRY,DARK - NO LIGHTING,ANIMAL IN ROADWAY,NHP,2340694,Null,Null,Null,2016-11-20T05:30:00.000Z,{8E58B4E9-34B0-4C31-8DA9-6D4A78D459AF}
352426,258296.5771,4343476.159,39.21,-119.8,2016-11-26,DEER,PROPERTY DAMAGE ONLY,CARSON CITY,Sat Nov 26 00:00:00 PST 2016,Sun Dec 31 20:43:00 PST 1899,20:43:00,IR580S,250,N,MILE MARKER 9,CLEAR,-9999,-9999,PDO,Null,NON-COLLISION,1,PICKUP,N,-9999,-9999,GOING STRAIGHT,APPARENTLY NORMAL,Null,Null,Null,DEER,Null,Null,Null,Null,Null,Null,Null,Null,Null,Null,Null,Null,Null,Null,Null,NHP,2341032,Null,Null,Null,2016-11-27T04:43:00.000Z,{A57FC1A0-8E7A-4EBD-9A30-D3FD3A2DDD66}
397964,286332.1403,4379626.658,39.54,-119.5,2016-10-01,HORSE,PROPERTY DAMAGE ONLY,STOREY,Sat Oct 01 00:00:00 PDT 2016,Sun Dec 31 03:45:00 PST 1899,3:45:00,SR439,3200,S,MILE MARKER 9,CLEAR,-9999,-9999,PDO,Null,NON-COLLISION,1,VAN,N,70,-9999,GOING STRAIGHT,Null,Null,OBJECT AVOIDANCE,Null,HORSE,Null,Null,Null,Null,Null,Null,Null,Null,Null,Null,Null,Null,DRY,DARK - NO LIGHTING,ANIMAL IN ROADWAY,NHP,2337770,Null,Null,Null,2016-10-01T10:45:00.000Z,{151785F0-819A-43E3-9272-4175C7F2EE9C}
354914,353826.629,4269549.29,38.56,-118.7,2016-10-01,BURRO,PROPERTY DAMAGE ONLY,MINERAL,Sat Oct 01 00:00:00 PDT 2016,Sun Dec 31 22:50:00 PST 1899,22:50:00,US95N,300,S,MILE MARKER 54,CLEAR,-9999,-9999,PDO,Null,NON-COLLISION,1,"SEDAN, 4 DOOR",S,75,1,GOING STRAIGHT,APPARENTLY NORMAL,Null,Null,Null,BURRO,Null,Null,Null,Null,Null,Null,Null,Null,Null,Null,Null,Null,DRY,DARK - NO LIGHTING,ANIMAL IN ROADWAY,NHP,2337815,Null,Null,Null,2016-10-02T05:50:00.000Z,{1AF1A89B-8710-4E11-8AA2-9AD3D27753EE}
355425,353826.629,4269549.29,38.56,-118.7,2016-10-01,BURRO,PROPERTY DAMAGE ONLY,MINERAL,Sat Oct 01 00:00:00 PDT 2016,Sun Dec 31 22:48:00 PST 1899,22:48:00,US95N,300,S,MILE MARKER 54,CLEAR,-9999,-9999,PDO,Null,NON-COLLISION,1,"SEDAN, 4 DOOR",N,32,1,GOING STRAIGHT,APPARENTLY NORMAL,Null,Null,Null,BURRO,Null,Null,Null,Null,Null,Null,Null,Null,Null,Null,Null,Null,DRY,DARK - NO LIGHTING,ANIMAL IN ROADWAY,NHP,2337810,Null,Null,Null,2016-10-02T05:48:00.000Z,{90B9E871-68B0-4149-9BDE-6454B57CD7B7}
355178,728343.8687,4187071.804,37.8,-114.4,2016-10-08,DEER,PROPERTY DAMAGE ONLY,LINCOLN,Sat Oct 08 00:00:00 PDT 2016,Sun Dec 31 07:08:00 PST 1899,7:08:00,US93N,1022,S,MILE MARKER 109,CLOUDY,-9999,-9999,PDO,Null,NON-COLLISION,1,"HARDTOP, 2 DOOR",N,40,1,GOING STRAIGHT,APPARENTLY NORMAL,Null,Null,Null,DEER,Null,Null,Null,Null,Null,Null,Null,Null,Null,Null,Null,Null,DRY,DAYLIGHT,ANIMAL IN ROADWAY,NHP,2338146,Null,Null,Null,2016-10-08T14:08:00.000Z,{FAABBDBB-7EF7-4ED5-B8D3-91B2BDE9B8F7}
355436,727762.3742,4190846.754,37.84,-114.4,2016-10-08,DEER,INJURY CRASH,LINCOLN,Sat Oct 08 00:00:00 PDT 2016,Sun Dec 31 21:08:00 PST 1899,21:08:00,US93N,1000,N,MILE MARKER 111,CLOUDY,-9999,1,Null,C,NON-COLLISION,1,PICKUP,S,48,-9999,GOING STRAIGHT,APPARENTLY NORMAL,Null,Null,Null,DEER,Null,Null,Null,Null,Null,Null,Null,Null,Null,Null,Null,Null,DRY,DARK - NO LIGHTING,ANIMAL IN ROADWAY,NHP,2338183,Null,Null,Null,2016-10-09T04:08:00.000Z,{5D260A62-778F-4F70-8FA9-9BE8739167E8}
360276,601276.5713,4611880.012,41.65,-115.8,2016-10-08,DEER,PROPERTY DAMAGE ONLY,ELKO,Sat Oct 08 00:00:00 PDT 2016,Sun Dec 31 07:11:00 PST 1899,7:11:00,SR225,1056,N,MILE MARKER 90,CLEAR,-9999,-9999,PDO,Null,NON-COLLISION,1,PICKUP,N,34,1,GOING STRAIGHT,APPARENTLY NORMAL,Null,UNKNOWN,Null,DEER,Null,Null,Null,Null,Null,Null,Null,Null,Null,Null,Null,Null,DRY,DAYLIGHT,ANIMAL IN ROADWAY,NHP,2338147,Null,Null,Null,2016-10-08T14:11:00.000Z,{5F70A6B4-08F9-46E4-99BC-218A8B2A4D26}
368143,681897.9077,4008235.66,36.2,-115,2016-10-15,UNKNOWN,PROPERTY DAMAGE ONLY,CLARK,Sat Oct 15 00:00:00 PDT 2016,Sun Dec 31 20:45:00 PST 1899,20:45:00,SR147,2200,E,MILE MARKER 9,CLEAR,-9999,-9999,PDO,Null,NON-COLLISION,1,PICKUP,W,40,1,GOING STRAIGHT,APPARENTLY NORMAL,Null,OBJECT AVOIDANCE,Null,OTHER NON-COLLISION: RAN OFF ROAD RIGHT: OTHER MOVABLE OBJECT,Null,Null,Null,Null,Null,Null,Null,Null,Null,Null,Null,Null,DRY,DARK - NO LIGHTING,ANIMAL IN ROADWAY,NHP,2338593,Null,Null,Null,2016-10-16T03:45:00.000Z,{5DF00603-A7C7-468B-BD4B-13A451AABAF6}