OBJECTID,X,Y,Latitude,Longitude,Date,AnimalType,Crash_Seve,County,Crash_Date_Original,Crash_Time_Original,Crash_Time,Primary_St,Distance,Dir,Secondary_,Weather,Fatalities,Injured,Property_D,Injury_Typ,Crash_Type,Total_Vehi,V1_Type,V1_Dir,V1_Driver_,V1_Lane_Nu,V1_Action,V1_Driver1,V1_Drive_1,V1_Vehicle,V1_Most_Ha,V1_All_Eve,V2_Type,V2_Dir,V2_Driver_,V2_Lane_Nu,V2_Action,V2_Driver1,V2_Drive_1,V2_Vehicle,V2_Most_Ha,V2_All_Eve,First_Harm,Nonmotoris,Factors_Ro,Lighting,HWY_Factor,Agency,Accident_R,Pedalcycli,Pedestrian,Motorcycli,CrashDateT,GlobalID
356532,265135.9385,4316008.675,38.96,-119.7,2016-10-15,DEER,PROPERTY DAMAGE ONLY,DOUGLAS,Sat Oct 15 00:00:00 PDT 2016,Sun Dec 31 20:30:00 PST 1899,20:30:00,BUCKEYE RD,1584,W,EAST VALLEY RD,UNKNOWN,-9999,-9999,PDO,Null,NON-COLLISION,1,PICKUP,E,-9999,-9999,GOING STRAIGHT,APPARENTLY NORMAL,Null,OBJECT AVOIDANCE,Null,DEER,Null,Null,Null,Null,Null,Null,Null,Null,Null,Null,Null,Null,Null,Null,Null,DCSO,2332547,Null,Null,Null,2016-10-16T03:30:00.000Z,{493F9174-9584-4231-ACFC-E825CD2481A6}
360073,682020.2524,4571374.973,41.27,-114.8,2016-10-15,DEER,PROPERTY DAMAGE ONLY,ELKO,Sat Oct 15 00:00:00 PDT 2016,Sun Dec 31 20:31:00 PST 1899,20:31:00,US93N,528,N,MILE MARKER 88,CLOUDY,-9999,-9999,PDO,Null,NON-COLLISION,1,PICKUP,N,58,1,GOING STRAIGHT,APPARENTLY NORMAL,Null,Null,Null,DEER,Null,Null,Null,Null,Null,Null,Null,Null,Null,Null,Null,Null,DRY,DARK - NO LIGHTING,ANIMAL IN ROADWAY,NHP,2338596,Null,Null,Null,2016-10-16T03:31:00.000Z,{A50179DF-A705-403B-9218-F58A02657EA4}
360149,687891.1641,4588410.344,41.43,-114.8,2016-10-15,DEER,INJURY CRASH,ELKO,Sat Oct 15 00:00:00 PDT 2016,Sun Dec 31 21:25:00 PST 1899,21:25:00,US93N,1056,S,MILE MARKER 100,"CLOUDY: FOG, SMOG, SMOKE",-9999,1,Null,C,NON-COLLISION,1,SEDAN,N,41,1,GOING STRAIGHT,APPARENTLY NORMAL,Null,Null,Null,DEER,Null,Null,Null,Null,Null,Null,Null,Null,Null,Null,Null,Null,DRY,DARK - NO LIGHTING,ANIMAL IN ROADWAY,NHP,2338601,Null,Null,Null,2016-10-16T04:25:00.000Z,{27B97F92-505A-44FA-8E78-22CECD992B02}
360117,573814.0395,4507865.168,40.72,-116.1,2016-10-22,DEER,PROPERTY DAMAGE ONLY,ELKO,Sat Oct 22 00:00:00 PDT 2016,Sun Dec 31 00:20:00 PST 1899,0:20:00,IR80E,749,W,MILE MARKER 2,CLEAR,-9999,-9999,PDO,Null,NON-COLLISION,1,PICKUP,E,21,2,GOING STRAIGHT,APPARENTLY NORMAL,Null,Null,Null,DEER,Null,Null,Null,Null,Null,Null,Null,Null,Null,Null,Null,Null,DRY,DARK - NO LIGHTING,ANIMAL IN ROADWAY,NHP,2338987,Null,Null,Null,2016-10-22T07:20:00.000Z,{2E57824C-FF4F-4122-BA9A-0E2E9BD2EF24}
352938,297603.6004,4409354.742,39.81,-119.4,2016-09-03,DEER,INJURY CRASH,WASHOE,Sat Sep 03 00:00:00 PDT 2016,Sun Dec 31 00:00:00 PST 1899,0:00:00,SR447,800,N,VALLEY RD,CLEAR,-9999,1,Null,C,NON-COLLISION,1,"SEDAN, 4 DOOR",S,30,1,GOING STRAIGHT,APPARENTLY NORMAL,Null,UNKNOWN,Null,DEER,Null,Null,Null,Null,Null,Null,Null,Null,Null,Null,Null,Null,DRY,DARK - SPOT LIGHTING,ANIMAL IN ROADWAY,PDTP,2331395,Null,Null,Null,2016-09-03T07:00:00.000Z,{0EA73741-1328-4B36-B454-5521F4E38820}
352782,672649.315,4353569.485,39.31,-115,2016-09-03,DEER,PROPERTY DAMAGE ONLY,WHITE PINE,Sat Sep 03 00:00:00 PDT 2016,Sun Dec 31 03:27:00 PST 1899,3:27:00,US50,1359,W,MILE MARKER 59,CLEAR,-9999,-9999,PDO,Null,NON-COLLISION,1,PICKUP,W,34,1,GOING STRAIGHT,APPARENTLY NORMAL,Null,OBJECT AVOIDANCE,Null,DEER,Null,Null,Null,Null,Null,Null,Null,Null,Null,Null,Null,Null,DRY,DARK - NO LIGHTING,ANIMAL IN ROADWAY,NHP,2329098,Null,Null,Null,2016-09-03T10:27:00.000Z,{8056E5B1-EE6D-4D11-8866-4243A4049F06}
353890,264207.3268,4377421.888,39.51,-119.7,2016-09-03,DEER,PROPERTY DAMAGE ONLY,WASHOE,Sat Sep 03 00:00:00 PDT 2016,Sun Dec 31 08:40:00 PST 1899,8:40:00,SR659,1056,N,MILL ST,CLEAR,-9999,-9999,PDO,Null,NON-COLLISION,1,CARRY-ALL,N,42,3,GOING STRAIGHT,APPARENTLY NORMAL,Null,OBJECT AVOIDANCE,Null,DEER,Null,Null,Null,Null,Null,Null,Null,Null,Null,Null,Null,Null,DRY,DAYLIGHT,NONE,NHP,2329104,Null,Null,Null,2016-09-03T15:40:00.000Z,{B331CF43-77E2-4DD4-9AAB-4425BBE34C42}
353113,692654.083,4395862.817,39.69,-114.8,2016-09-10,ELK,PROPERTY DAMAGE ONLY,WHITE PINE,Sat Sep 10 00:00:00 PDT 2016,Sun Dec 31 20:30:00 PST 1899,20:30:00,US93N,1056,N,MILE MARKER 85,CLEAR,-9999,-9999,PDO,Null,NON-COLLISION,1,"SEDAN, 4 DOOR",S,67,1,GOING STRAIGHT,APPARENTLY NORMAL,Null,Null,Null,ELK,Null,Null,Null,Null,Null,Null,Null,Null,Null,Null,Null,Null,DRY,DARK - NO LIGHTING,ANIMAL IN ROADWAY,NHP,2329500,Null,Null,Null,2016-09-11T03:30:00.000Z,{D2D0624D-07CB-4065-9BF3-E57D0E9F4724}
353022,431635.242,4145738.375,37.46,-117.8,2016-09-10,CATTLE,INJURY CRASH,ESMERALDA,Sat Sep 10 00:00:00 PDT 2016,Sun Dec 31 21:45:00 PST 1899,21:45:00,SR266,107,E,MILE MARKER 4,CLEAR,-9999,1,Null,B,NON-COLLISION,1,PICKUP,W,41,1,GOING STRAIGHT,APPARENTLY NORMAL,Null,Null,Null,CATTLE,Null,Null,Null,Null,Null,Null,Null,Null,Null,Null,Null,Null,DRY,DARK - NO LIGHTING,ANIMAL IN ROADWAY,NHP,2329501,Null,Null,Null,2016-09-11T04:45:00.000Z,{E6C2A059-9179-480D-9231-21C1B6B3CF6E}
362503,588500.5021,4015293.743,36.28,-116,2016-09-10,BURRO,PROPERTY DAMAGE ONLY,NYE,Sat Sep 10 00:00:00 PDT 2016,Sun Dec 31 04:51:00 PST 1899,4:51:00,SIMKINS RD,0,Null,BLAGG RD,UNKNOWN,-9999,-9999,PDO,Null,NON-COLLISION,1,PICKUP,W,-9999,-9999,UNKNOWN,Null,Null,UNKNOWN,Null,BURRO,Null,Null,Null,Null,Null,Null,Null,Null,Null,Null,Null,Null,Null,Null,Null,NYSO,2360216,Null,Null,Null,2016-09-10T11:51:00.000Z,{4F67C3EC-DF0E-43D5-A66D-E4444F0604F8}
352658,653918.2145,4154615.698,37.53,-115.3,2016-09-10,ANTELOPE,PROPERTY DAMAGE ONLY,LINCOLN,Sat Sep 10 00:00:00 PDT 2016,Sun Dec 31 20:44:00 PST 1899,20:44:00,SR375,2000,N,MILE MARKER 47,CLOUDY,-9999,-9999,PDO,Null,NON-COLLISION,1,"HARDTOP, 4 DOOR",N,59,1,GOING STRAIGHT,APPARENTLY NORMAL,Null,Null,Null,ANTELOPE,Null,Null,Null,Null,Null,Null,Null,Null,Null,Null,Null,Null,DRY,DARK - NO LIGHTING,ANIMAL IN ROADWAY,NHP,2329503,Null,Null,Null,2016-09-11T03:44:00.000Z,{912E1876-319A-4CE8-BC1E-6A6679626029}
352591,685915.3745,4350397.664,39.28,-114.8,2016-09-17,DEER,PROPERTY DAMAGE ONLY,WHITE PINE,Sat Sep 17 00:00:00 PDT 2016,Sun Dec 31 21:11:00 PST 1899,21:11:00,US93N,1056,N,MILE MARKER 56,CLEAR,-9999,-9999,PDO,Null,NON-COLLISION,1,"SEDAN, 4 DOOR",N,65,-9999,GOING STRAIGHT,APPARENTLY NORMAL,Null,OBJECT AVOIDANCE,Null,DEER,Null,Null,Null,Null,Null,Null,Null,Null,Null,Null,Null,Null,DRY,DARK - NO LIGHTING,ANIMAL IN ROADWAY,NHP,2329867,Null,Null,Null,2016-09-18T04:11:00.000Z,{AE2AC393-798D-4FBF-B38B-B23CC4CE5AF8}
354357,441161.8598,4634544.289,41.86,-117.7,2016-09-17,CATTLE,INJURY CRASH,HUMBOLDT,Sat Sep 17 00:00:00 PDT 2016,Sun Dec 31 01:30:00 PST 1899,1:30:00,US95N,1000,N,MILE MARKER 64,CLOUDY,-9999,1,Null,C,NON-COLLISION,1,CARRY-ALL,S,19,-9999,GOING STRAIGHT,Null,Null,DROVE LEFT OF CENTER: RAN OFF ROAD,Null,"RAN OFF ROAD LEFT: OTHER POST, POLE OR SUPPORT: OTHER POST, POLE OR SUPPORT: EMBANKMENT",Null,Null,Null,Null,Null,Null,Null,Null,Null,Null,Null,Null,DRY,DARK - NO LIGHTING,ANIMAL IN ROADWAY,NHP,2329839,Null,Null,Null,2016-09-17T08:30:00.000Z,{04A556DF-CE45-4C5C-8067-5636A50719D5}
334399,684842.7766,4553590.48,41.11,-114.8,2016-04-03,DEER,PROPERTY DAMAGE ONLY,ELKO,Sun Apr 03 00:00:00 PDT 2016,Sun Dec 31 09:58:00 PST 1899,9:58:00,IR80E,2640,E,MILE MARKER 82,CLOUDY,-9999,-9999,PDO,Null,NON-COLLISION,1,PICKUP,W,43,2,GOING STRAIGHT,APPARENTLY NORMAL,Null,OBJECT AVOIDANCE,Null,DEER,Null,Null,Null,Null,Null,Null,Null,Null,Null,Null,Null,Null,DRY,DAYLIGHT,NONE,NHP,2235943,Null,Null,Null,2016-04-03T16:58:00.000Z,{956001BB-9988-4CF6-AFE7-95F69A496CB0}
328808,710655.2066,4236301.673,38.25,-114.6,2016-04-10,DEER,PROPERTY DAMAGE ONLY,LINCOLN,Sun Apr 10 00:00:00 PDT 2016,Sun Dec 31 08:00:00 PST 1899,8:00:00,US93N,140,S,MILE MARKER 143,CLOUDY,-9999,-9999,PDO,Null,NON-COLLISION,1,SEDAN,S,80,1,GOING STRAIGHT,APPARENTLY NORMAL,Null,Null,Null,DEER,Null,Null,Null,Null,Null,Null,Null,Null,Null,Null,Null,Null,DRY,DAYLIGHT,ANIMAL IN ROADWAY,NHP,2236412,Null,Null,Null,2016-04-10T15:00:00.000Z,{EC4B511B-ACFF-4F41-8057-133AF7F90B3E}
335098,484208.3415,4269178.725,38.57,-117.2,2016-04-10,ANTELOPE,PROPERTY DAMAGE ONLY,NYE,Sun Apr 10 00:00:00 PDT 2016,Sun Dec 31 21:00:00 PST 1899,21:00:00,SR376,100,N,SR377,CLEAR,-9999,-9999,PDO,Null,NON-COLLISION,1,"SEDAN, 4 DOOR",N,21,-9999,NOT REPORTED,OTHER IMPROPER DRIVING,Null,OBJECT AVOIDANCE,Null,RAN OFF ROAD RIGHT,Null,Null,Null,Null,Null,Null,Null,Null,Null,Null,Null,Null,DRY,DARK - NO LIGHTING,ANIMAL IN ROADWAY,NYSO,2238580,Null,Null,Null,2016-04-11T04:00:00.000Z,{D6102378-FA58-4E08-B598-8763489C56FB}
361933,500083.9935,4473123.459,40.41,-117,2016-04-17,CATTLE,PROPERTY DAMAGE ONLY,LANDER,Sun Apr 17 00:00:00 PDT 2016,Sun Dec 31 08:43:00 PST 1899,8:43:00,JENKINS RD,17560,N,SR305,CLEAR,-9999,-9999,PDO,Null,NON-COLLISION,1,"SEDAN, 2 DOOR",U,-9999,-9999,UNKNOWN,Null,Null,Null,Null,CATTLE,Null,Null,Null,Null,Null,Null,Null,Null,Null,Null,Null,Null,SNOW,UNKNOWN,UNKNOWN,LASO,2353211,Null,Null,Null,2016-04-17T15:43:00.000Z,{A17F8176-B613-4973-8C53-192D01395D88}
328599,402495.6952,4251114.439,38.4,-118.1,2016-04-17,BURRO,PROPERTY DAMAGE ONLY,MINERAL,Sun Apr 17 00:00:00 PDT 2016,Sun Dec 31 21:20:00 PST 1899,21:20:00,US95N,1056,S,MILE MARKER 17,CLEAR,-9999,-9999,PDO,Null,NON-COLLISION,1,"TRACTOR TRUCK, DIESEL",N,41,1,GOING STRAIGHT,APPARENTLY NORMAL,Null,Null,Null,OTHER ANIMAL,Null,Null,Null,Null,Null,Null,Null,Null,Null,Null,Null,Null,DRY,DARK - NO LIGHTING,NONE,NHP,2236765,Null,Null,Null,2016-04-18T04:20:00.000Z,{C29E4297-2722-43A5-97FC-C200768517BE}
333316,734837.8872,4333300.554,39.12,-114.3,2016-04-24,DEER,PROPERTY DAMAGE ONLY,WHITE PINE,Sun Apr 24 00:00:00 PDT 2016,Sun Dec 31 19:23:00 PST 1899,19:23:00,US6,950,E,MILE MARKER 88,CLOUDY,-9999,-9999,PDO,Null,NON-COLLISION,1,PICKUP,W,36,1,GOING STRAIGHT,APPARENTLY NORMAL,Null,OBJECT AVOIDANCE,Null,DEER,Null,Null,Null,Null,Null,Null,Null,Null,Null,Null,Null,Null,DRY,DARK - NO LIGHTING,ANIMAL IN ROADWAY,NHP,2237117,Null,Null,Null,2016-04-25T02:23:00.000Z,{C584A587-4A42-4500-9553-DC4F63FB06D1}
347118,346480.9545,4357838.85,39.36,-118.8,2016-08-07,DEER,PROPERTY DAMAGE ONLY,CHURCHILL,Sun Aug 07 00:00:00 PDT 2016,Sun Dec 31 20:28:00 PST 1899,20:28:00,US95N,1000,S,MILE MARKER 18,CLEAR,-9999,-9999,PDO,Null,NON-COLLISION,1,"SEDAN, 4 DOOR",S,31,1,GOING STRAIGHT,APPARENTLY NORMAL,Null,Null,Null,DEER,Null,Null,Null,Null,Null,Null,Null,Null,Null,Null,Null,Null,DRY,DARK - NO LIGHTING,ANIMAL IN ROADWAY,NHP,2327604,Null,Null,Null,2016-08-08T03:28:00.000Z,{48319232-39A7-4137-91D9-DB9D6FBE2F62}
346711,434935.6158,4374198.44,39.51,-117.8,2016-08-14,CATTLE,PROPERTY DAMAGE ONLY,CHURCHILL,Sun Aug 14 00:00:00 PDT 2016,Sun Dec 31 22:21:00 PST 1899,22:21:00,US50,3168,W,MILE MARKER 91,CLEAR,-9999,-9999,PDO,Null,NON-COLLISION,1,"TRACTOR TRUCK, GASOLINE",W,65,1,GOING STRAIGHT,APPARENTLY NORMAL,Null,Null,Null,CATTLE,Null,Null,Null,Null,Null,Null,Null,Null,Null,Null,Null,Null,DRY,DARK - NO LIGHTING,ANIMAL IN ROADWAY,NHP,2328000,Null,Null,Null,2016-08-15T05:21:00.000Z,{FD62A014-FD1C-4937-830F-960293972A80}
413197,285421.1068,4355070.413,39.32,-119.5,2016-08-14,BEAR,PROPERTY DAMAGE ONLY,LYON,Sun Aug 14 00:00:00 PDT 2016,Sun Dec 31 22:20:00 PST 1899,22:20:00,US50,500,E,CHAVES RD,CLEAR,-9999,-9999,PDO,Null,NON-COLLISION,1,UTILITY,E,61,2,GOING STRAIGHT,APPARENTLY NORMAL,Null,Null,Null,BEAR,Null,Null,Null,Null,Null,Null,Null,Null,Null,Null,Null,Null,DRY,DARK - NO LIGHTING,ANIMAL IN ROADWAY,NHP,2327995,Null,Null,Null,2016-08-15T05:20:00.000Z,{2A8BD2F7-1BE9-4A9C-935A-D4992BF6ED9F}
349627,647414.6875,4504372.5,40.68,-115.3,2016-08-28,DEER,PROPERTY DAMAGE ONLY,ELKO,Sun Aug 28 00:00:00 PDT 2016,Sun Dec 31 19:30:00 PST 1899,19:30:00,SR229,500,S,MILE MARKER 32,CLEAR,-9999,-9999,PDO,Null,NON-COLLISION,1,VAN,S,36,1,GOING STRAIGHT,APPARENTLY NORMAL,Null,Null,Null,DEER,Null,Null,Null,Null,Null,Null,Null,Null,Null,Null,Null,Null,DRY,DARK - NO LIGHTING,ANIMAL IN ROADWAY,NHP,2328775,Null,Null,Null,2016-08-29T02:30:00.000Z,{A65DE199-BA03-492D-9E99-73A1DDFDEA39}
360116,703729.6374,4550255.242,41.08,-114.6,2016-12-04,DEER,PROPERTY DAMAGE ONLY,ELKO,Sun Dec 04 00:00:00 PST 2016,Sun Dec 31 19:05:00 PST 1899,19:05:00,IR80E,528,E,MILE MARKER 95,CLOUDY,-9999,-9999,PDO,Null,NON-COLLISION,1,PICKUP,E,19,1,GOING STRAIGHT,APPARENTLY NORMAL,Null,Null,Null,DEER,Null,Null,Null,Null,Null,Null,Null,Null,Null,Null,Null,Null,DRY,DARK - SPOT LIGHTING,ANIMAL IN ROADWAY,NHP,2341509,Null,Null,Null,2016-12-05T03:05:00.000Z,{7CE0E9AC-34E9-4DDA-B01C-A065C4DC0CF6}
364847,271846.9058,4346106.509,39.23,-119.6,2016-12-18,HORSE,PROPERTY DAMAGE ONLY,LYON,Sun Dec 18 00:00:00 PST 2016,Sun Dec 31 21:17:00 PST 1899,21:17:00,SR341,500,N,MILE MARKER 1,CLOUDY,-9999,-9999,PDO,Null,NON-COLLISION,1,SEDAN,S,59,1,GOING STRAIGHT,APPARENTLY NORMAL,Null,Null,Null,HORSE,Null,Null,Null,Null,Null,Null,Null,Null,Null,Null,Null,Null,DRY,DARK - NO LIGHTING,ANIMAL IN ROADWAY,NHP,2342458,Null,Null,Null,2016-12-19T05:17:00.000Z,{28A6638B-FBC5-4755-B899-63A553638030}
364854,273359.3628,4344812.774,39.22,-119.6,2016-12-18,HORSE,PROPERTY DAMAGE ONLY,LYON,Sun Dec 18 00:00:00 PST 2016,Sun Dec 31 23:26:00 PST 1899,23:26:00,US50,1200,E,MILE MARKER 3,CLEAR,-9999,-9999,PDO,Null,NON-COLLISION,1,VAN,W,27,1,GOING STRAIGHT,APPARENTLY NORMAL,Null,Null,Null,HORSE,Null,Null,Null,Null,Null,Null,Null,Null,Null,Null,Null,Null,DRY,DARK - NO LIGHTING,ANIMAL IN ROADWAY,NHP,2342459,Null,Null,Null,2016-12-19T07:26:00.000Z,{B6CE0020-F818-4F9E-A267-0C675A605BA3}
355186,627221.5757,4028936.995,36.4,-115.6,2016-12-25,ELK,PROPERTY DAMAGE ONLY,CLARK,Sun Dec 25 00:00:00 PST 2016,Sun Dec 31 17:36:00 PST 1899,17:36:00,SR156,700,E,MILE MARKER 9,UNKNOWN,-9999,-9999,PDO,Null,NON-COLLISION,1,"HARDTOP, 2 DOOR",E,23,-9999,GOING STRAIGHT,APPARENTLY NORMAL,Null,Null,Null,ELK,Null,Null,Null,Null,Null,Null,Null,Null,Null,Null,Null,Null,Null,DARK - NO LIGHTING,ANIMAL IN ROADWAY,NHP,2342934,Null,Null,Null,2016-12-26T01:36:00.000Z,{75B9ECFC-C6BD-4AF8-94AF-9C122C023264}
366889,468408.4566,4144274.255,37.44,-117.4,2016-12-25,CATTLE,PROPERTY DAMAGE ONLY,ESMERALDA,Sun Dec 25 00:00:00 PST 2016,Sun Dec 31 19:04:00 PST 1899,19:04:00,SR266,528,E,MILE MARKER 29,CLOUDY,-9999,-9999,PDO,Null,NON-COLLISION,1,UTILITY,E,-9999,-9999,GOING STRAIGHT,APPARENTLY NORMAL,Null,DRIVING TOO FAST FOR CONDITIONS,Null,CATTLE,Null,Null,Null,Null,Null,Null,Null,Null,Null,Null,Null,Null,Null,Null,Null,ESSO,2332689,Null,Null,Null,2016-12-26T03:04:00.000Z,{FDC8B33D-4745-493F-9CD8-EFAAE48B9E61}
357451,641175.6731,3999132.827,36.13,-115.4,2016-12-25,BURRO,PROPERTY DAMAGE ONLY,CLARK,Sun Dec 25 00:00:00 PST 2016,Sun Dec 31 17:20:00 PST 1899,17:20:00,SR159,400,W,MILE MARKER 10,CLEAR,-9999,-9999,PDO,Null,NON-COLLISION,1,"HATCHBACK, 4 DOOR",W,48,1,GOING STRAIGHT,APPARENTLY NORMAL,Null,Null,Null,BURRO: BURRO,Null,Null,Null,Null,Null,Null,Null,Null,Null,Null,Null,Null,DRY,DARK - NO LIGHTING,NONE,NHP,2342933,Null,Null,Null,2016-12-26T01:20:00.000Z,{4EBF0C12-7923-4165-9B96-8689E4ACBE13}
316792,641118.1069,3992162.857,36.06,-115.4,2016-02-07,BURRO,PROPERTY DAMAGE ONLY,CLARK,Sun Feb 07 00:00:00 PST 2016,Sun Dec 31 18:30:00 PST 1899,18:30:00,SR159,1000,S,BONNIE SPRINGS RD,CLEAR,-9999,-9999,PDO,Null,NON-COLLISION,1,CARRY-ALL,S,63,1,GOING STRAIGHT,APPARENTLY NORMAL,Null,Null,Null,BURRO,Null,Null,Null,Null,Null,Null,Null,Null,Null,Null,Null,Null,DRY,DARK - NO LIGHTING,NONE,NHP,2226353,Null,Null,Null,2016-02-08T02:30:00.000Z,{5DED74C7-8766-41B1-B083-09CE21E423CA}
336101,254545.4113,4346632.423,39.23,-119.8,2016-02-14,BURRO,PROPERTY DAMAGE ONLY,WASHOE,Sun Feb 14 00:00:00 PST 2016,Sun Dec 31 04:46:00 PST 1899,4:46:00,FRANKTOWN RD,2640,S,MILE MARKER 2,CLEAR,-9999,-9999,PDO,Null,NON-COLLISION,1,VAN,S,26,1,GOING STRAIGHT,APPARENTLY NORMAL,Null,Null,Null,BURRO,Null,Null,Null,Null,Null,Null,Null,Null,Null,Null,Null,Null,DRY,DARK - NO LIGHTING,ANIMAL IN ROADWAY,WASO,2310931,Null,Null,Null,2016-02-14T12:46:00.000Z,{4AD642DC-AB59-4737-A4E1-F3AE006884D5}
325388,727394.861,4197601.628,37.9,-114.4,2016-02-21,DEER,PROPERTY DAMAGE ONLY,LINCOLN,Sun Feb 21 00:00:00 PST 2016,Sun Dec 31 00:16:00 PST 1899,0:16:00,US93N,2615,S,MILE MARKER 116,CLOUDY,-9999,-9999,PDO,Null,NON-COLLISION,1,UTILITY,N,41,1,GOING STRAIGHT,APPARENTLY NORMAL,Null,Null,Null,DEER,Null,Null,Null,Null,Null,Null,Null,Null,Null,Null,Null,Null,DRY,DARK - NO LIGHTING,ANIMAL IN ROADWAY,NHP,2227017,Null,Null,Null,2016-02-21T08:16:00.000Z,{DF33389B-671E-4BD2-9093-6A5C36F85ACA}
325471,683636.2677,4622352.763,41.73,-114.8,2016-02-28,DEER,PROPERTY DAMAGE ONLY,ELKO,Sun Feb 28 00:00:00 PST 2016,Sun Dec 31 13:40:00 PST 1899,13:40:00,US93N,400,N,MILE MARKER 122,CLEAR,-9999,-9999,PDO,Null,NON-COLLISION,1,CARRY-ALL,S,40,1,GOING STRAIGHT,APPARENTLY NORMAL,Null,OBJECT AVOIDANCE,Null,DEER,Null,Null,Null,Null,Null,Null,Null,Null,Null,Null,Null,Null,DRY,DAYLIGHT,ANIMAL IN ROADWAY,NHP,2227304,Null,Null,Null,2016-02-28T21:40:00.000Z,{BE47F7BB-9C5D-4103-84B9-4B2B9705AF8F}
319954,550455.0993,4500911.383,40.66,-116.4,2016-01-03,DEER,PROPERTY DAMAGE ONLY,EUREKA,Sun Jan 03 00:00:00 PST 2016,Sun Dec 31 23:31:00 PST 1899,23:31:00,IR80E,264,W,MILE MARKER 11,CLOUDY,-9999,-9999,PDO,Null,NON-COLLISION,1,PICKUP,E,25,2,GOING STRAIGHT,APPARENTLY NORMAL,Null,OBJECT AVOIDANCE,Null,DEER,Null,Null,Null,Null,Null,Null,Null,Null,Null,Null,Null,Null,DRY,DARK - NO LIGHTING,ANIMAL IN ROADWAY,NHP,2215041,Null,Null,Null,2016-01-04T07:31:00.000Z,{61FDDA8F-77D1-4ADB-9AD5-692CC1514C00}
320023,620932.8612,4022565.348,36.34,-115.7,2016-01-03,DEER,PROPERTY DAMAGE ONLY,CLARK,Sun Jan 03 00:00:00 PST 2016,Sun Dec 31 23:00:00 PST 1899,23:00:00,SR156,2000,E,MILE MARKER 3,CLEAR,-9999,-9999,PDO,Null,NON-COLLISION,1,STATION WAGON,E,23,1,GOING STRAIGHT,"FELL ASLEEP, FAINTED, FATIGUED, ETC.",Null,RAN OFF ROAD: OBJECT AVOIDANCE,Null,DEER: RAN OFF ROAD RIGHT: TREE/SHRUB,Null,Null,Null,Null,Null,Null,Null,Null,Null,Null,Null,Null,DRY,DARK - NO LIGHTING,ANIMAL IN ROADWAY,NHP,2224393,Null,Null,Null,2016-01-04T07:00:00.000Z,{280A4ECB-140E-4DBB-94C4-20907023935C}
320158,472875.1057,4543023.046,41.04,-117.3,2016-01-10,CATTLE,PROPERTY DAMAGE ONLY,HUMBOLDT,Sun Jan 10 00:00:00 PST 2016,Sun Dec 31 18:37:00 PST 1899,18:37:00,SR789,2112,W,MILE MARKER 13,CLOUDY,-9999,-9999,PDO,Null,NON-COLLISION,1,BUS,E,24,1,GOING STRAIGHT,APPARENTLY NORMAL,Null,OBJECT AVOIDANCE,Null,CATTLE,Null,Null,Null,Null,Null,Null,Null,Null,Null,Null,Null,Null,DRY,DARK - NO LIGHTING,ANIMAL IN ROADWAY,NHP,2224746,Null,Null,Null,2016-01-11T02:37:00.000Z,{E9209F58-0DA8-430B-A172-9DC593B3199E}
320381,569359.1345,4504686.995,40.69,-116.2,2016-01-17,DEER,PROPERTY DAMAGE ONLY,EUREKA,Sun Jan 17 00:00:00 PST 2016,Sun Dec 31 22:45:00 PST 1899,22:45:00,IR80W,387,W,MILE MARKER 24,CLEAR,-9999,-9999,PDO,Null,NON-COLLISION,1,PICKUP,W,57,2,GOING STRAIGHT,APPARENTLY NORMAL,Null,Null,Null,DEER,Null,Null,Null,Null,Null,Null,Null,Null,Null,Null,Null,Null,DRY,DARK - NO LIGHTING,ANIMAL IN ROADWAY,NHP,2225290,Null,Null,Null,2016-01-18T06:45:00.000Z,{11BBA90C-675C-40D3-B832-D09DA6F33E3B}
324826,734150.6378,4470260.863,40.35,-114.2,2016-01-24,HORSE,PROPERTY DAMAGE ONLY,ELKO,Sun Jan 24 00:00:00 PST 2016,Sun Dec 31 18:26:00 PST 1899,18:26:00,US93AN,3696,N,MILE MARKER 23,CLOUDY,-9999,-9999,PDO,Null,NON-COLLISION,1,"SEDAN, 4 DOOR",N,22,1,GOING STRAIGHT,APPARENTLY NORMAL,Null,Null,Null,HORSE,Null,Null,Null,Null,Null,Null,Null,Null,Null,Null,Null,Null,DRY,DARK - NO LIGHTING,ANIMAL IN ROADWAY,NHP,2225487,Null,Null,Null,2016-01-25T02:26:00.000Z,{A43EB3EF-D875-4B4C-9A5D-30AC99CDBB21}