OBJECTID,X,Y,Latitude,Longitude,Date,AnimalType,Crash_Seve,County,Crash_Date_Original,Crash_Time_Original,Crash_Time,Primary_St,Distance,Dir,Secondary_,Weather,Fatalities,Injured,Property_D,Injury_Typ,Crash_Type,Total_Vehi,V1_Type,V1_Dir,V1_Driver_,V1_Lane_Nu,V1_Action,V1_Driver1,V1_Drive_1,V1_Vehicle,V1_Most_Ha,V1_All_Eve,V2_Type,V2_Dir,V2_Driver_,V2_Lane_Nu,V2_Action,V2_Driver1,V2_Drive_1,V2_Vehicle,V2_Most_Ha,V2_All_Eve,First_Harm,Nonmotoris,Factors_Ro,Lighting,HWY_Factor,Agency,Accident_R,Pedalcycli,Pedestrian,Motorcycli,CrashDateT,GlobalID
346767,289425.5298,4380614.011,39.55,-119.5,2016-07-03,HORSE,PROPERTY DAMAGE ONLY,STOREY,Sun Jul 03 00:00:00 PDT 2016,Sun Dec 31 09:55:00 PST 1899,9:55:00,MILAN DR,3765,E,ELECTRIC AVE,CLEAR,-9999,-9999,PDO,Null,NON-COLLISION,1,CARRY-ALL,E,46,1,GOING STRAIGHT,APPARENTLY NORMAL,Null,Null,Null,HORSE,Null,Null,Null,Null,Null,Null,Null,Null,Null,Null,Null,Null,DRY,DAYLIGHT,ANIMAL IN ROADWAY,STSO,2331785,Null,Null,Null,2016-07-03T16:55:00.000Z,{FBA77764-A844-4856-A067-489001CC9F53}
342955,727344.5818,4183245.929,37.77,-114.4,2016-07-03,DEER,PROPERTY DAMAGE ONLY,LINCOLN,Sun Jul 03 00:00:00 PDT 2016,Sun Dec 31 13:30:00 PST 1899,13:30:00,US93N,1584,N,MILE MARKER 106,CLEAR,-9999,-9999,PDO,Null,NON-COLLISION,1,CARRY-ALL,N,57,1,GOING STRAIGHT,APPARENTLY NORMAL,Null,Null,Null,DEER,Null,Null,Null,Null,Null,Null,Null,Null,Null,Null,Null,Null,DRY,DAYLIGHT,ANIMAL IN ROADWAY,NHP,2325751,Null,Null,Null,2016-07-03T20:30:00.000Z,{220C6867-2DB7-47DF-BCE4-6EF2932A1979}
359381,569824.9793,4428002.011,40,-116.2,2016-07-17,DEER,PROPERTY DAMAGE ONLY,EUREKA,Sun Jul 17 00:00:00 PDT 2016,Sun Dec 31 21:03:00 PST 1899,21:03:00,SR278,5,N,MILE MARKER 34,CLEAR,-9999,-9999,PDO,Null,NON-COLLISION,1,SEDAN,S,-9999,-9999,GOING STRAIGHT,APPARENTLY NORMAL,Null,Null,Null,DEER,Null,Null,Null,Null,Null,Null,Null,Null,Null,Null,Null,Null,Null,Null,Null,EUSO,2353180,Null,Null,Null,2016-07-18T04:03:00.000Z,{34966C34-8ACD-4F4E-9B82-AB89C757FD9A}
346029,245395.3288,4327470.738,39.06,-119.9,2016-07-24,DEER,PROPERTY DAMAGE ONLY,DOUGLAS,Sun Jul 24 00:00:00 PDT 2016,Sun Dec 31 01:50:00 PST 1899,1:50:00,US50,300,E,MILE MARKER 8,CLEAR,-9999,-9999,PDO,Null,NON-COLLISION,1,"SEDAN, 4 DOOR",E,21,2,GOING STRAIGHT,APPARENTLY NORMAL,Null,OBJECT AVOIDANCE,Null,DEER,Null,Null,Null,Null,Null,Null,Null,Null,Null,Null,Null,Null,DRY,DARK - NO LIGHTING,ANIMAL IN ROADWAY,NHP,2326831,Null,Null,Null,2016-07-24T08:50:00.000Z,{86795904-5479-4E5E-A285-991C6BFD031F}
340291,689979.0082,4360602.328,39.37,-114.8,2016-06-05,DEER,PROPERTY DAMAGE ONLY,WHITE PINE,Sun Jun 05 00:00:00 PDT 2016,Sun Dec 31 14:56:00 PST 1899,14:56:00,US93N,275,N,MILE MARKER 63,CLOUDY,-9999,-9999,PDO,Null,NON-COLLISION,1,"HATCHBACK, 2 DOOR",N,21,1,GOING STRAIGHT,APPARENTLY NORMAL,Null,Null,Null,DEER,Null,Null,Null,Null,Null,Null,Null,Null,Null,Null,Null,Null,DRY,DAYLIGHT,NONE,NHP,2324115,Null,Null,Null,2016-06-05T21:56:00.000Z,{10E2029A-DEF2-4A0F-9784-0F9B1DB84045}
340396,653579.7111,4513616.43,40.76,-115.2,2016-06-05,DEER,PROPERTY DAMAGE ONLY,ELKO,Sun Jun 05 00:00:00 PDT 2016,Sun Dec 31 20:48:00 PST 1899,20:48:00,SR229,50,N,MILE MARKER 25,CLEAR,-9999,-9999,PDO,Null,NON-COLLISION,1,UTILITY,N,40,1,GOING STRAIGHT,APPARENTLY NORMAL,Null,Null,Null,DEER,Null,Null,Null,Null,Null,Null,Null,Null,Null,Null,Null,Null,DRY,DARK - NO LIGHTING,ANIMAL IN ROADWAY,NHP,2324129,Null,Null,Null,2016-06-06T03:48:00.000Z,{DF0C5C79-F979-42E4-B636-C11AEA2E4447}
342067,441216.1438,4573247.131,41.31,-117.7,2016-06-12,DEER,PROPERTY DAMAGE ONLY,HUMBOLDT,Sun Jun 12 00:00:00 PDT 2016,Sun Dec 31 01:36:00 PST 1899,1:36:00,US95N,300,S,MILE MARKER 24,CLOUDY,-9999,-9999,PDO,Null,NON-COLLISION,1,"SEDAN, 4 DOOR",S,35,1,GOING STRAIGHT,APPARENTLY NORMAL,Null,OBJECT AVOIDANCE,Null,DEER,Null,Null,Null,Null,Null,Null,Null,Null,Null,Null,Null,Null,DRY,DARK - NO LIGHTING,ANIMAL IN ROADWAY,NHP,2324483,Null,Null,Null,2016-06-12T08:36:00.000Z,{9202ACD9-906E-430D-BDCF-978CB7059AD7}
340266,625824.0405,4028052.318,36.39,-115.6,2016-06-12,BURRO,PROPERTY DAMAGE ONLY,CLARK,Sun Jun 12 00:00:00 PDT 2016,Sun Dec 31 20:43:00 PST 1899,20:43:00,SR156,500,E,MILE MARKER 8,CLEAR,-9999,-9999,PDO,Null,NON-COLLISION,1,"HARDTOP, 4 DOOR",E,23,1,GOING STRAIGHT,APPARENTLY NORMAL,Null,Null,Null,BURRO,Null,Null,Null,Null,Null,Null,Null,Null,Null,Null,Null,Null,DRY,DARK - NO LIGHTING,ANIMAL IN ROADWAY,NHP,2324524,Null,Null,Null,2016-06-13T03:43:00.000Z,{EC486D07-FE3A-4D58-A350-03C79A4A3261}
325526,718285.4167,4165435.622,37.61,-114.5,2016-03-06,DEER,PROPERTY DAMAGE ONLY,LINCOLN,Sun Mar 06 00:00:00 PST 2016,Sun Dec 31 07:44:00 PST 1899,7:44:00,US93N,528,S,SR317,CLEAR,-9999,-9999,PDO,Null,NON-COLLISION,1,"SEDAN, 4 DOOR",S,56,1,GOING STRAIGHT,APPARENTLY NORMAL,Null,Null,Null,DEER,Null,Null,Null,Null,Null,Null,Null,Null,Null,Null,Null,Null,DRY,DAYLIGHT,ANIMAL IN ROADWAY,NHP,2227472,Null,Null,Null,2016-03-06T15:44:00.000Z,{1D48BE47-AF42-4A51-8344-49E376495FB0}
325527,700282.6478,4165412.72,37.61,-114.7,2016-03-06,DEER,PROPERTY DAMAGE ONLY,LINCOLN,Sun Mar 06 00:00:00 PST 2016,Sun Dec 31 07:00:00 PST 1899,7:00:00,US93N,100,S,MILE MARKER 80,CLEAR,-9999,-9999,PDO,Null,NON-COLLISION,1,SEDAN,S,77,1,GOING STRAIGHT,APPARENTLY NORMAL,Null,UNKNOWN,Null,DEER,Null,Null,Null,Null,Null,Null,Null,Null,Null,Null,Null,Null,DRY,DAYLIGHT,ANIMAL IN ROADWAY,NHP,2227474,Null,Null,Null,2016-03-06T15:00:00.000Z,{4EF1AFEE-8483-4AB8-8CE1-496B1931A1DC}
329016,709090.1402,4244196.676,38.32,-114.6,2016-03-20,HORSE,PROPERTY DAMAGE ONLY,LINCOLN,Sun Mar 20 00:00:00 PDT 2016,Sun Dec 31 21:30:00 PST 1899,21:30:00,US93N,120,N,MILE MARKER 148,CLEAR,-9999,-9999,PDO,Null,NON-COLLISION,1,PICKUP,N,61,-9999,GOING STRAIGHT,APPARENTLY NORMAL,Null,Null,Null,HORSE,Null,Null,Null,Null,Null,Null,Null,Null,Null,Null,Null,Null,DRY,DARK - NO LIGHTING,ANIMAL IN ROADWAY,NHP,2235237,Null,Null,Null,2016-03-21T04:30:00.000Z,{0B8CB229-118D-4636-963F-D9050C95E9D1}
332100,705965.3856,4282887.674,38.67,-114.6,2016-03-20,ELK,PROPERTY DAMAGE ONLY,LINCOLN,Sun Mar 20 00:00:00 PDT 2016,Sun Dec 31 23:51:00 PST 1899,23:51:00,US93N,2112,N,MILE MARKER 172,CLOUDY,-9999,-9999,PDO,Null,NON-COLLISION,1,PICKUP,N,17,1,GOING STRAIGHT,APPARENTLY NORMAL,Null,DROVE LEFT OF CENTER,Null,ELK,Null,Null,Null,Null,Null,Null,Null,Null,Null,Null,Null,Null,DRY,DARK - NO LIGHTING,ANIMAL IN ROADWAY,NHP,2235239,Null,Null,Null,2016-03-21T06:51:00.000Z,{EC1B9E0E-0339-4435-A396-6891D11ADAE1}
329302,707961.8759,4548538.977,41.06,-114.5,2016-03-20,DEER,PROPERTY DAMAGE ONLY,ELKO,Sun Mar 20 00:00:00 PDT 2016,Sun Dec 31 20:37:00 PST 1899,20:37:00,IR80E,0,Null,MILE MARKER 98,CLOUDY,-9999,-9999,PDO,Null,NON-COLLISION,1,"TRACTOR TRUCK, DIESEL",E,48,1,GOING STRAIGHT,APPARENTLY NORMAL,Null,Null,Null,DEER,Null,Null,Null,Null,Null,Null,Null,Null,Null,Null,Null,Null,DRY,DARK - NO LIGHTING,ANIMAL IN ROADWAY,NHP,2235235,Null,Null,Null,2016-03-21T03:37:00.000Z,{FE802D04-CBBB-400B-9E69-ABBE91BA98BA}
329326,585859.8739,4507463.078,40.71,-116,2016-03-20,DEER,INJURY CRASH,ELKO,Sun Mar 20 00:00:00 PDT 2016,Sun Dec 31 04:05:00 PST 1899,4:05:00,IR80E,2640,W,MILE MARKER 10,CLOUDY,-9999,1,Null,C,NON-COLLISION,1,UTILITY,E,49,2,GOING STRAIGHT,APPARENTLY NORMAL,Null,Null,Null,DEER,Null,Null,Null,Null,Null,Null,Null,Null,Null,Null,Null,Null,WET,DARK - NO LIGHTING,NONE,NHP,2235206,Null,Null,Null,2016-03-20T11:05:00.000Z,{45BFF86E-435A-4203-A091-7EF0DDBCCC68}
328744,643771.6809,4298163.807,38.82,-115.3,2016-03-27,DEER,PROPERTY DAMAGE ONLY,NYE,Sun Mar 27 00:00:00 PDT 2016,Sun Dec 31 16:15:00 PST 1899,16:15:00,US6,950,E,MILE MARKER 127,CLOUDY,-9999,-9999,PDO,Null,NON-COLLISION,1,"SEDAN, 4 DOOR",E,38,1,GOING STRAIGHT,APPARENTLY NORMAL,Null,Null,Null,DEER,Null,Null,Null,Null,Null,Null,Null,Null,Null,Null,Null,Null,DRY,DAYLIGHT,ANIMAL IN ROADWAY,NHP,2235547,Null,Null,Null,2016-03-27T23:15:00.000Z,{D0E4E920-6E6D-4FD2-9CEA-8D4914C0E0D4}
391936,315835.1541,4324284.635,39.05,-119.1,2016-03-27,DEER,PROPERTY DAMAGE ONLY,LYON,Sun Mar 27 00:00:00 PDT 2016,Sun Dec 31 13:14:00 PST 1899,13:14:00,MILLER LN,660,W,LUX LN,CLEAR,-9999,-9999,PDO,Null,NON-COLLISION,1,"SEDAN, 4 DOOR",W,-9999,-9999,STOPPED,APPARENTLY NORMAL,Null,Null,Null,DEER,Null,Null,Null,Null,Null,Null,Null,Null,Null,Null,Null,Null,Null,Null,Null,LYSO,2378556,Null,Null,Null,2016-03-27T20:14:00.000Z,{E7E2B190-F2E2-4D1B-8AE1-B7D49AAAEE34}
333757,705532.9121,4279868.112,38.64,-114.6,2016-05-01,ELK,INJURY CRASH,LINCOLN,Sun May 01 00:00:00 PDT 2016,Sun Dec 31 20:30:00 PST 1899,20:30:00,US93N,2640,N,MILE MARKER 170,UNKNOWN,-9999,1,Null,C,NON-COLLISION,1,CARRY-ALL,N,53,1,GOING STRAIGHT,APPARENTLY NORMAL,Null,UNKNOWN,Null,ELK,Null,Null,Null,Null,Null,Null,Null,Null,Null,Null,Null,Null,DRY,DARK - NO LIGHTING,ANIMAL IN ROADWAY,NHP,2237500,Null,Null,Null,2016-05-02T03:30:00.000Z,{F417BE06-9B6A-44CA-B7E6-7C8D42E50800}
327885,662620.67,4318608.623,39,-115.1,2016-05-08,DEER,PROPERTY DAMAGE ONLY,WHITE PINE,Sun May 08 00:00:00 PDT 2016,Sun Dec 31 09:30:00 PST 1899,9:30:00,US6,1584,E,SR318,CLOUDY,-9999,-9999,PDO,Null,NON-COLLISION,1,UTILITY,W,54,1,GOING STRAIGHT,INATTENTION/DISTRACTED,"ELECTRONIC EQUIPMENT (COMPUTERS, ON BOARD NAVIGATION SYSTEM, ETC.)",Null,Null,DEER,Null,Null,Null,Null,Null,Null,Null,Null,Null,Null,Null,Null,DRY,DAYLIGHT,ANIMAL IN ROADWAY,NHP,2237806,Null,Null,Null,2016-05-08T16:30:00.000Z,{1CC0663E-244A-4F90-AB6D-EFD31CA9959E}
361734,664442.3783,4133867.612,37.34,-115.1,2016-05-15,DEER,PROPERTY DAMAGE ONLY,LINCOLN,Sun May 15 00:00:00 PDT 2016,Sun Dec 31 20:00:00 PST 1899,20:00:00,US93N,2500,N,MILE MARKER 36,CLOUDY,-9999,-9999,PDO,Null,NON-COLLISION,1,VAN,N,35,1,GOING STRAIGHT,APPARENTLY NORMAL,Null,Null,Null,DEER,Null,Null,Null,Null,Null,Null,Null,Null,Null,Null,Null,Null,DRY,DUSK,ANIMAL IN ROADWAY,NHP,2356829,Null,Null,Null,2016-05-16T03:00:00.000Z,{4B9106B7-D28F-4FCE-94D5-EFEA49C1E39C}
361776,247966.8678,4391104.594,39.63,-119.9,2016-05-15,DEER,PROPERTY DAMAGE ONLY,WASHOE,Sun May 15 00:00:00 PDT 2016,Sun Dec 31 00:31:00 PST 1899,0:31:00,US395N,2640,N,MILE MARKER 37,CLEAR,-9999,-9999,PDO,Null,NON-COLLISION,1,PICKUP,N,60,2,GOING STRAIGHT,APPARENTLY NORMAL,Null,Null,Null,DEER,Null,Null,Null,Null,Null,Null,Null,Null,Null,Null,Null,Null,DRY,DARK - NO LIGHTING,NONE,NHP,2356777,Null,Null,Null,2016-05-15T07:31:00.000Z,{4145E8F0-0AC4-4CF9-9AD9-A8D9CCCF8C7D}
361885,630987.8401,4015038.904,36.27,-115.5,2016-05-15,DEER,PROPERTY DAMAGE ONLY,CLARK,Sun May 15 00:00:00 PDT 2016,Sun Dec 31 20:33:00 PST 1899,20:33:00,SR157,200,E,MILE MARKER 7,CLEAR,-9999,-9999,PDO,Null,NON-COLLISION,1,"HARDTOP, 4 DOOR",E,61,1,GOING STRAIGHT,APPARENTLY NORMAL,Null,Null,Null,DEER,Null,Null,Null,Null,Null,Null,Null,Null,Null,Null,Null,Null,DRY,DARK - NO LIGHTING,ANIMAL IN ROADWAY,NHP,2356773,Null,Null,Null,2016-05-16T03:33:00.000Z,{3DED5F2F-30A8-4D4C-AD62-EC12CD9A0C36}
361753,581359.5203,4393890.196,39.69,-116.1,2016-05-15,CATTLE,INJURY CRASH,EUREKA,Sun May 15 00:00:00 PDT 2016,Sun Dec 31 23:11:00 PST 1899,23:11:00,SR278,131,N,MILE MARKER 10,CLEAR,-9999,1,Null,C,NON-COLLISION,1,UTILITY,S,64,1,GOING STRAIGHT,APPARENTLY NORMAL,Null,Null,Null,Null,Null,Null,Null,Null,Null,Null,Null,Null,Null,Null,Null,Null,DRY,DARK - NO LIGHTING,ANIMAL IN ROADWAY,NHP,2356776,Null,Null,Null,2016-05-16T06:11:00.000Z,{B9E5114E-7CF4-4760-8AF2-A0452E05C088}
337316,655724.8772,4550687.939,41.09,-115.1,2016-05-22,DEER,PROPERTY DAMAGE ONLY,ELKO,Sun May 22 00:00:00 PDT 2016,Sun Dec 31 21:10:00 PST 1899,21:10:00,IR80E,78,W,MILE MARKER 64,CLOUDY,-9999,-9999,PDO,Null,NON-COLLISION,1,"SEDAN, 4 DOOR",W,24,2,GOING STRAIGHT,APPARENTLY NORMAL,Null,Null,Null,DEER,Null,Null,Null,Null,Null,Null,Null,Null,Null,Null,Null,Null,DRY,DARK - NO LIGHTING,ANIMAL IN ROADWAY,NHP,2323371,Null,Null,Null,2016-05-23T04:10:00.000Z,{B270375D-016F-4B2C-A3FA-0BEA12A4E658}
339511,623706.0532,4013895.545,36.26,-115.6,2016-05-29,DEER,INJURY CRASH,CLARK,Sun May 29 00:00:00 PDT 2016,Sun Dec 31 11:27:00 PST 1899,11:27:00,SR157,1000,E,MILE MARKER 2,CLEAR,-9999,1,Null,C,NON-COLLISION,1,MOTORCYCLE,E,62,1,GOING STRAIGHT,APPARENTLY NORMAL,Null,OBJECT AVOIDANCE,Null,DEER: OVERTURN/ROLLOVER,Null,Null,Null,Null,Null,Null,Null,Null,Null,Null,Null,Null,DRY,DAYLIGHT,ANIMAL IN ROADWAY,NHP,2323718,Null,Null,YES,2016-05-29T18:27:00.000Z,{7AE98970-DDA0-487E-A111-B0A7728E9DE1}
355144,267392.859,4378771.386,39.53,-119.7,2016-11-06,DEER,PROPERTY DAMAGE ONLY,WASHOE,Sun Nov 06 00:00:00 PDT 2016,Sun Dec 31 19:15:00 PST 1899,19:15:00,IR80E,200,W,IR80E TO VISTA BLVD INT21,CLEAR,-9999,-9999,PDO,Null,NON-COLLISION,1,CARRY-ALL,E,35,2,GOING STRAIGHT,APPARENTLY NORMAL,Null,Null,Null,DEER,Null,Null,Null,Null,Null,Null,Null,Null,Null,Null,Null,Null,DRY,DARK - SPOT LIGHTING,ANIMAL IN ROADWAY,NHP,2339896,Null,Null,Null,2016-11-07T03:15:00.000Z,{F7DC2512-93F6-4840-90F8-221AE8634122}
355397,289831.0178,4385079.732,39.59,-119.4,2016-11-06,DEER,PROPERTY DAMAGE ONLY,WASHOE,Sun Nov 06 00:00:00 PDT 2016,Sun Dec 31 18:50:00 PST 1899,18:50:00,IR80W,75,E,MILE MARKER 35.841,CLEAR,-9999,-9999,PDO,Null,NON-COLLISION,1,CARRY-ALL,W,53,1,GOING STRAIGHT,APPARENTLY NORMAL,Null,Null,Null,DEER,Null,Null,Null,Null,Null,Null,Null,Null,Null,Null,Null,Null,DRY,DARK - NO LIGHTING,ANIMAL IN ROADWAY,NHP,2339894,Null,Null,Null,2016-11-07T02:50:00.000Z,{19032E72-C379-467A-BE76-4494360D3FFD}
358965,555286.6713,4227507.314,38.19,-116.4,2016-11-06,DEER,PROPERTY DAMAGE ONLY,NYE,Sun Nov 06 00:00:00 PDT 2016,Sun Dec 31 19:05:00 PST 1899,19:05:00,US6,3168,W,MILE MARKER 52,CLEAR,-9999,-9999,PDO,Null,NON-COLLISION,1,PICKUP,W,47,1,GOING STRAIGHT,APPARENTLY NORMAL,Null,OBJECT AVOIDANCE,Null,DEER,Null,Null,Null,Null,Null,Null,Null,Null,Null,Null,Null,Null,DRY,DARK - NO LIGHTING,ANIMAL IN ROADWAY,NHP,2339901,Null,Null,Null,2016-11-07T03:05:00.000Z,{A80894B1-B20D-4EC8-80A7-AD996A9DD1F8}
360440,703409.2374,4550243.724,41.08,-114.6,2016-11-06,DEER,PROPERTY DAMAGE ONLY,ELKO,Sun Nov 06 00:00:00 PDT 2016,Sun Dec 31 23:21:00 PST 1899,23:21:00,IR80W,500,W,MILE MARKER 95,CLEAR,-9999,-9999,PDO,Null,NON-COLLISION,1,"SEDAN, 4 DOOR",W,24,-9999,GOING STRAIGHT,APPARENTLY NORMAL,Null,OVER-CORRECTING/OVER-STEERING,Null,MEDIAN BARRIER,Null,Null,Null,Null,Null,Null,Null,Null,Null,Null,Null,Null,DRY,DARK - NO LIGHTING,ANIMAL IN ROADWAY,NHP,2339907,Null,Null,Null,2016-11-07T07:21:00.000Z,{7AE421CE-C2C7-466F-9456-2CFE0BE45AE1}
366126,496192.8951,4469482.373,40.38,-117,2016-11-06,DEER,PROPERTY DAMAGE ONLY,LANDER,Sun Nov 06 00:00:00 PDT 2016,Sun Dec 31 19:35:00 PST 1899,19:35:00,SR305,575,N,MILE MARKER 97,CLEAR,-9999,-9999,PDO,Null,NON-COLLISION,1,"SEDAN, 4 DOOR",N,21,-9999,GOING STRAIGHT,APPARENTLY NORMAL,Null,OBJECT AVOIDANCE,Null,DEER,Null,Null,Null,Null,Null,Null,Null,Null,Null,Null,Null,Null,DRY,DARK - NO LIGHTING,ANIMAL IN ROADWAY,NHP,2339898,Null,Null,Null,2016-11-07T03:35:00.000Z,{CCDE6533-4EEB-4BDE-B235-8CCD12ABDCB5}
368420,707065.7658,4548857.803,41.06,-114.5,2016-11-06,DEER,INJURY CRASH,ELKO,Sun Nov 06 00:00:00 PDT 2016,Sun Dec 31 18:29:00 PST 1899,18:29:00,IR80E,2112,E,MILE MARKER 97,CLOUDY,-9999,1,Null,B,NON-COLLISION,1,"SEDAN, 4 DOOR",E,36,2,GOING STRAIGHT,APPARENTLY NORMAL,Null,EXCEEDED AUTHORIZED SPEED LIMIT,Null,DEER,Null,Null,Null,Null,Null,Null,Null,Null,Null,Null,Null,Null,DRY,DARK - NO LIGHTING,ANIMAL IN ROADWAY,NHP,2339893,Null,Null,Null,2016-11-07T02:29:00.000Z,{AFA17C80-F8C7-495C-873B-27F602725B84}
413224,758060.1651,4179342.156,37.73,-114.1,2016-11-06,DEER,PROPERTY DAMAGE ONLY,LINCOLN,Sun Nov 06 00:00:00 PDT 2016,Sun Dec 31 19:20:00 PST 1899,19:20:00,SR319,1000,W,MILE MARKER 70,CLOUDY,-9999,-9999,PDO,Null,NON-COLLISION,1,PICKUP,W,46,-9999,GOING STRAIGHT,APPARENTLY NORMAL,Null,Null,Null,DEER,Null,Null,Null,Null,Null,Null,Null,Null,Null,Null,Null,Null,DRY,DARK - NO LIGHTING,ANIMAL IN ROADWAY,NHP,2339895,Null,Null,Null,2016-11-07T03:20:00.000Z,{379D2E1B-BC57-48DA-894C-EDE4E8DB32F4}
355083,437443.4022,4623424.212,41.76,-117.8,2016-11-13,DEER,PROPERTY DAMAGE ONLY,HUMBOLDT,Sun Nov 13 00:00:00 PST 2016,Sun Dec 31 20:33:00 PST 1899,20:33:00,US95N,528,S,MILE MARKER 57,CLOUDY,-9999,-9999,PDO,Null,NON-COLLISION,1,"HARDTOP, 4 DOOR",S,32,-9999,GOING STRAIGHT,APPARENTLY NORMAL,Null,Null,Null,DEER,Null,Null,Null,Null,Null,Null,Null,Null,Null,Null,Null,Null,DRY,DARK - NO LIGHTING,ANIMAL IN ROADWAY,NHP,2340312,Null,Null,Null,2016-11-14T04:33:00.000Z,{9A17194C-9531-4231-AA5B-151179394D54}
413208,678686.0009,4210816.722,38.03,-115,2016-11-13,DEER,PROPERTY DAMAGE ONLY,LINCOLN,Sun Nov 13 00:00:00 PST 2016,Sun Dec 31 17:00:00 PST 1899,17:00:00,SR318,300,S,MILE MARKER 40,CLEAR,-9999,-9999,PDO,Null,NON-COLLISION,1,"SEDAN, 4 DOOR",S,58,1,GOING STRAIGHT,APPARENTLY NORMAL,Null,Null,Null,DEER,Null,Null,Null,Null,Null,Null,Null,Null,Null,Null,Null,Null,DRY,DARK - NO LIGHTING,ANIMAL IN ROADWAY,NHP,2340334,Null,Null,Null,2016-11-14T01:00:00.000Z,{9C668176-5AB9-4491-A29A-09B077C24C2F}
413223,749725.2895,4181663.057,37.75,-114.2,2016-11-13,DEER,PROPERTY DAMAGE ONLY,LINCOLN,Sun Nov 13 00:00:00 PST 2016,Sun Dec 31 18:41:00 PST 1899,18:41:00,SR319,1500,E,MILE MARKER 64,CLOUDY,-9999,-9999,PDO,Null,NON-COLLISION,1,PICKUP,E,45,1,GOING STRAIGHT,APPARENTLY NORMAL,Null,Null,Null,DEER,Null,Null,Null,Null,Null,Null,Null,Null,Null,Null,Null,Null,DRY,DARK - NO LIGHTING,ANIMAL IN ROADWAY,NHP,2340309,Null,Null,Null,2016-11-14T02:41:00.000Z,{CD2378C9-7587-4BE1-ABC2-B8DCD4BA3B6C}
363797,321257.2478,4370302.399,39.46,-119.1,2016-11-20,DEER,INJURY CRASH,CHURCHILL,Sun Nov 20 00:00:00 PST 2016,Sun Dec 31 22:40:00 PST 1899,22:40:00,US50,500,E,MILE MARKER 3,CLEAR,-9999,1,Null,B,NON-COLLISION,1,"SEDAN, 4 DOOR",E,19,1,GOING STRAIGHT,APPARENTLY NORMAL,Null,Null,Null,DEER: GUARDRAIL FACE,Null,Null,Null,Null,Null,Null,Null,Null,Null,Null,Null,Null,DRY,DARK - NO LIGHTING,ANIMAL IN ROADWAY,NHP,2340735,Null,Null,Null,2016-11-21T06:40:00.000Z,{CECAAE7D-2CF3-48B3-855B-B68BA378DFAC}
369259,705014.3284,4549836.044,41.07,-114.6,2016-11-20,DEER,PROPERTY DAMAGE ONLY,ELKO,Sun Nov 20 00:00:00 PST 2016,Sun Dec 31 06:01:00 PST 1899,6:01:00,IR80E,500,W,MILE MARKER 96,CLEAR,-9999,-9999,PDO,Null,NON-COLLISION,1,"HATCHBACK, 4 DOOR",E,23,2,GOING STRAIGHT,APPARENTLY NORMAL,Null,OBJECT AVOIDANCE,Null,DEER: RAN OFF ROAD LEFT: OVERTURN/ROLLOVER,Null,Null,Null,Null,Null,Null,Null,Null,Null,Null,Null,Null,DRY,DARK - NO LIGHTING,ANIMAL IN ROADWAY,NHP,2340704,Null,Null,Null,2016-11-20T14:01:00.000Z,{DA0CCD7C-4982-4AD2-A75C-D1726B0BBD91}
369523,489511.6318,4287869.482,38.74,-117.1,2016-11-20,CATTLE,PROPERTY DAMAGE ONLY,NYE,Sun Nov 20 00:00:00 PST 2016,Sun Dec 31 18:00:00 PST 1899,18:00:00,ROUND MOUNT RD,0,Null,SR376,CLEAR,-9999,-9999,PDO,Null,NON-COLLISION,1,PICKUP,E,-9999,-9999,GOING STRAIGHT,APPARENTLY NORMAL,Null,UNKNOWN,Null,CATTLE,Null,Null,Null,Null,Null,Null,Null,Null,Null,Null,Null,Null,Null,Null,Null,NYSO,2360228,Null,Null,Null,2016-11-21T02:00:00.000Z,{558E2BD7-544B-4E17-B251-4BAC9969F01D}
354810,692294.1524,4384355.788,39.59,-114.8,2016-11-27,DEER,PROPERTY DAMAGE ONLY,WHITE PINE,Sun Nov 27 00:00:00 PST 2016,Sun Dec 31 10:05:00 PST 1899,10:05:00,US93N,250,N,MILE MARKER 78,SNOW,-9999,-9999,PDO,Null,NON-COLLISION,1,UTILITY,N,37,2,GOING STRAIGHT,APPARENTLY NORMAL,Null,Null,Null,DEER,Null,Null,Null,Null,Null,Null,Null,Null,Null,Null,Null,Null,DRY,DAYLIGHT,ANIMAL IN ROADWAY,NHP,2341068,Null,Null,Null,2016-11-27T18:05:00.000Z,{966FA873-365C-4674-8380-8046AF606553}
355446,441165.1368,4645310.352,41.96,-117.7,2016-11-27,CATTLE,INJURY CRASH,HUMBOLDT,Sun Nov 27 00:00:00 PST 2016,Sun Dec 31 17:42:00 PST 1899,17:42:00,US95N,528,S,MILE MARKER 71,CLOUDY,-9999,1,Null,B,NON-COLLISION,1,PICKUP,N,50,1,GOING STRAIGHT,APPARENTLY NORMAL,Null,Null,Null,CATTLE,Null,Null,Null,Null,Null,Null,Null,Null,Null,Null,Null,Null,DRY,DARK - NO LIGHTING,ANIMAL IN ROADWAY,NHP,2341088,Null,Null,Null,2016-11-28T01:42:00.000Z,{2F2DF225-638D-4A1F-8AE1-FD4A7EC103E2}