OBJECTID,X,Y,Latitude,Longitude,Date,AnimalType,Crash_Seve,County,Crash_Date_Original,Crash_Time_Original,Crash_Time,Primary_St,Distance,Dir,Secondary_,Weather,Fatalities,Injured,Property_D,Injury_Typ,Crash_Type,Total_Vehi,V1_Type,V1_Dir,V1_Driver_,V1_Lane_Nu,V1_Action,V1_Driver1,V1_Drive_1,V1_Vehicle,V1_Most_Ha,V1_All_Eve,V2_Type,V2_Dir,V2_Driver_,V2_Lane_Nu,V2_Action,V2_Driver1,V2_Drive_1,V2_Vehicle,V2_Most_Ha,V2_All_Eve,First_Harm,Nonmotoris,Factors_Ro,Lighting,HWY_Factor,Agency,Accident_R,Pedalcycli,Pedestrian,Motorcycli,CrashDateT,GlobalID
364643,648839.8659,3989021.851,36.03,-115.3,2016-11-27,BURRO,PROPERTY DAMAGE ONLY,CLARK,Sun Nov 27 00:00:00 PST 2016,Sun Dec 31 19:18:00 PST 1899,19:18:00,SR160,200,E,COTE RD,CLEAR,-9999,-9999,PDO,Null,NON-COLLISION,1,"SEDAN, 4 DOOR",W,-9999,-9999,GOING STRAIGHT,APPARENTLY NORMAL,Null,Null,Null,BURRO,Null,Null,Null,Null,Null,Null,Null,Null,Null,Null,Null,Null,Null,Null,Null,LVMPD,2335824,Null,Null,Null,2016-11-28T03:18:00.000Z,{FC51ACAD-8D3B-4413-B676-6582B8C06C9D}
358259,244976.7115,4326228.217,39.05,-119.9,2016-10-02,DEER,PROPERTY DAMAGE ONLY,DOUGLAS,Sun Oct 02 00:00:00 PDT 2016,Sun Dec 31 19:45:00 PST 1899,19:45:00,US50,0,Null,FRIEDHOFF DR,CLOUDY: RAIN,-9999,-9999,PDO,Null,NON-COLLISION,1,VAN,W,-9999,-9999,GOING STRAIGHT,APPARENTLY NORMAL,Null,OBJECT AVOIDANCE,Null,DEER,Null,Null,Null,Null,Null,Null,Null,Null,Null,Null,Null,Null,Null,Null,Null,DCSO,2332537,Null,Null,Null,2016-10-03T02:45:00.000Z,{6432F28F-2B23-499B-948F-D1CB20D4C781}
360038,701982.875,4549685.5,41.07,-114.6,2016-10-09,DEER,PROPERTY DAMAGE ONLY,ELKO,Sun Oct 09 00:00:00 PDT 2016,Sun Dec 31 06:00:00 PST 1899,6:00:00,IR80W,500,W,MILE MARKER 94,CLEAR,-9999,-9999,PDO,Null,NON-COLLISION,1,"SEDAN, 4 DOOR",W,25,1,GOING STRAIGHT,APPARENTLY NORMAL,Null,Null,Null,DEER,Null,Null,Null,Null,Null,Null,Null,Null,Null,Null,Null,Null,DRY,DARK - NO LIGHTING,ANIMAL IN ROADWAY,NHP,2338203,Null,Null,Null,2016-10-09T13:00:00.000Z,{1A73F372-84C4-4852-A67A-4A968AD4AED5}
360143,722654.7825,4535448.94,40.94,-114.4,2016-10-09,DEER,INJURY CRASH,ELKO,Sun Oct 09 00:00:00 PDT 2016,Sun Dec 31 01:01:00 PST 1899,1:01:00,IR80E,1584,E,MILE MARKER 110,CLEAR,-9999,1,Null,C,NON-COLLISION,1,"HATCHBACK, 4 DOOR",W,30,1,GOING STRAIGHT,APPARENTLY NORMAL,Null,Null,Null,DEER,Null,Null,Null,Null,Null,Null,Null,Null,Null,Null,Null,Null,DRY,DARK - NO LIGHTING,ANIMAL IN ROADWAY,NHP,2338198,Null,Null,Null,2016-10-09T08:01:00.000Z,{58343548-456E-4F58-951B-D28A3C866A00}
370560,589592.0084,4016931.938,36.29,-116,2016-10-09,BURRO,PROPERTY DAMAGE ONLY,NYE,Sun Oct 09 00:00:00 PDT 2016,Sun Dec 31 19:05:00 PST 1899,19:05:00,HARRIS FARM RD,186,S,SR160,CLEAR,-9999,-9999,PDO,Null,NON-COLLISION,1,MOTORCYCLE,N,68,1,GOING STRAIGHT,APPARENTLY NORMAL,Null,OBJECT AVOIDANCE,Null,BURRO: RAN OFF ROAD LEFT,Null,Null,Null,Null,Null,Null,Null,Null,Null,Null,Null,Null,DRY,DARK - NO LIGHTING,NONE,NYSO,2368383,Null,Null,YES,2016-10-10T02:05:00.000Z,{B0B90CF8-EF36-4831-BBCF-C752A55CA059}
397958,286485.3772,4382024.774,39.56,-119.5,2016-10-23,HORSE,PROPERTY DAMAGE ONLY,STOREY,Sun Oct 23 00:00:00 PDT 2016,Sun Dec 31 06:12:00 PST 1899,6:12:00,USA PKWY,700,N,MILE MARKER 10,CLEAR,-9999,-9999,PDO,Null,NON-COLLISION,1,"SEDAN, 4 DOOR",S,46,1,GOING STRAIGHT,APPARENTLY NORMAL,Null,Null,Null,HORSE,Null,Null,Null,Null,Null,Null,Null,Null,Null,Null,Null,Null,DRY,DARK - NO LIGHTING,ANIMAL IN ROADWAY,NHP,2339051,Null,Null,Null,2016-10-23T13:12:00.000Z,{F9853384-54C7-4E08-B6A7-C6AFB96C8F13}
360048,592290.2431,4514171.389,40.77,-115.9,2016-10-23,DEER,PROPERTY DAMAGE ONLY,ELKO,Sun Oct 23 00:00:00 PDT 2016,Sun Dec 31 01:00:00 PST 1899,1:00:00,IR80W,2640,W,MILE MARKER 16,CLEAR,-9999,-9999,PDO,Null,NON-COLLISION,1,"SEDAN, 4 DOOR",W,20,1,GOING STRAIGHT,APPARENTLY NORMAL,Null,Null,Null,DEER,Null,Null,Null,Null,Null,Null,Null,Null,Null,Null,Null,Null,DRY,DARK - NO LIGHTING,ANIMAL IN ROADWAY,NHP,2339044,Null,Null,Null,2016-10-23T08:00:00.000Z,{5A99A6B7-E899-4470-8DEA-6923D76C4668}
397959,245459.5931,4377618.23,39.51,-120,2016-10-23,DEER,PROPERTY DAMAGE ONLY,WASHOE,Sun Oct 23 00:00:00 PDT 2016,Sun Dec 31 13:40:00 PST 1899,13:40:00,IR80W,1056,E,MILE MARKER 4.902,CLOUDY,-9999,-9999,PDO,Null,NON-COLLISION,1,"HATCHBACK, 4 DOOR",W,19,2,GOING STRAIGHT,APPARENTLY NORMAL,Null,Null,Null,DEER,Null,Null,Null,Null,Null,Null,Null,Null,Null,Null,Null,Null,DRY,DAYLIGHT,ANIMAL IN ROADWAY,NHP,2339061,Null,Null,Null,2016-10-23T20:40:00.000Z,{FCADC52D-0ED4-4679-91CE-AC42AF190F22}
355308,728307.1577,4185553.028,37.79,-114.4,2016-10-30,DEER,PROPERTY DAMAGE ONLY,LINCOLN,Sun Oct 30 00:00:00 PDT 2016,Sun Dec 31 08:16:00 PST 1899,8:16:00,US93N,528,S,SR319,CLOUDY,-9999,-9999,PDO,Null,NON-COLLISION,1,SEDAN,N,27,1,GOING STRAIGHT,APPARENTLY NORMAL,Null,Null,Null,DEER,Null,Null,Null,Null,Null,Null,Null,Null,Null,Null,Null,Null,DRY,DAYLIGHT,ANIMAL IN ROADWAY,NHP,2339445,Null,Null,Null,2016-10-30T15:16:00.000Z,{CDF77FBC-4CB4-432F-84BC-AF84D88AE87D}
356315,692481.0985,4392290.652,39.66,-114.8,2016-10-30,DEER,PROPERTY DAMAGE ONLY,WHITE PINE,Sun Oct 30 00:00:00 PDT 2016,Sun Dec 31 03:10:00 PST 1899,3:10:00,US93N,78,S,MILE MARKER 83,UNKNOWN,-9999,-9999,PDO,Null,NON-COLLISION,1,SEMI,S,52,-9999,GOING STRAIGHT,APPARENTLY NORMAL,Null,RAN OFF ROAD,Null,RAN OFF ROAD RIGHT,Null,Null,Null,Null,Null,Null,Null,Null,Null,Null,Null,Null,DRY,DARK - NO LIGHTING,ANIMAL IN ROADWAY,NHP,2339438,Null,Null,Null,2016-10-30T10:10:00.000Z,{7EAD2271-69DB-41D6-B10C-FC2DD9B6F635}
360124,607012.3116,4520712.608,40.83,-115.7,2016-10-30,DEER,PROPERTY DAMAGE ONLY,ELKO,Sun Oct 30 00:00:00 PDT 2016,Sun Dec 31 19:50:00 PST 1899,19:50:00,SR227,2640,N,ERRECART BLVD,RAIN,-9999,-9999,PDO,Null,NON-COLLISION,1,CARRY-ALL,S,30,1,GOING STRAIGHT,APPARENTLY NORMAL,Null,Null,Null,DEER,Null,Null,Null,Null,Null,Null,Null,Null,Null,Null,Null,Null,DRY,DARK - NO LIGHTING,ANIMAL IN ROADWAY,NHP,2339481,Null,Null,Null,2016-10-31T02:50:00.000Z,{B917FCD1-705B-4EA8-BE2A-D9EFD7041026}
352916,252392.2719,4358243.565,39.34,-119.9,2016-09-04,DEER,PROPERTY DAMAGE ONLY,WASHOE,Sun Sep 04 00:00:00 PDT 2016,Sun Dec 31 16:30:00 PST 1899,16:30:00,SR431,50,W,SKY TAVERN RD,CLEAR,-9999,-9999,PDO,Null,NON-COLLISION,1,PICKUP,W,33,1,GOING STRAIGHT,APPARENTLY NORMAL,Null,Null,Null,DEER,Null,Null,Null,Null,Null,Null,Null,Null,Null,Null,Null,Null,DRY,DAYLIGHT,NONE,NHP,2329157,Null,Null,Null,2016-09-04T23:30:00.000Z,{FBD04C02-5AF8-4D56-81C3-27F5B38450D7}
337052,254099.1125,4322270.332,39.01,-119.8,2016-09-11,DEER,PROPERTY DAMAGE ONLY,DOUGLAS,Sun Sep 11 00:00:00 PDT 2016,Sun Dec 31 19:44:00 PST 1899,19:44:00,JACKS VALLEY RD,300,N,HOLTON CT,CLEAR,-9999,-9999,PDO,Null,NON-COLLISION,1,CARRY-ALL,N,-9999,-9999,GOING STRAIGHT,APPARENTLY NORMAL,Null,Null,Null,DEER,Null,Null,Null,Null,Null,Null,Null,Null,Null,Null,Null,Null,Null,Null,Null,DCSO,2316359,Null,Null,Null,2016-09-12T02:44:00.000Z,{09AF5B53-31F1-4408-8E9F-968AF9DEF951}
352825,249712.6267,4390356.075,39.63,-119.9,2016-09-18,DEER,INJURY CRASH,WASHOE,Sun Sep 18 00:00:00 PDT 2016,Sun Dec 31 20:02:00 PST 1899,20:02:00,US395N,40,N,MILE MARKER 36.258,CLEAR,-9999,1,Null,C,NON-COLLISION,1,"SEDAN, 4 DOOR",N,81,2,GOING STRAIGHT,APPARENTLY NORMAL,Null,Null,Null,DEER,Null,Null,Null,Null,Null,Null,Null,Null,Null,Null,Null,Null,DRY,DARK - UNKNOWN LIGHTING,ANIMAL IN ROADWAY,NHP,2329905,Null,Null,Null,2016-09-19T03:02:00.000Z,{D2FD8424-285C-443D-BA80-6D555B70C1FA}
353181,721961.8045,4061662.603,36.67,-114.5,2016-09-18,COYOTE,PROPERTY DAMAGE ONLY,CLARK,Sun Sep 18 00:00:00 PDT 2016,Sun Dec 31 01:29:00 PST 1899,1:29:00,IR15S,10,N,IR15S TO SR169 INT93,CLEAR,-9999,-9999,PDO,Null,NON-COLLISION,1,CONVERTIBLE,S,66,2,GOING STRAIGHT,APPARENTLY NORMAL,Null,Null,Null,DOG/COYOTE,Null,Null,Null,Null,Null,Null,Null,Null,Null,Null,Null,Null,DRY,DARK - NO LIGHTING,ANIMAL IN ROADWAY,NHP,2329874,Null,Null,Null,2016-09-18T08:29:00.000Z,{002BAE5A-EAC6-47D9-87F5-B467DB0D55E0}
354629,640164.9189,4357068.11,39.35,-115.4,2016-09-25,DEER,PROPERTY DAMAGE ONLY,WHITE PINE,Sun Sep 25 00:00:00 PDT 2016,Sun Dec 31 16:55:00 PST 1899,16:55:00,US50,50,E,MILE MARKER 32,CLEAR,-9999,-9999,PDO,Null,NON-COLLISION,1,UTILITY,E,49,1,GOING STRAIGHT,APPARENTLY NORMAL,Null,UNKNOWN,Null,DEER,Null,Null,Null,Null,Null,Null,Null,Null,Null,Null,Null,Null,DRY,DAYLIGHT,ANIMAL IN ROADWAY,NHP,2330150,Null,Null,Null,2016-09-25T23:55:00.000Z,{685633C0-1856-4D1A-8365-71AD8E275F4C}
336139,678671.2822,4360670.318,39.38,-114.9,2016-04-07,DEER,INJURY CRASH,WHITE PINE,Thu Apr 07 00:00:00 PDT 2016,Sun Dec 31 06:09:00 PST 1899,6:09:00,SR490,2640,N,MILE MARKER 1,CLEAR,-9999,1,Null,B,NON-COLLISION,1,MOTORCYCLE,N,51,2,GOING STRAIGHT,APPARENTLY NORMAL,Null,RAN OFF ROAD,Null,DEER: OVERTURN/ROLLOVER: RAN OFF ROAD RIGHT,Null,Null,Null,Null,Null,Null,Null,Null,Null,Null,Null,Null,DRY,DAWN,ANIMAL IN ROADWAY,NHP,2236151,Null,Null,YES,2016-04-07T13:09:00.000Z,{2CAB0608-744B-489F-8177-34C9CF13D9C9}
327448,646547.2003,4359644.422,39.37,-115.3,2016-04-14,ELK,PROPERTY DAMAGE ONLY,WHITE PINE,Thu Apr 14 00:00:00 PDT 2016,Sun Dec 31 21:12:00 PST 1899,21:12:00,US50,3960,E,MILE MARKER 36,CLOUDY,-9999,-9999,PDO,Null,NON-COLLISION,1,PICKUP,W,65,1,GOING STRAIGHT,APPARENTLY NORMAL,Null,OBJECT AVOIDANCE,Null,ELK: RAN OFF ROAD LEFT,Null,Null,Null,Null,Null,Null,Null,Null,Null,Null,Null,Null,DRY,DARK - NO LIGHTING,ANIMAL IN ROADWAY,NHP,2236633,Null,Null,Null,2016-04-15T04:12:00.000Z,{05F11102-85C9-4960-8B9C-2A7D9D62D781}
329300,711796.9979,4221742.89,38.12,-114.6,2016-04-14,DEER,PROPERTY DAMAGE ONLY,LINCOLN,Thu Apr 14 00:00:00 PDT 2016,Sun Dec 31 05:59:00 PST 1899,5:59:00,US93N,528,S,MILE MARKER 134,CLOUDY,-9999,-9999,PDO,Null,NON-COLLISION,1,PICKUP,S,68,1,GOING STRAIGHT,APPARENTLY NORMAL,Null,Null,Null,DEER,Null,Null,Null,Null,Null,Null,Null,Null,Null,Null,Null,Null,DRY,DAWN,ANIMAL IN ROADWAY,NHP,2236592,Null,Null,Null,2016-04-14T12:59:00.000Z,{4F14C9A8-58F1-469D-A0CC-380D2F21B2F0}
330534,256545.5059,4352965.816,39.29,-119.8,2016-04-14,DEER,PROPERTY DAMAGE ONLY,WASHOE,Thu Apr 14 00:00:00 PDT 2016,Sun Dec 31 06:32:00 PST 1899,6:32:00,IR580N,4752,N,MILE MARKER 5,CLOUDY,-9999,-9999,PDO,Null,NON-COLLISION,1,PICKUP,N,55,3,GOING STRAIGHT,APPARENTLY NORMAL,Null,OBJECT AVOIDANCE,Null,DEER,Null,Null,Null,Null,Null,Null,Null,Null,Null,Null,Null,Null,DRY,DAWN,ANIMAL IN ROADWAY,NHP,2236594,Null,Null,Null,2016-04-14T13:32:00.000Z,{08C546AA-0F52-4887-B8CC-5B265B920A1F}
328598,725954.3059,4051185.356,36.58,-114.5,2016-04-14,CATTLE,PROPERTY DAMAGE ONLY,CLARK,Thu Apr 14 00:00:00 PDT 2016,Sun Dec 31 20:35:00 PST 1899,20:35:00,SR169,200,S,MILE MARKER 17,CLEAR,-9999,-9999,PDO,Null,NON-COLLISION,1,PICKUP,N,53,1,GOING STRAIGHT,APPARENTLY NORMAL,Null,OBJECT AVOIDANCE,Null,CATTLE,Null,Null,Null,Null,Null,Null,Null,Null,Null,Null,Null,Null,DRY,DARK - SPOT LIGHTING,ANIMAL IN ROADWAY,NHP,2236631,Null,Null,Null,2016-04-15T03:35:00.000Z,{3F57B1FE-9F1F-4982-B043-63457D158978}
330522,246737.8669,4377683.62,39.51,-119.9,2016-04-28,DOG,PROPERTY DAMAGE ONLY,WASHOE,Thu Apr 28 00:00:00 PDT 2016,Sun Dec 31 19:43:00 PST 1899,19:43:00,IR80W,528,W,MILE MARKER 6,CLEAR,-9999,-9999,PDO,Null,NON-COLLISION,1,CARRY-ALL,W,59,2,GOING STRAIGHT,APPARENTLY NORMAL,Null,OBJECT AVOIDANCE,Null,DOG/COYOTE,Null,Null,Null,Null,Null,Null,Null,Null,Null,Null,Null,Null,DRY,DAYLIGHT,NONE,NHP,2237321,Null,Null,Null,2016-04-29T02:43:00.000Z,{F67855E3-DA83-4B05-9DE0-197C24B8B2B4}
329299,254575.9376,4358273.282,39.34,-119.8,2016-04-28,DEER,PROPERTY DAMAGE ONLY,WASHOE,Thu Apr 28 00:00:00 PDT 2016,Sun Dec 31 22:13:00 PST 1899,22:13:00,SR431,500,E,MILE MARKER 16,CLEAR,-9999,-9999,PDO,Null,NON-COLLISION,1,PICKUP,W,25,1,GOING STRAIGHT,APPARENTLY NORMAL,Null,Null,Null,DEER,Null,Null,Null,Null,Null,Null,Null,Null,Null,Null,Null,Null,DRY,DARK - NO LIGHTING,NONE,NHP,2237328,Null,Null,Null,2016-04-29T05:13:00.000Z,{E9C7FB4F-D712-4F59-98D8-F033DF7D8F0F}
334231,690234.115,4640433.588,41.89,-114.7,2016-04-28,DEER,PROPERTY DAMAGE ONLY,ELKO,Thu Apr 28 00:00:00 PDT 2016,Sun Dec 31 17:58:00 PST 1899,17:58:00,US93N,2000,N,MILE MARKER 134,CLOUDY,-9999,-9999,PDO,Null,NON-COLLISION,1,SEMI,N,50,-9999,NOT REPORTED,APPARENTLY NORMAL,Null,OBJECT AVOIDANCE,Null,RAN OFF ROAD LEFT: EMBANKMENT: DITCH,Null,Null,Null,Null,Null,Null,Null,Null,Null,Null,Null,Null,DRY,DAYLIGHT,ANIMAL IN ROADWAY,NHP,2237319,Null,Null,Null,2016-04-29T00:58:00.000Z,{BBA716BD-4988-4289-9644-34DF91086355}
337405,602670.6673,4526194.613,40.88,-115.8,2016-08-04,HORSE,PROPERTY DAMAGE ONLY,ELKO,Thu Aug 04 00:00:00 PDT 2016,Sun Dec 31 04:30:00 PST 1899,4:30:00,KITTRIDGE CANYON RD,0,Null,CREE AVE,UNKNOWN,-9999,-9999,PDO,Null,NON-COLLISION,1,PICKUP,E,53,1,STOPPED,APPARENTLY NORMAL,Null,Null,Null,SLOW/STOPPED VEHICLE: HORSE,Null,Null,Null,Null,Null,Null,Null,Null,Null,Null,Null,Null,ICE,DARK - NO LIGHTING,ANIMAL IN ROADWAY,ECSO,2316459,Null,Null,Null,2016-08-04T11:30:00.000Z,{D6224A8E-00DF-4E23-A38E-ED63C5CF62AF}
346561,633031.7215,3987532.923,36.02,-115.5,2016-08-04,DEER,PROPERTY DAMAGE ONLY,CLARK,Thu Aug 04 00:00:00 PDT 2016,Sun Dec 31 21:39:00 PST 1899,21:39:00,SR160,200,N,MILE MARKER 22,CLEAR,-9999,-9999,PDO,Null,NON-COLLISION,1,CONVERTIBLE,N,20,1,GOING STRAIGHT,APPARENTLY NORMAL,Null,Null,Null,DEER,Null,Null,Null,Null,Null,Null,Null,Null,Null,Null,Null,Null,DRY,DARK - NO LIGHTING,ANIMAL IN ROADWAY,NHP,2327442,Null,Null,Null,2016-08-05T04:39:00.000Z,{560A19E0-035C-4365-A058-EFF7BD04B039}
347155,722700.1638,4203041.455,37.95,-114.5,2016-08-11,DEER,PROPERTY DAMAGE ONLY,LINCOLN,Thu Aug 11 00:00:00 PDT 2016,Sun Dec 31 23:00:00 PST 1899,23:00:00,US93N,1000,N,MILE MARKER 120,CLOUDY,-9999,-9999,PDO,Null,NON-COLLISION,1,"SEDAN, 4 DOOR",S,47,1,GOING STRAIGHT,APPARENTLY NORMAL,Null,Null,Null,DEER,Null,Null,Null,Null,Null,Null,Null,Null,Null,Null,Null,Null,DRY,DARK - NO LIGHTING,ANIMAL IN ROADWAY,NHP,2327883,Null,Null,Null,2016-08-12T06:00:00.000Z,{B07E373F-16CD-4B22-9BC6-7D1458B89713}
346720,254407.4553,4333897.52,39.12,-119.8,2016-08-11,DEER,PROPERTY DAMAGE ONLY,CARSON CITY,Thu Aug 11 00:00:00 PDT 2016,Sun Dec 31 07:42:00 PST 1899,7:42:00,US50,1000,E,MILE MARKER 3,CLEAR,-9999,-9999,PDO,Null,NON-COLLISION,1,UTILITY,W,29,2,GOING STRAIGHT,APPARENTLY NORMAL,Null,Null,Null,DEER,Null,Null,Null,Null,Null,Null,Null,Null,Null,Null,Null,Null,DRY,DAYLIGHT,ANIMAL IN ROADWAY,NHP,2327771,Null,Null,Null,2016-08-11T14:42:00.000Z,{569571EA-E4DE-4F1F-BE3A-0C9B2F2CBE46}
346953,410881.1159,4493769.886,40.59,-118.1,2016-08-11,CATTLE,PROPERTY DAMAGE ONLY,PERSHING,Thu Aug 11 00:00:00 PDT 2016,Sun Dec 31 22:25:00 PST 1899,22:25:00,SR400,250,S,MILE MARKER 10,CLEAR,-9999,-9999,PDO,Null,NON-COLLISION,1,UTILITY,N,69,1,GOING STRAIGHT,APPARENTLY NORMAL,Null,OBJECT AVOIDANCE,Null,CATTLE,Null,Null,Null,Null,Null,Null,Null,Null,Null,Null,Null,Null,DRY,DARK - NO LIGHTING,ANIMAL IN ROADWAY,NHP,2327834,Null,Null,Null,2016-08-12T05:25:00.000Z,{B3ED14FE-9AFF-4953-BC09-5A0686004CA8}
338376,261866.9131,4312023.165,38.92,-119.7,2016-08-18,UNKNOWN,PROPERTY DAMAGE ONLY,DOUGLAS,Thu Aug 18 00:00:00 PDT 2016,Sun Dec 31 07:20:00 PST 1899,7:20:00,SR756,100,S,WATERLOO LN,CLEAR,-9999,-9999,PDO,Null,NON-COLLISION,1,CARRY-ALL,S,69,-9999,NOT REPORTED,APPARENTLY NORMAL,Null,OBJECT AVOIDANCE,Null,OTHER ANIMAL: RAN OFF ROAD RIGHT: OVERTURN/ROLLOVER,Null,Null,Null,Null,Null,Null,Null,Null,Null,Null,Null,Null,Null,DAYLIGHT,ANIMAL IN ROADWAY,DCSO,2316339,Null,Null,Null,2016-08-18T14:20:00.000Z,{37EF0DA0-6BE0-4C20-9952-47DFBAEBC187}
347113,255665.9873,4352755.908,39.29,-119.8,2016-08-18,DEER,PROPERTY DAMAGE ONLY,WASHOE,Thu Aug 18 00:00:00 PDT 2016,Sun Dec 31 19:02:00 PST 1899,19:02:00,US395A,50,W,MILE MARKER 6,CLOUDY,-9999,-9999,PDO,Null,NON-COLLISION,1,VAN,W,47,1,GOING STRAIGHT,APPARENTLY NORMAL,Null,Null,Null,DEER: HIGHWAY TRAFFIC SIGN POST,Null,Null,Null,Null,Null,Null,Null,Null,Null,Null,Null,Null,DRY,DUSK,ANIMAL IN ROADWAY,NHP,2328234,Null,Null,Null,2016-08-19T02:02:00.000Z,{8D74B198-5FD4-4AD3-8757-B5E454D8D9C2}
356268,645753.8688,4359087.406,39.37,-115.3,2016-12-15,DEER,PROPERTY DAMAGE ONLY,WHITE PINE,Thu Dec 15 00:00:00 PST 2016,Sun Dec 31 17:32:00 PST 1899,17:32:00,US50,528,E,MILE MARKER 36,CLOUDY: RAIN,-9999,-9999,PDO,Null,NON-COLLISION,1,VAN,E,60,1,GOING STRAIGHT,APPARENTLY NORMAL,Null,OBJECT AVOIDANCE,Null,DEER,Null,Null,Null,Null,Null,Null,Null,Null,Null,Null,Null,Null,DRY,DARK - NO LIGHTING,ANIMAL IN ROADWAY,NHP,2342237,Null,Null,Null,2016-12-16T01:32:00.000Z,{E4A70BA3-90C0-4D10-AD4D-5B59724D5AAD}
355243,600418.4408,4173725.074,37.71,-115.9,2016-12-15,CATTLE,INJURY CRASH,LINCOLN,Thu Dec 15 00:00:00 PST 2016,Sun Dec 31 19:15:00 PST 1899,19:15:00,SR375,1056,E,MILE MARKER 2,CLOUDY,-9999,2,Null,C,NON-COLLISION,1,PICKUP,E,43,1,GOING STRAIGHT,APPARENTLY NORMAL,Null,Null,Null,CATTLE,Null,Null,Null,Null,Null,Null,Null,Null,Null,Null,Null,Null,DRY,DARK - NO LIGHTING,ANIMAL IN ROADWAY,NHP,2342250,Null,Null,Null,2016-12-16T03:15:00.000Z,{621C3188-FE6F-4C26-A4AD-EBDF6D44D0E6}
356450,598785.6859,4174725.733,37.71,-115.9,2016-12-15,CATTLE,PROPERTY DAMAGE ONLY,LINCOLN,Thu Dec 15 00:00:00 PST 2016,Sun Dec 31 08:00:00 PST 1899,8:00:00,SR375,0,Null,MILE MARKER 1,UNKNOWN,-9999,-9999,PDO,Null,NON-COLLISION,1,UNKNOWN,U,-9999,1,UNKNOWN,Null,Null,HIT AND RUN,Null,CATTLE,Null,Null,Null,Null,Null,Null,Null,Null,Null,Null,Null,Null,DRY,UNKNOWN,ANIMAL IN ROADWAY,NHP,2342212,Null,Null,Null,2016-12-15T16:00:00.000Z,{8D4D2363-3CB3-4CD2-94AA-BADA7C2DCF29}
354806,259427.9629,4326220.851,39.05,-119.8,2016-12-22,DEER,PROPERTY DAMAGE ONLY,DOUGLAS,Thu Dec 22 00:00:00 PST 2016,Sun Dec 31 18:05:00 PST 1899,18:05:00,US395N,1584,S,MILE MARKER 30,CLEAR,-9999,-9999,PDO,Null,NON-COLLISION,1,"SEDAN, 4 DOOR",N,-9999,-9999,GOING STRAIGHT,APPARENTLY NORMAL,Null,UNKNOWN,Null,DEER,Null,Null,Null,Null,Null,Null,Null,Null,Null,Null,Null,Null,Null,Null,Null,NHP,2342766,Null,Null,Null,2016-12-23T02:05:00.000Z,{3EF628B8-C722-4C0E-B1F5-ED5E3D74619E}
355993,259354.6134,4323418.409,39.03,-119.8,2016-12-22,DEER,PROPERTY DAMAGE ONLY,DOUGLAS,Thu Dec 22 00:00:00 PST 2016,Sun Dec 31 18:00:00 PST 1899,18:00:00,US395N,2,N,JOHNSON LN,CLEAR,-9999,-9999,PDO,Null,NON-COLLISION,1,PICKUP,N,-9999,-9999,GOING STRAIGHT,APPARENTLY NORMAL,Null,OBJECT AVOIDANCE,Null,DEER,Null,Null,Null,Null,Null,Null,Null,Null,Null,Null,Null,Null,Null,Null,Null,NHP,2342998,Null,Null,Null,2016-12-23T02:00:00.000Z,{61A04960-627A-456C-8186-0F920FB5F140}
369441,604953.4926,4170946.67,37.68,-115.8,2016-12-22,CATTLE,PROPERTY DAMAGE ONLY,LINCOLN,Thu Dec 22 00:00:00 PST 2016,Sun Dec 31 20:30:00 PST 1899,20:30:00,SR375,2640,E,MILE MARKER 5,RAIN,-9999,-9999,PDO,Null,NON-COLLISION,1,PICKUP,E,42,1,GOING STRAIGHT,APPARENTLY NORMAL,Null,Null,Null,CATTLE,Null,Null,Null,Null,Null,Null,Null,Null,Null,Null,Null,Null,DRY,DARK - NO LIGHTING,ANIMAL IN ROADWAY,NHP,2357577,Null,Null,Null,2016-12-23T04:30:00.000Z,{6C59871D-2DC2-44B0-9A27-53A967116550}
358609,521965.1325,4083654.853,36.9,-116.8,2016-12-29,BURRO,PROPERTY DAMAGE ONLY,NYE,Thu Dec 29 00:00:00 PST 2016,Sun Dec 31 22:39:00 PST 1899,22:39:00,US95N,1,S,MILE MARKER 59,CLEAR,-9999,-9999,PDO,Null,NON-COLLISION,1,"SEDAN, 4 DOOR",S,-9999,-9999,GOING STRAIGHT,INATTENTION/DISTRACTED,RADIO/CD PLAYER,OTHER IMPROPER DRIVING,Null,BURRO,Null,Null,Null,Null,Null,Null,Null,Null,Null,Null,Null,Null,Null,Null,Null,NYSO,2344163,Null,Null,Null,2016-12-30T06:39:00.000Z,{B6F7B8D3-63F3-4CEE-8F58-DA8F4EA94E57}
325145,318927.9769,4383358.444,39.58,-119.1,2016-02-04,COYOTE,PROPERTY DAMAGE ONLY,LYON,Thu Feb 04 00:00:00 PST 2016,Sun Dec 31 21:15:00 PST 1899,21:15:00,US50A,250,E,MILE MARKER 22,CLEAR,-9999,-9999,PDO,Null,NON-COLLISION,1,"SEDAN, 4 DOOR",W,30,2,GOING STRAIGHT,APPARENTLY NORMAL,Null,UNKNOWN,Null,DOG/COYOTE,Null,Null,Null,Null,Null,Null,Null,Null,Null,Null,Null,Null,DRY,DARK - SPOT LIGHTING,NONE,NHP,2226224,Null,Null,Null,2016-02-05T05:15:00.000Z,{90D4CB4C-F53A-4505-B8DC-87E3C9FCBA57}