OBJECTID,X,Y,Latitude,Longitude,Date,AnimalType,Crash_Seve,County,Crash_Date_Original,Crash_Time_Original,Crash_Time,Primary_St,Distance,Dir,Secondary_,Weather,Fatalities,Injured,Property_D,Injury_Typ,Crash_Type,Total_Vehi,V1_Type,V1_Dir,V1_Driver_,V1_Lane_Nu,V1_Action,V1_Driver1,V1_Drive_1,V1_Vehicle,V1_Most_Ha,V1_All_Eve,V2_Type,V2_Dir,V2_Driver_,V2_Lane_Nu,V2_Action,V2_Driver1,V2_Drive_1,V2_Vehicle,V2_Most_Ha,V2_All_Eve,First_Harm,Nonmotoris,Factors_Ro,Lighting,HWY_Factor,Agency,Accident_R,Pedalcycli,Pedestrian,Motorcycli,CrashDateT,GlobalID
312008,672578.7499,4008962.838,36.21,-115.1,2016-02-11,HORSE,INJURY CRASH,CLARK,Thu Feb 11 00:00:00 PST 2016,Sun Dec 31 18:06:00 PST 1899,18:06:00,LAMB BLVD,0,Null,ALTO AVE,CLEAR,-9999,1,Null,C,NON-COLLISION,1,"SEDAN, 4 DOOR",N,48,-9999,GOING STRAIGHT,APPARENTLY NORMAL,Null,Null,Null,HORSE,Null,Null,Null,Null,Null,Null,Null,Null,Null,Null,Null,Null,DRY,DARK - SPOT LIGHTING,NONE,LVMPD,2223155,Null,Null,Null,2016-02-12T02:06:00.000Z,{E609B3FE-2134-48E2-A4CB-488F841C50A2}
359409,603963.2305,4522488.572,40.85,-115.8,2016-02-11,DEER,PROPERTY DAMAGE ONLY,ELKO,Thu Feb 11 00:00:00 PST 2016,Sun Dec 31 07:00:00 PST 1899,7:00:00,RUBY VISTA DR,0,Null,SKYLINE DR,CLEAR,-9999,-9999,PDO,Null,NON-COLLISION,1,"SEDAN, 4 DOOR",W,48,-9999,GOING STRAIGHT,Null,Null,Null,Null,DEER,Null,Null,Null,Null,Null,Null,Null,Null,Null,Null,Null,Null,Null,DAYLIGHT,ANIMAL IN ROADWAY,ELPD,2353076,Null,Null,Null,2016-02-11T15:00:00.000Z,{8457A3EB-69BE-4A03-80D1-CF7D2BF62B05}
325225,641566.6504,4031787.246,36.42,-115.4,2016-02-11,BURRO,PROPERTY DAMAGE ONLY,CLARK,Thu Feb 11 00:00:00 PST 2016,Sun Dec 31 00:20:00 PST 1899,0:20:00,US95S,1000,N,MILE MARKER 101,CLEAR,-9999,-9999,PDO,Null,NON-COLLISION,1,"SEDAN, 4 DOOR",S,21,1,GOING STRAIGHT,APPARENTLY NORMAL,Null,OBJECT AVOIDANCE,Null,BURRO,Null,Null,Null,Null,Null,Null,Null,Null,Null,Null,Null,Null,DRY,DARK - NO LIGHTING,NONE,NHP,2226511,Null,Null,Null,2016-02-11T08:20:00.000Z,{5B0CC8F8-2FA1-4355-8E4E-CB43A0ED4F0E}
325434,284711.0428,4354569.01,39.31,-119.5,2016-02-25,HORSE,PROPERTY DAMAGE ONLY,LYON,Thu Feb 25 00:00:00 PST 2016,Sun Dec 31 05:59:00 PST 1899,5:59:00,US50,929,E,MILE MARKER 13,CLEAR,-9999,-9999,PDO,Null,NON-COLLISION,1,"SEDAN, 4 DOOR",W,31,2,GOING STRAIGHT,APPARENTLY NORMAL,Null,OBJECT AVOIDANCE,Null,HORSE,Null,Null,Null,Null,Null,Null,Null,Null,Null,Null,Null,Null,DRY,DUSK,NONE,NHP,2227172,Null,Null,Null,2016-02-25T13:59:00.000Z,{0797C5A8-B49F-40FE-ACB0-53E38170D0BF}
320220,356418.7008,4259351.838,38.47,-118.6,2016-01-14,CATTLE,INJURY CRASH,MINERAL,Thu Jan 14 00:00:00 PST 2016,Sun Dec 31 18:00:00 PST 1899,18:00:00,SR359,1056,N,MILE MARKER 29,CLOUDY,-9999,1,Null,C,NON-COLLISION,1,PICKUP,S,63,1,GOING STRAIGHT,APPARENTLY NORMAL,Null,OBJECT AVOIDANCE,Null,CATTLE,Null,Null,Null,Null,Null,Null,Null,Null,Null,Null,Null,Null,DRY,DARK - NO LIGHTING,ANIMAL IN ROADWAY,NHP,2224938,Null,Null,Null,2016-01-15T02:00:00.000Z,{2017DD31-AAA3-41B0-8B6B-B12617802DB8}
320386,642160.7906,4031052.717,36.41,-115.4,2016-01-21,COYOTE,PROPERTY DAMAGE ONLY,CLARK,Thu Jan 21 00:00:00 PST 2016,Sun Dec 31 05:15:00 PST 1899,5:15:00,US95S,2100,S,MILE MARKER 101,CLEAR,-9999,-9999,PDO,Null,NON-COLLISION,1,VAN,S,72,1,GOING STRAIGHT,APPARENTLY NORMAL,Null,FAILURE TO KEEP IN PROPER LANE OR RUNNING OFF ROAD: UNSAFE LANE CHANGE: OBJECT AVOIDANCE,Null,RAN OFF ROAD LEFT: CULVERT,Null,Null,Null,Null,Null,Null,Null,Null,Null,Null,Null,Null,DRY,DARK - NO LIGHTING,ANIMAL IN ROADWAY,NHP,2225296,Null,Null,Null,2016-01-21T13:15:00.000Z,{00C41968-B608-4585-96CC-6D102848C3B6}
320400,357445.1171,4372417.227,39.49,-118.7,2016-01-21,CATTLE,PROPERTY DAMAGE ONLY,CHURCHILL,Thu Jan 21 00:00:00 PST 2016,Sun Dec 31 18:35:00 PST 1899,18:35:00,SR116,1320,W,MILE MARKER 3,CLEAR,-9999,-9999,PDO,Null,NON-COLLISION,1,"SEDAN, 4 DOOR",W,49,1,GOING STRAIGHT,APPARENTLY NORMAL,Null,UNKNOWN,Null,CATTLE,Null,Null,Null,Null,Null,Null,Null,Null,Null,Null,Null,Null,DRY,DARK - NO LIGHTING,NONE,NHP,2225341,Null,Null,Null,2016-01-22T02:35:00.000Z,{34757C73-5AD8-40D0-B199-5CBA8B000029}
320435,583889.7515,4026310.935,36.38,-116.1,2016-01-28,BURRO,INJURY CRASH,NYE,Thu Jan 28 00:00:00 PST 2016,Sun Dec 31 05:14:00 PST 1899,5:14:00,SR160,10,S,MILE MARKER 23,CLEAR,-9999,1,Null,C,NON-COLLISION,1,VAN,N,63,1,GOING STRAIGHT,APPARENTLY NORMAL,Null,Null,Null,BURRO,Null,Null,Null,Null,Null,Null,Null,Null,Null,Null,Null,Null,DRY,DARK - NO LIGHTING,NONE,NHP,2225657,Null,Null,Null,2016-01-28T13:14:00.000Z,{B57367CD-BF5D-409B-988B-FF1D8ED4A9C8}
337217,260837.3132,4336687.659,39.15,-119.8,2016-07-14,DEER,INJURY CRASH,CARSON CITY,Thu Jul 14 00:00:00 PDT 2016,Sun Dec 31 20:59:00 PST 1899,20:59:00,SR529,0,Null,COLORADO ST,CLEAR,-9999,1,Null,B,NON-COLLISION,1,"HARDTOP, 4 DOOR",S,54,1,GOING STRAIGHT,APPARENTLY NORMAL,Null,Null,Null,DEER,Null,Null,Null,Null,Null,Null,Null,Null,Null,Null,Null,Null,DRY,DARK - SPOT LIGHTING,ANIMAL IN ROADWAY,CCSO,2316108,Null,Null,Null,2016-07-15T03:59:00.000Z,{D198BFC5-B42D-4A24-BF36-1343E3C8C6C0}
345388,433178.921,4146838.425,37.47,-117.8,2016-07-14,CATTLE,PROPERTY DAMAGE ONLY,ESMERALDA,Thu Jul 14 00:00:00 PDT 2016,Sun Dec 31 02:00:00 PST 1899,2:00:00,SR266,1056,E,MILE MARKER 5,CLEAR,-9999,-9999,PDO,Null,NON-COLLISION,1,CARRY-ALL,W,23,1,GOING STRAIGHT,APPARENTLY NORMAL,Null,DROVE LEFT OF CENTER,Null,CATTLE: CROSS MEDIAN/CENTERLINE,Null,Null,Null,Null,Null,Null,Null,Null,Null,Null,Null,Null,DRY,DARK - NO LIGHTING,NONE,NHP,2326256,Null,Null,Null,2016-07-14T09:00:00.000Z,{F572B48A-05DF-47B7-9CD6-D5ED9011C435}
346650,287762.8232,4381216.683,39.55,-119.5,2016-07-21,UNKNOWN,PROPERTY DAMAGE ONLY,STOREY,Thu Jul 21 00:00:00 PDT 2016,Sun Dec 31 21:21:00 PST 1899,21:21:00,ELECTRIC AVE N,934,N,CLARK STATION RD,CLEAR,-9999,-9999,PDO,Null,NON-COLLISION,1,"SEDAN, 4 DOOR",N,21,-9999,GOING STRAIGHT,APPARENTLY NORMAL,Null,Null,Null,RAN OFF ROAD RIGHT: DITCH: OVERTURN/ROLLOVER,Null,Null,Null,Null,Null,Null,Null,Null,Null,Null,Null,Null,DRY,DARK - NO LIGHTING,ANIMAL IN ROADWAY,STSO,2331790,Null,Null,Null,2016-07-22T04:21:00.000Z,{8A418544-3618-4126-AE21-04E16C648D04}
342865,256733.0777,4351532.692,39.28,-119.8,2016-07-21,DEER,INJURY CRASH,WASHOE,Thu Jul 21 00:00:00 PDT 2016,Sun Dec 31 19:57:00 PST 1899,19:57:00,IR580N,0,Null,MILE MARKER 5,CLEAR,-9999,1,Null,C,NON-COLLISION,1,"HATCHBACK, 4 DOOR",N,71,1,GOING STRAIGHT,APPARENTLY NORMAL,Null,Null,Null,DEER,Null,Null,Null,Null,Null,Null,Null,Null,Null,Null,Null,Null,DRY,DAYLIGHT,ANIMAL IN ROADWAY,NHP,2326704,Null,Null,Null,2016-07-22T02:57:00.000Z,{18140FC0-6971-452C-B8FD-B2B2543C7092}
342347,251175.1102,4333786.349,39.12,-119.9,2016-07-28,DEER,PROPERTY DAMAGE ONLY,CARSON CITY,Thu Jul 28 00:00:00 PDT 2016,Sun Dec 31 22:48:00 PST 1899,22:48:00,US50,1000,W,MILE MARKER 1,CLEAR,-9999,-9999,PDO,Null,NON-COLLISION,1,PICKUP,E,26,1,GOING STRAIGHT,APPARENTLY NORMAL,Null,Null,Null,DEER,Null,Null,Null,Null,Null,Null,Null,Null,Null,Null,Null,Null,DRY,DARK - NO LIGHTING,ANIMAL IN ROADWAY,NHP,2327090,Null,Null,Null,2016-07-29T05:48:00.000Z,{DA55C797-FFEB-4391-99AE-74F2D6A3EE35}
342348,612374.7287,4166399.33,37.64,-115.7,2016-07-28,CATTLE,INJURY CRASH,LINCOLN,Thu Jul 28 00:00:00 PDT 2016,Sun Dec 31 22:55:00 PST 1899,22:55:00,SR375,500,N,MILE MARKER 11,CLOUDY,-9999,1,Null,C,NON-COLLISION,1,"SEDAN, 2 DOOR",N,29,1,NOT REPORTED,APPARENTLY NORMAL,Null,Null,Null,CATTLE,Null,Null,Null,Null,Null,Null,Null,Null,Null,Null,Null,Null,DRY,DARK - NO LIGHTING,ANIMAL IN ROADWAY,NHP,2327091,Null,Null,Null,2016-07-29T05:55:00.000Z,{6BBE755D-8233-46AD-A65A-DE7CDFC01860}
337860,342390.4104,4374241.291,39.5,-118.8,2016-06-09,DEER,PROPERTY DAMAGE ONLY,CHURCHILL,Thu Jun 09 00:00:00 PDT 2016,Sun Dec 31 02:30:00 PST 1899,2:30:00,HILLSBORO BLVD,0,Null,OLIVE WAY,UNKNOWN,-9999,-9999,PDO,Null,NON-COLLISION,1,"SEDAN, 2 DOOR",U,-9999,-9999,UNKNOWN,Null,Null,UNKNOWN,Null,DEER,Null,Null,Null,Null,Null,Null,Null,Null,Null,Null,Null,Null,DRY,UNKNOWN,ANIMAL IN ROADWAY,CHSO,2316222,Null,Null,Null,2016-06-09T09:30:00.000Z,{D98E6178-CA4F-4DB2-9F87-5619B1BCA67C}
338279,341906.288,4370559.329,39.47,-118.8,2016-06-09,DEER,PROPERTY DAMAGE ONLY,CHURCHILL,Thu Jun 09 00:00:00 PDT 2016,Sun Dec 31 22:34:00 PST 1899,22:34:00,CASEY RD,1320,E,SR715,CLEAR,-9999,-9999,PDO,Null,NON-COLLISION,1,"SEDAN, 4 DOOR",E,20,-9999,GOING STRAIGHT,APPARENTLY NORMAL,Null,UNKNOWN,Null,DEER,Null,Null,Null,Null,Null,Null,Null,Null,Null,Null,Null,Null,DRY,DARK - NO LIGHTING,NONE,CHSO,2316223,Null,Null,Null,2016-06-10T05:34:00.000Z,{05E9C9AF-A9A9-48CF-998D-6C27CCFBCA16}
340385,345862.995,4327674.643,39.08,-118.8,2016-06-09,COYOTE,PROPERTY DAMAGE ONLY,LYON,Thu Jun 09 00:00:00 PDT 2016,Sun Dec 31 00:58:00 PST 1899,0:58:00,US95N,1320,S,MILE MARKER 1,CLEAR,-9999,-9999,PDO,Null,NON-COLLISION,1,"HARDTOP, 4 DOOR",S,41,1,GOING STRAIGHT,Null,Null,UNKNOWN,Null,DOG/COYOTE,Null,Null,Null,Null,Null,Null,Null,Null,Null,Null,Null,Null,DRY,DARK - NO LIGHTING,ANIMAL IN ROADWAY,NHP,2324311,Null,Null,Null,2016-06-09T07:58:00.000Z,{128D9ECF-3FFC-4F67-AEAD-6D641671BE61}
342914,250492.2391,4390127.056,39.62,-119.9,2016-06-23,DEER,INJURY CRASH,WASHOE,Thu Jun 23 00:00:00 PDT 2016,Sun Dec 31 04:41:00 PST 1899,4:41:00,US395N,522,S,US395N TO FRWA26 INT78,CLEAR,-9999,1,Null,C,NON-COLLISION,1,UTILITY,N,32,1,GOING STRAIGHT,APPARENTLY NORMAL,Null,Null,Null,DEER,Null,Null,Null,Null,Null,Null,Null,Null,Null,Null,Null,Null,DRY,DAWN,ANIMAL IN ROADWAY,NHP,2325145,Null,Null,Null,2016-06-23T11:41:00.000Z,{31A0643C-75FC-498D-8DDB-9C37FC490701}
342763,607826.0953,4518505.754,40.81,-115.7,2016-06-30,DEER,PROPERTY DAMAGE ONLY,ELKO,Thu Jun 30 00:00:00 PDT 2016,Sun Dec 31 23:43:00 PST 1899,23:43:00,SR227,1431,N,MILE MARKER 4,CLEAR,-9999,-9999,PDO,Null,NON-COLLISION,1,PICKUP,S,18,2,GOING STRAIGHT,APPARENTLY NORMAL,Null,Null,Null,DEER,Null,Null,Null,Null,Null,Null,Null,Null,Null,Null,Null,Null,DRY,DARK - NO LIGHTING,NONE,NHP,2325536,Null,Null,Null,2016-07-01T06:43:00.000Z,{DF038D7C-4BAA-465E-96A5-71BC56E3E3C4}
327450,310352.6257,4307126.689,38.89,-119.2,2016-03-17,DEER,PROPERTY DAMAGE ONLY,LYON,Thu Mar 17 00:00:00 PDT 2016,Sun Dec 31 07:10:00 PST 1899,7:10:00,SR339,2100,N,MILE MARKER 4,CLEAR,-9999,-9999,PDO,Null,NON-COLLISION,1,CARRY-ALL,N,36,1,GOING STRAIGHT,APPARENTLY NORMAL,Null,Null,Null,DEER,Null,Null,Null,Null,Null,Null,Null,Null,Null,Null,Null,Null,DRY,DAYLIGHT,ANIMAL IN ROADWAY,NHP,2235034,Null,Null,Null,2016-03-17T14:10:00.000Z,{F0B07758-B7BE-438A-9BB4-9B393026F8DB}
333150,703271.5034,4550187.301,41.08,-114.6,2016-03-17,DEER,PROPERTY DAMAGE ONLY,ELKO,Thu Mar 17 00:00:00 PDT 2016,Sun Dec 31 22:14:00 PST 1899,22:14:00,IR80E,1000,W,MILE MARKER 95,CLOUDY,-9999,-9999,PDO,Null,NON-COLLISION,1,"SEDAN, 4 DOOR",E,48,2,GOING STRAIGHT,APPARENTLY NORMAL,Null,OBJECT AVOIDANCE,Null,DEER,Null,Null,Null,Null,Null,Null,Null,Null,Null,Null,Null,Null,DRY,DARK - NO LIGHTING,ANIMAL IN ROADWAY,NHP,2235082,Null,Null,Null,2016-03-18T05:14:00.000Z,{F83B9B01-8BAD-4865-B6B7-E95341E779E0}
327790,718677.3264,4452894.417,40.2,-114.4,2016-03-24,ELK,PROPERTY DAMAGE ONLY,ELKO,Thu Mar 24 00:00:00 PDT 2016,Sun Dec 31 04:15:00 PST 1899,4:15:00,US93AN,500,N,MILE MARKER 8,CLOUDY,-9999,-9999,PDO,Null,NON-COLLISION,1,PICKUP,S,45,1,GOING STRAIGHT,APPARENTLY NORMAL,Null,OBJECT AVOIDANCE,Null,ELK: RAN OFF ROAD RIGHT,Null,Null,Null,Null,Null,Null,Null,Null,Null,Null,Null,Null,DRY,DARK - NO LIGHTING,ANIMAL IN ROADWAY,NHP,2235376,Null,Null,Null,2016-03-24T11:15:00.000Z,{E4B165AB-A92B-4F77-9694-F3FCE4A8D84F}
335104,469689.6446,4529485.193,40.92,-117.4,2016-03-24,DEER,PROPERTY DAMAGE ONLY,HUMBOLDT,Thu Mar 24 00:00:00 PDT 2016,Sun Dec 31 21:56:00 PST 1899,21:56:00,IR80E,250,E,MILE MARKER 38,CLEAR,-9999,-9999,PDO,Null,NON-COLLISION,1,UTILITY,E,58,2,GOING STRAIGHT,APPARENTLY NORMAL,Null,UNKNOWN,Null,DEER,Null,Null,Null,Null,Null,Null,Null,Null,Null,Null,Null,Null,DRY,DARK - NO LIGHTING,ANIMAL IN ROADWAY,NHP,2235428,Null,Null,Null,2016-03-25T04:56:00.000Z,{1AE3071E-73AB-4489-A0F6-6742F7910B20}
328229,525397.7713,4089678.473,36.95,-116.7,2016-03-24,BURRO,PROPERTY DAMAGE ONLY,NYE,Thu Mar 24 00:00:00 PDT 2016,Sun Dec 31 05:26:00 PST 1899,5:26:00,US95N,1250,S,MILE MARKER 64,CLEAR,-9999,-9999,PDO,Null,NON-COLLISION,1,"TRACTOR TRUCK, DIESEL",S,55,1,GOING STRAIGHT,APPARENTLY NORMAL,Null,Null,Null,BURRO,Null,Null,Null,Null,Null,Null,Null,Null,Null,Null,Null,Null,DRY,DARK - NO LIGHTING,ANIMAL IN ROADWAY,NHP,2235379,Null,Null,Null,2016-03-24T12:26:00.000Z,{F6C65C57-7318-4D75-873F-9F373275CC7B}
329172,687763.3653,4338841.047,39.18,-114.8,2016-05-05,DEER,PROPERTY DAMAGE ONLY,WHITE PINE,Thu May 05 00:00:00 PDT 2016,Sun Dec 31 05:17:00 PST 1899,5:17:00,US6,1209,E,MILE MARKER 44,CLEAR,-9999,-9999,PDO,Null,NON-COLLISION,1,SEDAN,W,47,-9999,GOING STRAIGHT,APPARENTLY NORMAL,Null,Null,Null,DEER,Null,Null,Null,Null,Null,Null,Null,Null,Null,Null,Null,Null,DRY,DAWN,ANIMAL IN ROADWAY,NHP,2237640,Null,Null,Null,2016-05-05T12:17:00.000Z,{CDDA1FF4-77E4-48FB-AE2B-1334C24BA45F}
374398,692363.9321,4387326.909,39.61,-114.8,2016-05-05,DEER,PROPERTY DAMAGE ONLY,WHITE PINE,Thu May 05 00:00:00 PDT 2016,Sun Dec 31 23:10:00 PST 1899,23:10:00,US93N,528,S,MILE MARKER 80,CLOUDY,-9999,-9999,PDO,Null,NON-COLLISION,1,"SEDAN, 4 DOOR",S,21,1,GOING STRAIGHT,APPARENTLY NORMAL,Null,UNKNOWN,Null,DEER,Null,Null,Null,Null,Null,Null,Null,Null,Null,Null,Null,Null,DRY,DARK - NO LIGHTING,ANIMAL IN ROADWAY,NHP,2356470,Null,Null,Null,2016-05-06T06:10:00.000Z,{AF16606F-EDDD-4FB7-89A9-307872FF183F}
361955,650997.1446,4549843.109,41.09,-115.2,2016-05-12,DEER,PROPERTY DAMAGE ONLY,ELKO,Thu May 12 00:00:00 PDT 2016,Sun Dec 31 22:09:00 PST 1899,22:09:00,IR80W,192,W,MILE MARKER 61,CLEAR,-9999,-9999,PDO,Null,NON-COLLISION,1,CARRY-ALL,W,38,1,GOING STRAIGHT,APPARENTLY NORMAL,Null,Null,Null,DEER,Null,Null,Null,Null,Null,Null,Null,Null,Null,Null,Null,Null,DRY,DARK - NO LIGHTING,ANIMAL IN ROADWAY,NHP,2356621,Null,Null,Null,2016-05-13T05:09:00.000Z,{D673B7A6-8F48-4CC2-98F5-1C05B6DC641B}
361477,629439.827,4043378.227,36.53,-115.6,2016-05-12,COYOTE,INJURY CRASH,CLARK,Thu May 12 00:00:00 PDT 2016,Sun Dec 31 12:59:00 PST 1899,12:59:00,US95S,500,S,MILE MARKER 112,CLEAR,-9999,1,Null,B,NON-COLLISION,1,"SEDAN, 4 DOOR",N,24,-9999,GOING STRAIGHT,APPARENTLY NORMAL,Null,FAILURE TO KEEP IN PROPER LANE OR RUNNING OFF ROAD: UNSAFE LANE CHANGE,Null,DOG/COYOTE: RAN OFF ROAD RIGHT: EMBANKMENT: OVERTURN/ROLLOVER,Null,Null,Null,Null,Null,Null,Null,Null,Null,Null,Null,Null,DRY,DARK - NO LIGHTING,ANIMAL IN ROADWAY,NHP,2356623,Null,Null,Null,2016-05-12T19:59:00.000Z,{82DD2A9D-5D84-44E5-AD34-34A54733A0E9}
337376,248452.7014,4390686.167,39.63,-119.9,2016-05-26,DEER,INJURY CRASH,WASHOE,Thu May 26 00:00:00 PDT 2016,Sun Dec 31 21:03:00 PST 1899,21:03:00,US395N,528,N,MILE MARKER 37,CLEAR,-9999,1,Null,C,NON-COLLISION,1,"SEDAN, 4 DOOR",N,35,2,GOING STRAIGHT,APPARENTLY NORMAL,Null,Null,Null,DEER,Null,Null,Null,Null,Null,Null,Null,Null,Null,Null,Null,Null,DRY,DARK - NO LIGHTING,ANIMAL IN ROADWAY,NHP,2323599,Null,Null,Null,2016-05-27T04:03:00.000Z,{ABE1C334-BF81-429A-AD08-8B066EDE0539}
337406,722641.1955,4173425.091,37.68,-114.5,2016-05-26,DEER,PROPERTY DAMAGE ONLY,LINCOLN,Thu May 26 00:00:00 PDT 2016,Sun Dec 31 20:54:00 PST 1899,20:54:00,US93N,2412,N,MILE MARKER 99,CLOUDY,-9999,-9999,PDO,Null,NON-COLLISION,1,MOTORCYCLE,N,61,-9999,GOING STRAIGHT,APPARENTLY NORMAL,Null,Null,Null,DEER,Null,Null,Null,Null,Null,Null,Null,Null,Null,Null,Null,Null,DRY,DARK - NO LIGHTING,ANIMAL IN ROADWAY,NHP,2323598,Null,Null,YES,2016-05-27T03:54:00.000Z,{906CEA8E-E9F3-4B0B-BCAD-5B816B48D825}
338677,495650.817,4509022.948,40.73,-117.1,2016-05-26,DEER,PROPERTY DAMAGE ONLY,HUMBOLDT,Thu May 26 00:00:00 PDT 2016,Sun Dec 31 23:27:00 PST 1899,23:27:00,IR80E,1100,W,MILE MARKER 59,CLOUDY,-9999,-9999,PDO,Null,NON-COLLISION,1,SEMI,W,47,2,GOING STRAIGHT,APPARENTLY NORMAL,Null,UNKNOWN,Null,DEER,Null,Null,Null,Null,Null,Null,Null,Null,Null,Null,Null,Null,DRY,DARK - NO LIGHTING,ANIMAL IN ROADWAY,NHP,2323607,Null,Null,Null,2016-05-27T06:27:00.000Z,{6F7527F1-969F-4B38-B484-63EC3528723D}
337445,427952.8069,4146297.651,37.46,-117.8,2016-05-26,CATTLE,INJURY CRASH,ESMERALDA,Thu May 26 00:00:00 PDT 2016,Sun Dec 31 21:01:00 PST 1899,21:01:00,SR266,2640,E,MILE MARKER 1,CLEAR,-9999,1,Null,B,NON-COLLISION,1,"SEDAN, 4 DOOR",E,43,1,GOING STRAIGHT,APPARENTLY NORMAL,Null,Null,Null,CATTLE: RAN OFF ROAD RIGHT: OVERTURN/ROLLOVER,Null,Null,Null,Null,Null,Null,Null,Null,Null,Null,Null,Null,DRY,DARK - NO LIGHTING,ANIMAL IN ROADWAY,NHP,2323602,Null,Null,Null,2016-05-27T04:01:00.000Z,{B556EA57-1339-4A68-A0D5-924815CBE65F}
357011,521703.8526,4085012.321,36.91,-116.8,2016-11-03,BURRO,PROPERTY DAMAGE ONLY,NYE,Thu Nov 03 00:00:00 PDT 2016,Sun Dec 31 06:15:00 PST 1899,6:15:00,US95N,0,Null,MILE MARKER 60,CLEAR,-9999,-9999,PDO,Null,NON-COLLISION,1,"HATCHBACK, 4 DOOR",S,-9999,-9999,GOING STRAIGHT,APPARENTLY NORMAL,Null,Null,Null,BURRO,Null,Null,Null,Null,Null,Null,Null,Null,Null,Null,Null,Null,Null,Null,Null,NYSO,2344111,Null,Null,Null,2016-11-03T13:15:00.000Z,{75C2BC1B-CD81-41EF-B6B0-BC7D0C025215}
364780,273315.9892,4344820.023,39.22,-119.6,2016-11-10,HORSE,PROPERTY DAMAGE ONLY,LYON,Thu Nov 10 00:00:00 PST 2016,Sun Dec 31 22:42:00 PST 1899,22:42:00,US50,1056,E,MILE MARKER 3,CLEAR,-9999,-9999,PDO,Null,NON-COLLISION,1,"SEDAN, 4 DOOR",E,21,2,GOING STRAIGHT,APPARENTLY NORMAL,Null,Null,Null,HORSE,Null,Null,Null,Null,Null,Null,Null,Null,Null,Null,Null,Null,DRY,DARK - NO LIGHTING,ANIMAL IN ROADWAY,NHP,2340165,Null,Null,Null,2016-11-11T06:42:00.000Z,{0C5284A5-C662-4545-80F8-1CBB47DB902A}
360101,673649.9347,4489224.924,40.54,-114.9,2016-11-10,ELK,PROPERTY DAMAGE ONLY,ELKO,Thu Nov 10 00:00:00 PST 2016,Sun Dec 31 21:14:00 PST 1899,21:14:00,US93N,2640,N,MILE MARKER 33,CLEAR,-9999,-9999,PDO,Null,NON-COLLISION,1,SEMI,S,34,1,GOING STRAIGHT,APPARENTLY NORMAL,Null,Null,Null,ELK,Null,Null,Null,Null,Null,Null,Null,Null,Null,Null,Null,Null,DRY,DARK - NO LIGHTING,ANIMAL IN ROADWAY,NHP,2340163,Null,Null,Null,2016-11-11T05:14:00.000Z,{F264D3E2-F386-4DCE-B1D7-529A7C5A27B2}
360477,606106.877,4523730.541,40.86,-115.7,2016-11-10,DEER,PROPERTY DAMAGE ONLY,ELKO,Thu Nov 10 00:00:00 PST 2016,Sun Dec 31 17:42:00 PST 1899,17:42:00,IR80E,2640,E,MILE MARKER 25.764,CLEAR,-9999,-9999,PDO,Null,NON-COLLISION,1,"SEDAN, 4 DOOR",E,20,1,PASSING OTHER VEHICLE,APPARENTLY NORMAL,Null,OBJECT AVOIDANCE,Null,DEER,Null,Null,Null,Null,Null,Null,Null,Null,Null,Null,Null,Null,DRY,DARK - NO LIGHTING,ANIMAL IN ROADWAY,ECSO,2332657,Null,Null,Null,2016-11-11T01:42:00.000Z,{104D6A96-5D5D-467D-9016-AEF10A583960}
365648,441157.5078,4377670.395,39.55,-117.7,2016-11-10,CATTLE,PROPERTY DAMAGE ONLY,CHURCHILL,Thu Nov 10 00:00:00 PST 2016,Sun Dec 31 17:35:00 PST 1899,17:35:00,US50,850,W,MILE MARKER 95,CLEAR,-9999,-9999,PDO,Null,NON-COLLISION,1,PICKUP,E,33,1,GOING STRAIGHT,APPARENTLY NORMAL,Null,OBJECT AVOIDANCE,Null,CATTLE,Null,Null,Null,Null,Null,Null,Null,Null,Null,Null,Null,Null,DRY,DARK - NO LIGHTING,ANIMAL IN ROADWAY,NHP,2340153,Null,Null,Null,2016-11-11T01:35:00.000Z,{86A151C9-F739-4903-AFCC-7B795EBE0266}
368170,441068.5484,4377630.149,39.55,-117.7,2016-11-10,CATTLE,PROPERTY DAMAGE ONLY,CHURCHILL,Thu Nov 10 00:00:00 PST 2016,Sun Dec 31 17:40:00 PST 1899,17:40:00,US50,1170,W,MILE MARKER 95,CLEAR,-9999,-9999,PDO,Null,NON-COLLISION,1,PICKUP,W,66,1,GOING STRAIGHT,APPARENTLY NORMAL,Null,OBJECT AVOIDANCE,Null,CATTLE,Null,Null,Null,Null,Null,Null,Null,Null,Null,Null,Null,Null,DRY,DARK - NO LIGHTING,ANIMAL IN ROADWAY,NHP,2340159,Null,Null,Null,2016-11-11T01:40:00.000Z,{47331E51-C816-4A71-AE14-DDE5A173FD77}