OBJECTID,X,Y,Latitude,Longitude,Date,AnimalType,Crash_Seve,County,Crash_Date_Original,Crash_Time_Original,Crash_Time,Primary_St,Distance,Dir,Secondary_,Weather,Fatalities,Injured,Property_D,Injury_Typ,Crash_Type,Total_Vehi,V1_Type,V1_Dir,V1_Driver_,V1_Lane_Nu,V1_Action,V1_Driver1,V1_Drive_1,V1_Vehicle,V1_Most_Ha,V1_All_Eve,V2_Type,V2_Dir,V2_Driver_,V2_Lane_Nu,V2_Action,V2_Driver1,V2_Drive_1,V2_Vehicle,V2_Most_Ha,V2_All_Eve,First_Harm,Nonmotoris,Factors_Ro,Lighting,HWY_Factor,Agency,Accident_R,Pedalcycli,Pedestrian,Motorcycli,CrashDateT,GlobalID
397967,286441.4916,4380526.818,39.55,-119.5,2016-11-10,CATTLE,PROPERTY DAMAGE ONLY,STOREY,Thu Nov 10 00:00:00 PST 2016,Sun Dec 31 23:10:00 PST 1899,23:10:00,SR439,106,S,MILE MARKER 9,CLEAR,-9999,-9999,PDO,Null,NON-COLLISION,1,"HARDTOP, 4 DOOR",N,33,1,GOING STRAIGHT,APPARENTLY NORMAL,Null,Null,Null,CATTLE,Null,Null,Null,Null,Null,Null,Null,Null,Null,Null,Null,Null,DRY,DARK - NO LIGHTING,NONE,NHP,2340166,Null,Null,Null,2016-11-11T07:10:00.000Z,{C9C0B16A-65FE-4C04-ABFA-6CFFEC0069C3}
355269,668141.6312,4124561.835,37.25,-115.1,2016-11-17,DEER,PROPERTY DAMAGE ONLY,LINCOLN,Thu Nov 17 00:00:00 PST 2016,Sun Dec 31 17:51:00 PST 1899,17:51:00,US93N,528,N,MILE MARKER 30,CLEAR,-9999,-9999,PDO,Null,NON-COLLISION,1,CARRY-ALL,N,32,1,GOING STRAIGHT,APPARENTLY NORMAL,Null,Null,Null,DEER,Null,Null,Null,Null,Null,Null,Null,Null,Null,Null,Null,Null,DRY,DARK - NO LIGHTING,ANIMAL IN ROADWAY,NHP,2340563,Null,Null,Null,2016-11-18T01:51:00.000Z,{734D72CC-8EBD-4C1F-9944-1A8D46841F0A}
355309,267821.4878,4362439.382,39.38,-119.7,2016-11-17,COYOTE,PROPERTY DAMAGE ONLY,WASHOE,Thu Nov 17 00:00:00 PST 2016,Sun Dec 31 17:00:00 PST 1899,17:00:00,SR341,200,E,MILE MARKER 1,CLEAR,-9999,-9999,PDO,Null,NON-COLLISION,1,"HARDTOP, 4 DOOR",E,-9999,-9999,GOING STRAIGHT,APPARENTLY NORMAL,Null,Null,Null,DOG/COYOTE,Null,Null,Null,Null,Null,Null,Null,Null,Null,Null,Null,Null,Null,Null,Null,WASD,2344489,Null,Null,Null,2016-11-18T01:00:00.000Z,{52A4BB39-663E-4C33-B278-D5F75E09CEE9}
355101,242221.279,4377422.931,39.51,-120,2016-11-24,DEER,PROPERTY DAMAGE ONLY,WASHOE,Thu Nov 24 00:00:00 PST 2016,Sun Dec 31 00:39:00 PST 1899,0:39:00,IR80E,528,W,MILE MARKER 3,CLEAR,-9999,-9999,PDO,Null,NON-COLLISION,1,"SEDAN, 4 DOOR",E,41,2,GOING STRAIGHT,APPARENTLY NORMAL,Null,Null,Null,Null,Null,Null,Null,Null,Null,Null,Null,Null,Null,Null,Null,Null,DRY,DARK - NO LIGHTING,ANIMAL IN ROADWAY,NHP,2340917,Null,Null,Null,2016-11-24T08:39:00.000Z,{3420B8F9-1015-4911-8536-065BD04CDFF1}
355164,242221.279,4377422.931,39.51,-120,2016-11-24,DEER,PROPERTY DAMAGE ONLY,WASHOE,Thu Nov 24 00:00:00 PST 2016,Sun Dec 31 00:39:00 PST 1899,0:39:00,IR80E,528,W,MILE MARKER 3,CLEAR,-9999,-9999,PDO,Null,NON-COLLISION,1,"HATCHBACK, 4 DOOR",E,40,2,GOING STRAIGHT,APPARENTLY NORMAL,Null,Null,Null,DEER,Null,Null,Null,Null,Null,Null,Null,Null,Null,Null,Null,Null,DRY,DARK - NO LIGHTING,ANIMAL IN ROADWAY,NHP,2340918,Null,Null,Null,2016-11-24T08:39:00.000Z,{826F9430-E909-4BCB-BF79-CED3DB16AA97}
356188,278618.6361,4380910.993,39.55,-119.6,2016-11-24,BIG HORN SHEEP,PROPERTY DAMAGE ONLY,WASHOE,Thu Nov 24 00:00:00 PST 2016,Sun Dec 31 08:25:00 PST 1899,8:25:00,IR80E,2112,W,MILE MARKER 28,CLEAR,-9999,-9999,PDO,Null,REAR-END,2,VAN,E,48,1,GOING STRAIGHT,APPARENTLY NORMAL,Null,DRIVING TOO FAST FOR CONDITIONS,Null,SLOW/STOPPED VEHICLE,"SEDAN, 4 DOOR",E,24,1,STOPPED,APPARENTLY NORMAL,Null,Null,Null,Null,Null,Null,DRY,DAYLIGHT,ANIMAL IN ROADWAY,NHP,2340924,Null,Null,Null,2016-11-24T16:25:00.000Z,{342EB385-1DB4-4776-B4E7-04ED202EDFCE}
367295,695515.7946,3984967.297,35.99,-114.8,2016-11-24,BIG HORN SHEEP,PROPERTY DAMAGE ONLY,CLARK,Thu Nov 24 00:00:00 PST 2016,Sun Dec 31 14:05:00 PST 1899,14:05:00,US93N,803,S,VILLE DR,CLEAR,-9999,-9999,PDO,Null,NON-COLLISION,1,CONVERTIBLE,N,-9999,-9999,GOING STRAIGHT,APPARENTLY NORMAL,Null,EXCEEDED AUTHORIZED SPEED LIMIT,Null,BIG HORN SHEEP,Null,Null,Null,Null,Null,Null,Null,Null,Null,Null,Null,Null,Null,Null,Null,BCPD,2332339,Null,Null,Null,2016-11-24T22:05:00.000Z,{C0BC0ACC-4C21-4A4B-BD90-B46792660A55}
360702,599557.782,4606885.845,41.61,-115.8,2016-10-06,DEER,PROPERTY DAMAGE ONLY,ELKO,Thu Oct 06 00:00:00 PDT 2016,Sun Dec 31 23:00:00 PST 1899,23:00:00,SR225,0,Null,MILE MARKER 87,CLEAR,-9999,-9999,PDO,Null,NON-COLLISION,1,PICKUP,S,27,1,GOING STRAIGHT,APPARENTLY NORMAL,Null,OBJECT AVOIDANCE,Null,DEER,Null,Null,Null,Null,Null,Null,Null,Null,Null,Null,Null,Null,DRY,DARK - NO LIGHTING,ANIMAL IN ROADWAY,NHP,2338100,Null,Null,Null,2016-10-07T06:00:00.000Z,{79C4BF5A-6A04-4352-A696-54D1121F845F}
356338,605630.0104,4378090.045,39.55,-115.8,2016-10-06,CATTLE,PROPERTY DAMAGE ONLY,WHITE PINE,Thu Oct 06 00:00:00 PDT 2016,Sun Dec 31 22:45:00 PST 1899,22:45:00,SR892,742,N,MILE MARKER 12,CLEAR,-9999,-9999,PDO,Null,NON-COLLISION,1,PICKUP,N,56,1,GOING STRAIGHT,APPARENTLY NORMAL,Null,OBJECT AVOIDANCE,Null,CATTLE,Null,Null,Null,Null,Null,Null,Null,Null,Null,Null,Null,Null,DRY,DARK - NO LIGHTING,ANIMAL IN ROADWAY,NHP,2338073,Null,Null,Null,2016-10-07T05:45:00.000Z,{F8EBE00C-0C23-4FA5-8682-3D59160AF7D0}
356077,681808.2094,4345042.889,39.24,-114.9,2016-10-13,DEER,PROPERTY DAMAGE ONLY,WHITE PINE,Thu Oct 13 00:00:00 PDT 2016,Sun Dec 31 17:51:00 PST 1899,17:51:00,US6,2218,E,MILE MARKER 36,CLEAR,-9999,-9999,PDO,Null,NON-COLLISION,1,PICKUP,E,35,1,GOING STRAIGHT,APPARENTLY NORMAL,Null,OBJECT AVOIDANCE,Null,DEER,Null,Null,Null,Null,Null,Null,Null,Null,Null,Null,Null,Null,DRY,DUSK,ANIMAL IN ROADWAY,NHP,2338441,Null,Null,Null,2016-10-14T00:51:00.000Z,{9412FA6D-DD81-48B1-BCED-15DCECEE7A11}
356192,665570.3988,4361711.214,39.39,-115.1,2016-10-13,DEER,PROPERTY DAMAGE ONLY,WHITE PINE,Thu Oct 13 00:00:00 PDT 2016,Sun Dec 31 08:00:00 PST 1899,8:00:00,US50,0,Null,MILE MARKER 52,CLEAR,-9999,-9999,PDO,Null,NON-COLLISION,1,CARRY-ALL,E,35,1,GOING STRAIGHT,APPARENTLY NORMAL,Null,OBJECT AVOIDANCE,Null,DEER,Null,Null,Null,Null,Null,Null,Null,Null,Null,Null,Null,Null,DRY,DAYLIGHT,ANIMAL IN ROADWAY,NHP,2338404,Null,Null,Null,2016-10-13T15:00:00.000Z,{8DC9D34B-2470-47F7-B0F7-289A3B71BAEE}
356538,682628.065,4345520.044,39.24,-114.9,2016-10-13,DEER,PROPERTY DAMAGE ONLY,WHITE PINE,Thu Oct 13 00:00:00 PDT 2016,Sun Dec 31 18:36:00 PST 1899,18:36:00,US6,528,E,MILE MARKER 37,CLEAR,-9999,-9999,PDO,Null,NON-COLLISION,1,SEMI,E,45,1,GOING STRAIGHT,APPARENTLY NORMAL,Null,OBJECT AVOIDANCE,Null,DEER,Null,Null,Null,Null,Null,Null,Null,Null,Null,Null,Null,Null,DRY,DARK - NO LIGHTING,ANIMAL IN ROADWAY,NHP,2338443,Null,Null,Null,2016-10-14T01:36:00.000Z,{7094F5DC-6123-477B-B015-26585CD8CBE5}
357481,702284.9457,4549768.799,41.07,-114.6,2016-10-13,DEER,PROPERTY DAMAGE ONLY,ELKO,Thu Oct 13 00:00:00 PDT 2016,Sun Dec 31 01:30:00 PST 1899,1:30:00,IR80E,100,W,MILE MARKER 94.13,CLEAR,-9999,-9999,PDO,Null,NON-COLLISION,1,"SEDAN, 2 DOOR",W,18,1,GOING STRAIGHT,APPARENTLY NORMAL,Null,Null,Null,DEER: RAN OFF ROAD RIGHT: EMBANKMENT,Null,Null,Null,Null,Null,Null,Null,Null,Null,Null,Null,Null,DRY,DARK - NO LIGHTING,ANIMAL IN ROADWAY,ECSO,2332650,Null,Null,Null,2016-10-13T08:30:00.000Z,{3DFDFBA4-CC5B-4A2B-96C1-763B7A205302}
359937,301985.0548,4476180.978,40.41,-119.3,2016-10-13,DEER,INJURY CRASH,PERSHING,Thu Oct 13 00:00:00 PDT 2016,Sun Dec 31 17:39:00 PST 1899,17:39:00,SR447,2640,S,MILE MARKER 58,UNKNOWN,-9999,1,Null,C,NON-COLLISION,1,PICKUP,S,31,1,GOING STRAIGHT,Null,Null,Null,Null,DEER,Null,Null,Null,Null,Null,Null,Null,Null,Null,Null,Null,Null,DRY,UNKNOWN,ANIMAL IN ROADWAY,NHP,2338482,Null,Null,Null,2016-10-14T00:39:00.000Z,{3DB36C75-D710-486E-BACB-ACDA9C5F29E2}
354923,635722.8443,4145472.21,37.45,-115.5,2016-10-13,CATTLE,PROPERTY DAMAGE ONLY,LINCOLN,Thu Oct 13 00:00:00 PDT 2016,Sun Dec 31 22:29:00 PST 1899,22:29:00,SR375,966,W,MILE MARKER 31,CLOUDY,-9999,-9999,PDO,Null,NON-COLLISION,1,VAN,W,39,-9999,GOING STRAIGHT,APPARENTLY NORMAL,Null,UNKNOWN,Null,CATTLE,Null,Null,Null,Null,Null,Null,Null,Null,Null,Null,Null,Null,DRY,DARK - NO LIGHTING,ANIMAL IN ROADWAY,NHP,2338448,Null,Null,Null,2016-10-14T05:29:00.000Z,{72D958CE-50D7-4048-ABEA-EB22FE339756}
360121,573439.1784,4489145.047,40.55,-116.1,2016-10-13,CATTLE,PROPERTY DAMAGE ONLY,EUREKA,Thu Oct 13 00:00:00 PDT 2016,Sun Dec 31 22:00:00 PST 1899,22:00:00,SR278,1056,S,MILE MARKER 74,CLEAR,-9999,-9999,PDO,Null,NON-COLLISION,1,UTILITY,S,30,1,GOING STRAIGHT,APPARENTLY NORMAL,Null,Null,Null,CATTLE,Null,Null,Null,Null,Null,Null,Null,Null,Null,Null,Null,Null,DRY,DARK - NO LIGHTING,ANIMAL IN ROADWAY,NHP,2338449,Null,Null,Null,2016-10-14T05:00:00.000Z,{88D8110F-9AF5-4AA0-BDAC-4D423BECCE50}
354867,708305.7886,4247547.732,38.35,-114.6,2016-10-20,DEER,PROPERTY DAMAGE ONLY,LINCOLN,Thu Oct 20 00:00:00 PDT 2016,Sun Dec 31 21:23:00 PST 1899,21:23:00,US93N,800,N,MILE MARKER 150,CLOUDY,-9999,-9999,PDO,Null,NON-COLLISION,1,UTILITY,N,29,1,GOING STRAIGHT,APPARENTLY NORMAL,Null,Null,Null,DEER,Null,Null,Null,Null,Null,Null,Null,Null,Null,Null,Null,Null,DRY,DARK - NO LIGHTING,ANIMAL IN ROADWAY,NHP,2338917,Null,Null,Null,2016-10-21T04:23:00.000Z,{FED02C45-F708-40CB-B262-373D7CD166D9}
360042,601210.0782,4578778.125,41.35,-115.8,2016-10-20,DEER,PROPERTY DAMAGE ONLY,ELKO,Thu Oct 20 00:00:00 PDT 2016,Sun Dec 31 18:15:00 PST 1899,18:15:00,SR225,3696,N,MILE MARKER 68,CLEAR,-9999,-9999,PDO,Null,NON-COLLISION,1,CARRY-ALL,S,44,1,GOING STRAIGHT,APPARENTLY NORMAL,Null,Null,Null,DEER,Null,Null,Null,Null,Null,Null,Null,Null,Null,Null,Null,Null,DRY,DUSK,ANIMAL IN ROADWAY,NHP,2338911,Null,Null,Null,2016-10-21T01:15:00.000Z,{C9C68431-4F91-4A30-95E4-799133822A87}
413207,662846.3179,4175433.501,37.71,-115.2,2016-10-20,DEER,PROPERTY DAMAGE ONLY,LINCOLN,Thu Oct 20 00:00:00 PDT 2016,Sun Dec 31 20:30:00 PST 1899,20:30:00,SR318,1584,S,MILE MARKER 15,CLEAR,-9999,-9999,PDO,Null,NON-COLLISION,1,PICKUP,S,43,1,GOING STRAIGHT,APPARENTLY NORMAL,Null,Null,Null,DEER,Null,Null,Null,Null,Null,Null,Null,Null,Null,Null,Null,Null,DRY,DARK - NO LIGHTING,ANIMAL IN ROADWAY,NHP,2338913,Null,Null,Null,2016-10-21T03:30:00.000Z,{07AE1037-D522-45A1-8EF2-3F294CE822D8}
355406,712034.8615,4219125.546,38.1,-114.6,2016-10-27,DEER,INJURY CRASH,LINCOLN,Thu Oct 27 00:00:00 PDT 2016,Sun Dec 31 16:52:00 PST 1899,16:52:00,US93N,1440,N,MILE MARKER 132,CLOUDY,-9999,1,Null,C,NON-COLLISION,1,UTILITY,S,69,1,GOING STRAIGHT,APPARENTLY NORMAL,Null,Null,Null,DEER,Null,Null,Null,Null,Null,Null,Null,Null,Null,Null,Null,Null,DRY,DAYLIGHT,ANIMAL IN ROADWAY,NHP,2339314,Null,Null,Null,2016-10-27T23:52:00.000Z,{1ED99A80-AAF8-447E-8D98-1788A12D7FE8}
360035,730359.5455,4530692.471,40.89,-114.3,2016-10-27,DEER,PROPERTY DAMAGE ONLY,ELKO,Thu Oct 27 00:00:00 PDT 2016,Sun Dec 31 16:03:00 PST 1899,16:03:00,IR80E,528,E,MILE MARKER 116,CLEAR,-9999,-9999,PDO,Null,NON-COLLISION,1,SEDAN,E,78,1,GOING STRAIGHT,APPARENTLY NORMAL,Null,Null,Null,DEER,Null,Null,Null,Null,Null,Null,Null,Null,Null,Null,Null,Null,DRY,DAYLIGHT,ANIMAL IN ROADWAY,NHP,2339309,Null,Null,Null,2016-10-27T23:03:00.000Z,{2B1018F5-0C3A-45AC-8897-8369691880C9}
360047,702267.8454,4549767.027,41.07,-114.6,2016-10-27,DEER,PROPERTY DAMAGE ONLY,ELKO,Thu Oct 27 00:00:00 PDT 2016,Sun Dec 31 18:08:00 PST 1899,18:08:00,IR80E,528,E,MILE MARKER 94,CLEAR,-9999,-9999,PDO,Null,NON-COLLISION,1,UTILITY,E,46,2,GOING STRAIGHT,APPARENTLY NORMAL,Null,Null,Null,DEER,Null,Null,Null,Null,Null,Null,Null,Null,Null,Null,Null,Null,DRY,DARK - NO LIGHTING,ANIMAL IN ROADWAY,NHP,2339319,Null,Null,Null,2016-10-28T01:08:00.000Z,{A77FBFBB-FA07-43DA-9C6E-4EEA8A5EEBD6}
360113,683572.0199,4622256.696,41.73,-114.8,2016-10-27,DEER,PROPERTY DAMAGE ONLY,ELKO,Thu Oct 27 00:00:00 PDT 2016,Sun Dec 31 19:47:00 PST 1899,19:47:00,US93N,19,N,MILE MARKER 122,UNKNOWN,-9999,-9999,PDO,Null,NON-COLLISION,1,PICKUP,N,-9999,-9999,GOING STRAIGHT,APPARENTLY NORMAL,Null,Null,Null,DEER,Null,Null,Null,Null,Null,Null,Null,Null,Null,Null,Null,Null,Null,Null,Null,ECSO,2332652,Null,Null,Null,2016-10-28T02:47:00.000Z,{135F8F12-DF9D-4C6B-B001-3CA2F4F10DB3}
360145,679071.2624,4552921.561,41.11,-114.9,2016-10-27,DEER,INJURY CRASH,ELKO,Thu Oct 27 00:00:00 PDT 2016,Sun Dec 31 08:30:00 PST 1899,8:30:00,IR80W,1056,W,MILE MARKER 79,CLOUDY,-9999,1,Null,C,NON-COLLISION,1,SEDAN,W,63,1,GOING STRAIGHT,APPARENTLY NORMAL,Null,Null,Null,DEER,Null,Null,Null,Null,Null,Null,Null,Null,Null,Null,Null,Null,DRY,DAYLIGHT,ANIMAL IN ROADWAY,NHP,2339279,Null,Null,Null,2016-10-27T15:30:00.000Z,{6CA7C06F-3322-4E94-90FE-954EE04F1ABC}
356691,441199.519,4645110.37,41.96,-117.7,2016-10-27,CATTLE,PROPERTY DAMAGE ONLY,HUMBOLDT,Thu Oct 27 00:00:00 PDT 2016,Sun Dec 31 18:20:00 PST 1899,18:20:00,US95N,1200,S,MILE MARKER 71,CLOUDY,-9999,-9999,PDO,Null,NON-COLLISION,1,PICKUP,N,45,1,GOING STRAIGHT,APPARENTLY NORMAL,Null,UNKNOWN,Null,CATTLE,Null,Null,Null,Null,Null,Null,Null,Null,Null,Null,Null,Null,DRY,DARK - NO LIGHTING,ANIMAL IN ROADWAY,NHP,2339323,Null,Null,Null,2016-10-28T01:20:00.000Z,{16458497-0DB1-4F74-8E80-ABAF74099C33}
357359,413872.9391,4316729.868,39,-118,2016-10-27,ANTELOPE,PROPERTY DAMAGE ONLY,NYE,Thu Oct 27 00:00:00 PDT 2016,Sun Dec 31 06:33:00 PST 1899,6:33:00,SR361,1056,S,MILE MARKER 19,CLEAR,-9999,-9999,PDO,Null,NON-COLLISION,1,PICKUP,S,22,-9999,GOING STRAIGHT,APPARENTLY NORMAL,Null,OBJECT AVOIDANCE,Null,RAN OFF ROAD LEFT,Null,Null,Null,Null,Null,Null,Null,Null,Null,Null,Null,Null,DRY,DARK - NO LIGHTING,ANIMAL IN ROADWAY,NHP,2339276,Null,Null,Null,2016-10-27T13:33:00.000Z,{6D1A4DAD-24BF-4757-AC26-F5CEB22F05D9}
353035,688254.2036,4338050.543,39.17,-114.8,2016-09-01,DEER,PROPERTY DAMAGE ONLY,WHITE PINE,Thu Sep 01 00:00:00 PDT 2016,Sun Dec 31 04:45:00 PST 1899,4:45:00,US6,1056,W,MILE MARKER 45,CLEAR,-9999,-9999,PDO,Null,NON-COLLISION,1,"SEDAN, 4 DOOR",E,71,1,GOING STRAIGHT,APPARENTLY NORMAL,Null,Null,Null,DEER,Null,Null,Null,Null,Null,Null,Null,Null,Null,Null,Null,Null,DRY,DARK - NO LIGHTING,ANIMAL IN ROADWAY,NHP,2328958,Null,Null,Null,2016-09-01T11:45:00.000Z,{D204DF49-E8A6-4A0F-B0FA-46D56C4B83EB}
413201,656371.7449,4159953.595,37.57,-115.2,2016-09-01,CATTLE,PROPERTY DAMAGE ONLY,LINCOLN,Thu Sep 01 00:00:00 PDT 2016,Sun Dec 31 00:44:00 PST 1899,0:44:00,SR318,1800,S,MILE MARKER 4,CLOUDY,-9999,-9999,PDO,Null,NON-COLLISION,1,PICKUP,S,54,1,GOING STRAIGHT,APPARENTLY NORMAL,Null,Null,Null,CATTLE,Null,Null,Null,Null,Null,Null,Null,Null,Null,Null,Null,Null,DRY,DARK - NO LIGHTING,ANIMAL IN ROADWAY,NHP,2328957,Null,Null,Null,2016-09-01T07:44:00.000Z,{FC4DFD97-DF20-4E9B-B254-254AC3153153}
354627,595355.6024,4549293.087,41.09,-115.9,2016-09-01,ANTELOPE,PROPERTY DAMAGE ONLY,ELKO,Thu Sep 01 00:00:00 PDT 2016,Sun Dec 31 06:30:00 PST 1899,6:30:00,SR225,2450,N,MILE MARKER 49,CLEAR,-9999,-9999,PDO,Null,NON-COLLISION,1,PICKUP,N,29,1,GOING STRAIGHT,APPARENTLY NORMAL,Null,OBJECT AVOIDANCE,Null,ANTELOPE,Null,Null,Null,Null,Null,Null,Null,Null,Null,Null,Null,Null,DRY,DAYLIGHT,ANIMAL IN ROADWAY,NHP,2328967,Null,Null,Null,2016-09-01T13:30:00.000Z,{6350C46E-1AE4-44D4-BACB-2C48CA8C5F4F}
353089,728342.1858,4187019.634,37.8,-114.4,2016-09-08,DEER,PROPERTY DAMAGE ONLY,LINCOLN,Thu Sep 08 00:00:00 PDT 2016,Sun Dec 31 09:50:00 PST 1899,9:50:00,US93N,500,S,SPLN12,CLEAR,-9999,-9999,PDO,Null,NON-COLLISION,1,"SEDAN, 4 DOOR",S,77,1,GOING STRAIGHT,APPARENTLY NORMAL,Null,Null,Null,DEER,Null,Null,Null,Null,Null,Null,Null,Null,Null,Null,Null,Null,DRY,DAYLIGHT,ANIMAL IN ROADWAY,NHP,2329380,Null,Null,Null,2016-09-08T16:50:00.000Z,{F1D3B72E-0E9D-4383-9F62-1E71D27DDAB8}
353195,685988.797,4350541.281,39.28,-114.8,2016-09-08,DEER,PROPERTY DAMAGE ONLY,WHITE PINE,Thu Sep 08 00:00:00 PDT 2016,Sun Dec 31 21:00:00 PST 1899,21:00:00,US93N,1584,N,MILE MARKER 56,CLEAR,-9999,-9999,PDO,Null,NON-COLLISION,1,AMBULANCE,N,61,1,GOING STRAIGHT,APPARENTLY NORMAL,Null,OBJECT AVOIDANCE,Null,DEER,Null,Null,Null,Null,Null,Null,Null,Null,Null,Null,Null,Null,DRY,DARK - NO LIGHTING,ANIMAL IN ROADWAY,NHP,2329418,Null,Null,Null,2016-09-09T04:00:00.000Z,{930F24FD-81D3-47C1-9683-A0EF8F84C894}
353419,250449.8711,4390111.005,39.62,-119.9,2016-09-08,DEER,PROPERTY DAMAGE ONLY,WASHOE,Thu Sep 08 00:00:00 PDT 2016,Sun Dec 31 06:45:00 PST 1899,6:45:00,US395S,2500,S,MILE MARKER 36.255,CLEAR,-9999,-9999,PDO,Null,NON-COLLISION,1,UTILITY,S,58,2,GOING STRAIGHT,APPARENTLY NORMAL,Null,OBJECT AVOIDANCE,Null,DEER,Null,Null,Null,Null,Null,Null,Null,Null,Null,Null,Null,Null,DRY,DAYLIGHT,ANIMAL IN ROADWAY,NHP,2329368,Null,Null,Null,2016-09-08T13:45:00.000Z,{ED2365E2-C49C-4BC8-88C7-9C69000E722D}
352597,267909.7926,4361957.698,39.38,-119.7,2016-09-08,DEER,PROPERTY DAMAGE ONLY,WASHOE,Thu Sep 08 00:00:00 PDT 2016,Sun Dec 31 08:15:00 PST 1899,8:15:00,SR341,2640,S,MILE MARKER 1,CLEAR,-9999,-9999,PDO,Null,NON-COLLISION,1,CARRY-ALL,N,74,1,GOING STRAIGHT,APPARENTLY NORMAL,Null,OBJECT AVOIDANCE,Null,DEER,Null,Null,Null,Null,Null,Null,Null,Null,Null,Null,Null,Null,DRY,DAYLIGHT,ANIMAL IN ROADWAY,NHP,2329377,Null,Null,Null,2016-09-08T15:15:00.000Z,{3058CAD0-F14E-4D6F-9A13-0BD6811D28C8}
356835,724830.5404,4202417.83,37.94,-114.4,2016-09-08,DEER,PROPERTY DAMAGE ONLY,LINCOLN,Thu Sep 08 00:00:00 PDT 2016,Sun Dec 31 20:10:00 PST 1899,20:10:00,SR322,528,E,MILE MARKER 1,CLEAR,-9999,-9999,PDO,Null,NON-COLLISION,1,PICKUP,W,51,1,GOING STRAIGHT,APPARENTLY NORMAL,Null,Null,Null,DEER,Null,Null,Null,Null,Null,Null,Null,Null,Null,Null,Null,Null,DRY,DARK - NO LIGHTING,ANIMAL IN ROADWAY,NHP,2329515,Null,Null,Null,2016-09-09T03:10:00.000Z,{DB33BFCC-F506-4E39-B080-A59C2728D560}
353907,272308.3359,4357421.531,39.34,-119.6,2016-09-15,HORSE,PROPERTY DAMAGE ONLY,STOREY,Thu Sep 15 00:00:00 PDT 2016,Sun Dec 31 22:05:00 PST 1899,22:05:00,SR341,528,W,MILE MARKER 6,CLEAR,-9999,-9999,PDO,Null,NON-COLLISION,1,"SEDAN, 4 DOOR",N,38,1,OTHER,APPARENTLY NORMAL,Null,OBJECT AVOIDANCE,Null,HORSE,Null,Null,Null,Null,Null,Null,Null,Null,Null,Null,Null,Null,DRY,DARK - NO LIGHTING,ANIMAL IN ROADWAY,NHP,2329783,Null,Null,Null,2016-09-16T05:05:00.000Z,{7FAF419F-5CDA-401D-92C2-B9A0EE04ED16}
354628,472524.2627,4542652.677,41.03,-117.3,2016-09-15,CATTLE,PROPERTY DAMAGE ONLY,HUMBOLDT,Thu Sep 15 00:00:00 PDT 2016,Sun Dec 31 23:07:00 PST 1899,23:07:00,SR789,1500,N,MILE MARKER 12,CLEAR,-9999,-9999,PDO,Null,NON-COLLISION,1,PICKUP,S,61,1,GOING STRAIGHT,APPARENTLY NORMAL,Null,OBJECT AVOIDANCE,Null,CATTLE,Null,Null,Null,Null,Null,Null,Null,Null,Null,Null,Null,Null,DRY,DARK - NO LIGHTING,ANIMAL IN ROADWAY,NHP,2329741,Null,Null,Null,2016-09-16T06:07:00.000Z,{B0BECB31-4A88-4649-B82B-D9C88B55D605}
356121,659306.3016,4312281.942,38.95,-115.2,2016-09-29,DEER,PROPERTY DAMAGE ONLY,WHITE PINE,Thu Sep 29 00:00:00 PDT 2016,Sun Dec 31 21:07:00 PST 1899,21:07:00,US6,1320,W,MILE MARKER 10,CLEAR,-9999,-9999,PDO,Null,NON-COLLISION,1,CARRY-ALL,E,43,1,GOING STRAIGHT,APPARENTLY NORMAL,Null,OBJECT AVOIDANCE,Null,DEER,Null,Null,Null,Null,Null,Null,Null,Null,Null,Null,Null,Null,DRY,DARK - NO LIGHTING,ANIMAL IN ROADWAY,NHP,2337713,Null,Null,Null,2016-09-30T04:07:00.000Z,{1C400630-B662-4302-88DF-484898D210AA}
354792,679318.7834,4100494.073,37.03,-115,2016-09-29,COYOTE,PROPERTY DAMAGE ONLY,LINCOLN,Thu Sep 29 00:00:00 PDT 2016,Sun Dec 31 05:20:00 PST 1899,5:20:00,US93N,2500,S,MILE MARKER 13,CLEAR,-9999,-9999,PDO,Null,NON-COLLISION,1,"SEDAN, 4 DOOR",N,39,1,GOING STRAIGHT,APPARENTLY NORMAL,Null,Null,Null,DOG/COYOTE,Null,Null,Null,Null,Null,Null,Null,Null,Null,Null,Null,Null,DRY,DARK - NO LIGHTING,ANIMAL IN ROADWAY,NHP,2337678,Null,Null,Null,2016-09-29T12:20:00.000Z,{27FB4D17-AE47-4714-BDE2-7939D35095A1}
357791,307250.3548,4358957.487,39.36,-119.2,2016-09-29,COYOTE,PROPERTY DAMAGE ONLY,LYON,Thu Sep 29 00:00:00 PDT 2016,Sun Dec 31 23:30:00 PST 1899,23:30:00,US95A,1056,N,MILE MARKER 40,CLEAR,-9999,-9999,PDO,Null,NON-COLLISION,1,"SEDAN, 4 DOOR",S,25,1,GOING STRAIGHT,APPARENTLY NORMAL,Null,UNKNOWN,Null,DOG/COYOTE,Null,Null,Null,Null,Null,Null,Null,Null,Null,Null,Null,Null,DRY,DARK - NO LIGHTING,ANIMAL IN ROADWAY,NHP,2337718,Null,Null,Null,2016-09-30T06:30:00.000Z,{ECBFC239-CFF8-485C-885A-B08A098F014D}