OBJECTID,X,Y,Latitude,Longitude,Date,AnimalType,Crash_Seve,County,Crash_Date_Original,Crash_Time_Original,Crash_Time,Primary_St,Distance,Dir,Secondary_,Weather,Fatalities,Injured,Property_D,Injury_Typ,Crash_Type,Total_Vehi,V1_Type,V1_Dir,V1_Driver_,V1_Lane_Nu,V1_Action,V1_Driver1,V1_Drive_1,V1_Vehicle,V1_Most_Ha,V1_All_Eve,V2_Type,V2_Dir,V2_Driver_,V2_Lane_Nu,V2_Action,V2_Driver1,V2_Drive_1,V2_Vehicle,V2_Most_Ha,V2_All_Eve,First_Harm,Nonmotoris,Factors_Ro,Lighting,HWY_Factor,Agency,Accident_R,Pedalcycli,Pedestrian,Motorcycli,CrashDateT,GlobalID
330076,245052.457,4378975.5,39.52,-120,2016-04-12,DOG,PROPERTY DAMAGE ONLY,WASHOE,Tue Apr 12 00:00:00 PDT 2016,Sun Dec 31 20:28:00 PST 1899,20:28:00,SR425,1056,E,SUMMERSET DR,CLEAR,-9999,-9999,PDO,Null,NON-COLLISION,1,UTILITY,W,31,1,GOING STRAIGHT,APPARENTLY NORMAL,Null,UNKNOWN,Null,DOG/COYOTE,Null,Null,Null,Null,Null,Null,Null,Null,Null,Null,Null,Null,DRY,DARK - NO LIGHTING,ANIMAL IN ROADWAY,NHP,2236539,Null,Null,Null,2016-04-13T03:28:00.000Z,{DD1D81BE-A208-46D5-AE39-7B2219665FA4}
328809,272470.5936,4358558.141,39.35,-119.6,2016-04-26,DEER,PROPERTY DAMAGE ONLY,STOREY,Tue Apr 26 00:00:00 PDT 2016,Sun Dec 31 18:05:00 PST 1899,18:05:00,SR341,800,S,MILE MARKER 7,CLOUDY,-9999,-9999,PDO,Null,NON-COLLISION,1,"SEDAN, 4 DOOR",N,28,1,GOING STRAIGHT,APPARENTLY NORMAL,Null,Null,Null,DEER,Null,Null,Null,Null,Null,Null,Null,Null,Null,Null,Null,Null,DRY,DAYLIGHT,NONE,NHP,2237205,Null,Null,Null,2016-04-27T01:05:00.000Z,{488884AC-BB8B-4651-8A7F-936ADED0509A}
346619,576124.8299,4508560.633,40.72,-116.1,2016-08-02,DEER,PROPERTY DAMAGE ONLY,ELKO,Tue Aug 02 00:00:00 PDT 2016,Sun Dec 31 05:40:00 PST 1899,5:40:00,IR80W,1056,E,MILE MARKER 3,CLEAR,-9999,-9999,PDO,Null,NON-COLLISION,1,VAN,W,48,1,GOING STRAIGHT,APPARENTLY NORMAL,Null,Null,Null,DEER,Null,Null,Null,Null,Null,Null,Null,Null,Null,Null,Null,Null,DRY,DAYLIGHT,ANIMAL IN ROADWAY,NHP,2327287,Null,Null,Null,2016-08-02T12:40:00.000Z,{E68D36D3-D4AC-491E-9E9B-AB89CBBCEB48}
350363,280103.2774,4419696.672,39.9,-119.6,2016-08-09,CATTLE,PROPERTY DAMAGE ONLY,WASHOE,Tue Aug 09 00:00:00 PDT 2016,Sun Dec 31 06:36:00 PST 1899,6:36:00,SR445,1205,S,MILE MARKER 29,CLEAR,-9999,-9999,PDO,Null,NON-COLLISION,1,PICKUP,E,-9999,-9999,GOING STRAIGHT,APPARENTLY NORMAL,Null,OBJECT AVOIDANCE,Null,CATTLE,Null,Null,Null,Null,Null,Null,Null,Null,Null,Null,Null,Null,Null,Null,Null,PDTP,2331392,Null,Null,Null,2016-08-09T13:36:00.000Z,{24E587AC-62BB-47CC-A410-07B08CD1217B}
348832,489161.6849,4267817.45,38.56,-117.1,2016-08-09,ANTELOPE,PROPERTY DAMAGE ONLY,NYE,Tue Aug 09 00:00:00 PDT 2016,Sun Dec 31 05:40:00 PST 1899,5:40:00,SR377,1056,E,MILE MARKER 3,CLEAR,-9999,-9999,PDO,Null,NON-COLLISION,1,SEDAN,W,21,1,GOING STRAIGHT,APPARENTLY NORMAL,Null,OBJECT AVOIDANCE,Null,ANTELOPE,Null,Null,Null,Null,Null,Null,Null,Null,Null,Null,Null,Null,DRY,DUSK,ANIMAL IN ROADWAY,NHP,2327682,Null,Null,Null,2016-08-09T12:40:00.000Z,{DF9D1110-D5E5-4E63-B82A-AE8E809E7596}
347114,254228.3052,4360643.423,39.36,-119.9,2016-08-16,DEER,PROPERTY DAMAGE ONLY,WASHOE,Tue Aug 16 00:00:00 PDT 2016,Sun Dec 31 16:53:00 PST 1899,16:53:00,SR431,300,E,JOY LAKE RD,CLOUDY,-9999,-9999,PDO,Null,NON-COLLISION,1,PICKUP,E,45,1,GOING STRAIGHT,APPARENTLY NORMAL,Null,Null,Null,DEER,Null,Null,Null,Null,Null,Null,Null,Null,Null,Null,Null,Null,DRY,DAYLIGHT,ANIMAL IN ROADWAY,NHP,2328106,Null,Null,Null,2016-08-16T23:53:00.000Z,{AA5443FD-47EF-4D4D-88E2-C2108F740083}
338769,606934.8123,4500740.947,40.65,-115.7,2016-08-23,DEER,PROPERTY DAMAGE ONLY,ELKO,Tue Aug 23 00:00:00 PDT 2016,Sun Dec 31 21:00:00 PST 1899,21:00:00,LUCKY NUGGET RD,0,Null,LOWER SOUTH FORK RD,CLEAR,-9999,-9999,PDO,Null,NON-COLLISION,1,3-DOOR,E,18,-9999,NOT REPORTED,APPARENTLY NORMAL,Null,FAILURE TO KEEP IN PROPER LANE OR RUNNING OFF ROAD: UNSAFE LANE CHANGE,Null,DEER: RAN OFF ROAD RIGHT: BRIDGE RAIL,Null,Null,Null,Null,Null,Null,Null,Null,Null,Null,Null,Null,ICE,DARK - NO LIGHTING,ANIMAL IN ROADWAY,ECSO,2316462,Null,Null,Null,2016-08-24T04:00:00.000Z,{76F9F556-859D-45E9-8204-1491B5BAFC65}
337544,402568.9811,4235097.532,38.26,-118.1,2016-08-23,COYOTE,INJURY CRASH,MINERAL,Tue Aug 23 00:00:00 PDT 2016,Sun Dec 31 10:00:00 PST 1899,10:00:00,SR360,123,N,MILE MARKER 22,CLEAR,-9999,1,Null,A,NON-COLLISION,1,"SEDAN, 4 DOOR",N,27,1,GOING STRAIGHT,APPARENTLY NORMAL,Null,FAILURE TO KEEP IN PROPER LANE OR RUNNING OFF ROAD: OVER-CORRECTING/OVER-STEERING: RAN OFF ROAD: UNSAFE LANE CHANGE: OBJECT AVOIDANCE,Null,DOG/COYOTE: RAN OFF ROAD RIGHT: OVERTURN/ROLLOVER,Null,Null,Null,Null,Null,Null,Null,Null,Null,Null,Null,Null,DRY,DAYLIGHT,ANIMAL IN ROADWAY,NHP,2328464,Null,Null,Null,2016-08-23T17:00:00.000Z,{D0BF0314-42F5-4274-9D4A-D0D7BC75C2DF}
349718,645284.4175,3990606.83,36.05,-115.4,2016-08-23,BURRO,INJURY CRASH,CLARK,Tue Aug 23 00:00:00 PDT 2016,Sun Dec 31 20:23:00 PST 1899,20:23:00,SR159,300,S,MILE MARKER 2,CLEAR,-9999,1,Null,C,ANGLE,2,"HATCHBACK, 4 DOOR",S,17,1,GOING STRAIGHT,APPARENTLY NORMAL,Null,FOLLOWED TOO CLOSELY,Null,Null,"HARDTOP, 4 DOOR",S,17,1,GOING STRAIGHT,APPARENTLY NORMAL,Null,OBJECT AVOIDANCE,Null,BURRO,Null,Null,DRY,DARK - NO LIGHTING,ANIMAL IN ROADWAY,NHP,2328505,Null,Null,Null,2016-08-24T03:23:00.000Z,{36E43AB0-0A07-4100-B643-FAC52BA7A78F}
350107,249706.1348,4355158.567,39.31,-119.9,2016-08-30,DEER,PROPERTY DAMAGE ONLY,WASHOE,Tue Aug 30 00:00:00 PDT 2016,Sun Dec 31 11:20:00 PST 1899,11:20:00,SR431,1320,W,MILE MARKER 8,CLEAR,-9999,-9999,PDO,Null,NON-COLLISION,1,VAN,W,62,1,GOING STRAIGHT,APPARENTLY NORMAL,Null,Null,Null,DEER,Null,Null,Null,Null,Null,Null,Null,Null,Null,Null,Null,Null,DRY,DAYLIGHT,ANIMAL IN ROADWAY,NHP,2328867,Null,Null,Null,2016-08-30T18:20:00.000Z,{9A3BF7D8-F3DA-4D39-AF12-9EAF76CFCFF4}
360066,730918.3692,4468841.544,40.34,-114.3,2016-12-13,DEER,INJURY CRASH,ELKO,Tue Dec 13 00:00:00 PST 2016,Sun Dec 31 18:45:00 PST 1899,18:45:00,US93AN,2640,S,MILE MARKER 22,CLOUDY,-9999,2,Null,C,NON-COLLISION,1,PICKUP,S,74,1,GOING STRAIGHT,APPARENTLY NORMAL,Null,Null,Null,DEER,Null,Null,Null,Null,Null,Null,Null,Null,Null,Null,Null,Null,DRY,DARK - NO LIGHTING,ANIMAL IN ROADWAY,NHP,2342110,Null,Null,Null,2016-12-14T02:45:00.000Z,{5DDD9B25-514D-4D0B-B8FC-866D40F03082}
355877,715368.4059,4166815.271,37.62,-114.6,2016-12-20,DEER,INJURY CRASH,LINCOLN,Tue Dec 20 00:00:00 PST 2016,Sun Dec 31 15:24:00 PST 1899,15:24:00,US93N,50,N,MILE MARKER 91,CLOUDY,-9999,1,Null,C,NON-COLLISION,1,PICKUP,S,66,-9999,GOING STRAIGHT,APPARENTLY NORMAL,Null,OBJECT AVOIDANCE,Null,"DEER: RAN OFF ROAD RIGHT: OTHER POST, POLE OR SUPPORT: RAN OFF ROAD LEFT: EMBANKMENT",Null,Null,Null,Null,Null,Null,Null,Null,Null,Null,Null,Null,DRY,DAYLIGHT,ANIMAL IN ROADWAY,NHP,2342564,Null,Null,Null,2016-12-20T23:24:00.000Z,{36046B56-E944-4C2E-AAFE-D39B4A06EE56}
359725,598998.4808,4560484.658,41.19,-115.8,2016-12-20,DEER,PROPERTY DAMAGE ONLY,ELKO,Tue Dec 20 00:00:00 PST 2016,Sun Dec 31 05:00:00 PST 1899,5:00:00,SR225,528,S,MILE MARKER 57,CLEAR,-9999,-9999,PDO,Null,NON-COLLISION,1,PICKUP,N,63,1,GOING STRAIGHT,APPARENTLY NORMAL,Null,Null,Null,DEER,Null,Null,Null,Null,Null,Null,Null,Null,Null,Null,Null,Null,DRY,DARK - NO LIGHTING,NONE,NHP,2342521,Null,Null,Null,2016-12-20T13:00:00.000Z,{8E291E42-543C-4D0A-A999-CB02E88B3BFD}
363568,301289.0615,4362161.019,39.39,-119.3,2016-12-27,HORSE,INJURY CRASH,LYON,Tue Dec 27 00:00:00 PST 2016,Sun Dec 31 00:35:00 PST 1899,0:35:00,US50,500,S,HACKBERRY ST,CLEAR,-9999,1,Null,C,NON-COLLISION,1,"HARDTOP, 4 DOOR",W,53,1,GOING STRAIGHT,APPARENTLY NORMAL,Null,Null,Null,HORSE: RAN OFF ROAD LEFT,Null,Null,Null,Null,Null,Null,Null,Null,Null,Null,Null,Null,DRY,DARK - NO LIGHTING,ANIMAL IN ROADWAY,NHP,2342979,Null,Null,Null,2016-12-27T08:35:00.000Z,{0993F194-6CDE-4F94-A9E9-B32FF65D4A19}
325108,399826.4625,4361956.291,39.4,-118.2,2016-02-02,CATTLE,INJURY CRASH,CHURCHILL,Tue Feb 02 00:00:00 PST 2016,Sun Dec 31 18:27:00 PST 1899,18:27:00,SR121,30,S,MILE MARKER 8,CLEAR,-9999,2,Null,B,NON-COLLISION,1,PICKUP,N,34,1,GOING STRAIGHT,APPARENTLY NORMAL,Null,OBJECT AVOIDANCE,Null,CATTLE,Null,Null,Null,Null,Null,Null,Null,Null,Null,Null,Null,Null,DRY,DARK - NO LIGHTING,ANIMAL IN ROADWAY,NHP,2226111,Null,Null,Null,2016-02-03T02:27:00.000Z,{65DA4411-D8D4-4904-A3E0-A4F678E83963}
320479,589750.9705,4014796.304,36.27,-116,2016-02-09,HORSE,PROPERTY DAMAGE ONLY,NYE,Tue Feb 09 00:00:00 PST 2016,Sun Dec 31 05:59:00 PST 1899,5:59:00,SR160,400,N,JENNY CIR,CLEAR,-9999,-9999,PDO,Null,NON-COLLISION,1,"SEDAN, 4 DOOR",S,64,1,GOING STRAIGHT,APPARENTLY NORMAL,Null,Null,Null,HORSE,Null,Null,Null,Null,Null,Null,Null,Null,Null,Null,Null,Null,DRY,DARK - NO LIGHTING,NONE,NHP,2226426,Null,Null,Null,2016-02-09T13:59:00.000Z,{18C46593-4254-4E70-852F-49E96A03E3CC}
325200,706958.8475,4253411.417,38.4,-114.6,2016-02-09,HORSE,PROPERTY DAMAGE ONLY,LINCOLN,Tue Feb 09 00:00:00 PST 2016,Sun Dec 31 03:00:00 PST 1899,3:00:00,US93N,528,S,MILE MARKER 154,CLEAR,-9999,-9999,PDO,Null,NON-COLLISION,1,"TRACTOR TRUCK, DIESEL",S,53,1,GOING STRAIGHT,APPARENTLY NORMAL,Null,Null,Null,HORSE,Null,Null,Null,Null,Null,Null,Null,Null,Null,Null,Null,Null,DRY,DARK - NO LIGHTING,ANIMAL IN ROADWAY,NHP,2226429,Null,Null,Null,2016-02-09T11:00:00.000Z,{881742A7-54B9-4122-B064-10E53716210F}
325425,696735.8781,4325084.845,39.05,-114.7,2016-02-23,ELK,PROPERTY DAMAGE ONLY,WHITE PINE,Tue Feb 23 00:00:00 PST 2016,Sun Dec 31 23:00:00 PST 1899,23:00:00,US6,2640,W,MILE MARKER 55,CLEAR,-9999,-9999,PDO,Null,NON-COLLISION,1,"HARDTOP, 4 DOOR",W,46,1,GOING STRAIGHT,APPARENTLY NORMAL,Null,Null,Null,ELK,Null,Null,Null,Null,Null,Null,Null,Null,Null,Null,Null,Null,DRY,DARK - NO LIGHTING,ANIMAL IN ROADWAY,NHP,2227141,Null,Null,Null,2016-02-24T07:00:00.000Z,{F10B17A6-8DA3-418E-871A-9CABD9AB43B9}
325807,288324.8972,4380618.874,39.55,-119.5,2016-01-19,HORSE,PROPERTY DAMAGE ONLY,STOREY,Tue Jan 19 00:00:00 PST 2016,Sun Dec 31 20:10:00 PST 1899,20:10:00,PORTOFINO DR,200,E,MILAN DR,CLEAR,-9999,-9999,PDO,Null,NON-COLLISION,1,CARRY-ALL,N,52,2,GOING STRAIGHT,APPARENTLY NORMAL,Null,Null,Null,HORSE,Null,Null,Null,Null,Null,Null,Null,Null,Null,Null,Null,Null,DRY,DARK - NO LIGHTING,ANIMAL IN ROADWAY,STSO,2228159,Null,Null,Null,2016-01-20T04:10:00.000Z,{4AC8C1A9-CA4C-48E7-A3D6-0346BE31CEB9}
320350,262815.9706,4362990.864,39.38,-119.8,2016-01-19,DEER,INJURY CRASH,WASHOE,Tue Jan 19 00:00:00 PST 2016,Sun Dec 31 16:12:00 PST 1899,16:12:00,IR580S,100,S,MILE MARKER 14,CLEAR,-9999,1,Null,C,NON-COLLISION,1,UTILITY,S,64,1,GOING STRAIGHT,APPARENTLY NORMAL,Null,Null,Null,DEER,Null,Null,Null,Null,Null,Null,Null,Null,Null,Null,Null,Null,WET,DAYLIGHT,NONE,NHP,2225215,Null,Null,Null,2016-01-20T00:12:00.000Z,{FD4E17D2-D03C-43EB-B6EF-7091070AB2D4}
309876,328721.9839,4373387.974,39.49,-119,2016-01-26,DEER,PROPERTY DAMAGE ONLY,CHURCHILL,Tue Jan 26 00:00:00 PST 2016,Sun Dec 31 17:10:00 PST 1899,17:10:00,DIVERSION DAM RD,1637,W,PIONEER WAY,CLEAR,-9999,-9999,PDO,Null,NON-COLLISION,1,"SEDAN, 4 DOOR",S,22,1,NOT REPORTED,APPARENTLY NORMAL,Null,RAN OFF ROAD: OBJECT AVOIDANCE,Null,DEER: RAN OFF ROAD LEFT,Null,Null,Null,Null,Null,Null,Null,Null,Null,Null,Null,Null,WET,DUSK,ANIMAL IN ROADWAY,CHSO,2221102,Null,Null,Null,2016-01-27T01:10:00.000Z,{6F09A449-6D4F-4525-BD5F-66FE25AC0475}
343381,725990.2806,4181191.164,37.75,-114.4,2016-07-05,DEER,PROPERTY DAMAGE ONLY,LINCOLN,Tue Jul 05 00:00:00 PDT 2016,Sun Dec 31 21:41:00 PST 1899,21:41:00,US93N,1200,S,MILE MARKER 105,CLEAR,-9999,-9999,PDO,Null,NON-COLLISION,1,"SEDAN, 4 DOOR",S,18,1,GOING STRAIGHT,APPARENTLY NORMAL,Null,Null,Null,DEER,Null,Null,Null,Null,Null,Null,Null,Null,Null,Null,Null,Null,DRY,DARK - NO LIGHTING,ANIMAL IN ROADWAY,NHP,2325864,Null,Null,Null,2016-07-06T04:41:00.000Z,{0FF8CB2C-A08E-4D05-BBF8-EEA10FD42FB1}
342806,625363.9419,4014129.292,36.26,-115.6,2016-07-05,DEER,PROPERTY DAMAGE ONLY,CLARK,Tue Jul 05 00:00:00 PDT 2016,Sun Dec 31 07:16:00 PST 1899,7:16:00,SR157,432,W,SR158,CLEAR,-9999,-9999,PDO,Null,NON-COLLISION,1,"HARDTOP, 4 DOOR",E,23,-9999,GOING STRAIGHT,APPARENTLY NORMAL,Null,Null,Null,DEER,Null,Null,Null,Null,Null,Null,Null,Null,Null,Null,Null,Null,DRY,DAYLIGHT,NONE,NHP,2325807,Null,Null,Null,2016-07-05T14:16:00.000Z,{E63E93CB-CDCE-4E46-8DB1-A3AD45B8C08A}
342639,244385.8263,4377907.828,39.51,-120,2016-07-05,CATTLE,PROPERTY DAMAGE ONLY,WASHOE,Tue Jul 05 00:00:00 PDT 2016,Sun Dec 31 02:26:00 PST 1899,2:26:00,IR80E,2112,E,MILE MARKER 4,CLEAR,-9999,-9999,PDO,Null,NON-COLLISION,1,SEMI,E,39,1,GOING STRAIGHT,APPARENTLY NORMAL,Null,Null,Null,CATTLE,Null,Null,Null,Null,Null,Null,Null,Null,Null,Null,Null,Null,WET,DARK - NO LIGHTING,ANIMAL IN ROADWAY,NHP,2325800,Null,Null,Null,2016-07-05T09:26:00.000Z,{5C196A48-6F68-4CC1-9BC3-D566A2E03C78}
346072,475273.1162,4215311.506,38.09,-117.3,2016-07-05,ANTELOPE,PROPERTY DAMAGE ONLY,ESMERALDA,Tue Jul 05 00:00:00 PDT 2016,Sun Dec 31 23:20:00 PST 1899,23:20:00,US6,528,W,MILE MARKER 56,CLEAR,-9999,-9999,PDO,Null,NON-COLLISION,1,"SEDAN, 4 DOOR",W,30,1,GOING STRAIGHT,APPARENTLY NORMAL,Null,OBJECT AVOIDANCE,Null,ANTELOPE,Null,Null,Null,Null,Null,Null,Null,Null,Null,Null,Null,Null,DRY,DARK - NO LIGHTING,ANIMAL IN ROADWAY,NHP,2325848,Null,Null,Null,2016-07-06T06:20:00.000Z,{3014C4E0-044D-4734-8867-8C4CF70B2174}
342439,281377.2546,4352192.898,39.29,-119.5,2016-07-12,HORSE,INJURY CRASH,LYON,Tue Jul 12 00:00:00 PDT 2016,Sun Dec 31 21:27:00 PST 1899,21:27:00,US50,400,W,OCCIDENTAL DR W,CLEAR,-9999,3,Null,B,NON-COLLISION,1,CARRY-ALL,E,52,2,GOING STRAIGHT,APPARENTLY NORMAL,Null,Null,Null,HORSE,Null,Null,Null,Null,Null,Null,Null,Null,Null,Null,Null,Null,DRY,DARK - SPOT LIGHTING,ANIMAL IN ROADWAY,NHP,2326185,Null,Null,Null,2016-07-13T04:27:00.000Z,{62695F5E-30F7-43BB-A0BF-ADB118FC70B6}
397949,286309.9841,4379589.378,39.54,-119.5,2016-07-12,HORSE,PROPERTY DAMAGE ONLY,STOREY,Tue Jul 12 00:00:00 PDT 2016,Sun Dec 31 01:29:00 PST 1899,1:29:00,SR439S,0,Null,DENMARK DR,CLEAR,-9999,-9999,PDO,Null,NON-COLLISION,1,SEDAN,S,19,1,GOING STRAIGHT,APPARENTLY NORMAL,Null,EXCEEDED AUTHORIZED SPEED LIMIT,Null,HORSE,Null,Null,Null,Null,Null,Null,Null,Null,Null,Null,Null,Null,DRY,DARK - NO LIGHTING,ANIMAL IN ROADWAY,STSO,2331788,Null,Null,Null,2016-07-12T08:29:00.000Z,{FE578D2F-2FCC-4EFB-A5CC-4F092FCDD13F}
343404,673245.8876,4341421.214,39.2,-115,2016-07-12,DEER,PROPERTY DAMAGE ONLY,WHITE PINE,Tue Jul 12 00:00:00 PDT 2016,Sun Dec 31 08:09:00 PST 1899,8:09:00,US6,550,W,MILE MARKER 30,CLEAR,-9999,-9999,PDO,Null,NON-COLLISION,1,CARRY-ALL,E,33,1,GOING STRAIGHT,APPARENTLY NORMAL,Null,Null,Null,DEER,Null,Null,Null,Null,Null,Null,Null,Null,Null,Null,Null,Null,DRY,DAYLIGHT,ANIMAL IN ROADWAY,NHP,2326136,Null,Null,Null,2016-07-12T15:09:00.000Z,{F761547E-B3D4-4269-A21A-6BE4F54476B9}
343674,677480.5467,4348044.967,39.26,-114.9,2016-07-12,DEER,PROPERTY DAMAGE ONLY,WHITE PINE,Tue Jul 12 00:00:00 PDT 2016,Sun Dec 31 19:00:00 PST 1899,19:00:00,US50,2640,E,MILE MARKER 63,CLEAR,-9999,-9999,PDO,Null,NON-COLLISION,1,PICKUP,E,51,1,GOING STRAIGHT,APPARENTLY NORMAL,Null,UNKNOWN,Null,DEER,Null,Null,Null,Null,Null,Null,Null,Null,Null,Null,Null,Null,DRY,DAYLIGHT,ANIMAL IN ROADWAY,NHP,2326181,Null,Null,Null,2016-07-13T02:00:00.000Z,{49D24485-4C78-489F-9236-1DA5FB8B356D}
345860,748990.3204,4068695.169,36.73,-114.2,2016-07-12,CATTLE,PROPERTY DAMAGE ONLY,CLARK,Tue Jul 12 00:00:00 PDT 2016,Sun Dec 31 21:30:00 PST 1899,21:30:00,SR170,1200,N,MILE MARKER 3,CLEAR,-9999,-9999,PDO,Null,NON-COLLISION,1,COUPE,N,22,-9999,NOT REPORTED,APPARENTLY NORMAL,Null,FAILURE TO KEEP IN PROPER LANE OR RUNNING OFF ROAD: UNSAFE LANE CHANGE,Null,CATTLE: RAN OFF ROAD RIGHT: EMBANKMENT: TREE/SHRUB,Null,Null,Null,Null,Null,Null,Null,Null,Null,Null,Null,Null,DRY,DARK - NO LIGHTING,ANIMAL IN ROADWAY,NHP,2326217,Null,Null,Null,2016-07-13T04:30:00.000Z,{D07FBC1D-0C6C-44EA-AF76-47419C19E508}
345139,426368.088,4146939.493,37.47,-117.8,2016-07-19,CATTLE,PROPERTY DAMAGE ONLY,ESMERALDA,Tue Jul 19 00:00:00 PDT 2016,Sun Dec 31 21:58:00 PST 1899,21:58:00,SR266,2112,E,MILE MARKER 0,CLEAR,-9999,-9999,PDO,Null,NON-COLLISION,2,CARRY-ALL,E,55,1,GOING STRAIGHT,APPARENTLY NORMAL,Null,OBJECT AVOIDANCE,Null,CATTLE: RAN OFF ROAD LEFT: FIRE/EXPLOSION,VAN,W,33,1,GOING STRAIGHT,APPARENTLY NORMAL,Null,OBJECT AVOIDANCE,Null,CATTLE,Null,Null,DRY,DARK - NO LIGHTING,ANIMAL IN ROADWAY,NHP,2326595,Null,Null,Null,2016-07-20T04:58:00.000Z,{88AC3D9F-AF16-4912-82F6-28158A80F37B}
347368,271702.8158,4354329.374,39.31,-119.6,2016-07-26,UNKNOWN,PROPERTY DAMAGE ONLY,STOREY,Tue Jul 26 00:00:00 PDT 2016,Sun Dec 31 14:52:00 PST 1899,14:52:00,WASHINGTON ST,20,E,G ST,CLEAR,-9999,-9999,PDO,Null,NON-COLLISION,1,UTILITY,W,18,-9999,GOING STRAIGHT,APPARENTLY NORMAL,Null,OVER-CORRECTING/OVER-STEERING: RAN OFF ROAD,Null,RAN OFF ROAD RIGHT: UTILITY POLE,Null,Null,Null,Null,Null,Null,Null,Null,Null,Null,Null,Null,DRY,DAYLIGHT,ANIMAL IN ROADWAY,STSO,2331791,Null,Null,Null,2016-07-26T21:52:00.000Z,{FEACD3F7-39BC-4874-A36C-2559B64C86E1}
344652,552265.0622,4225117.95,38.17,-116.4,2016-07-26,BIG HORN SHEEP,PROPERTY DAMAGE ONLY,NYE,Tue Jul 26 00:00:00 PDT 2016,Sun Dec 31 18:47:00 PST 1899,18:47:00,US6,2640,W,MILE MARKER 49,CLEAR,-9999,-9999,PDO,Null,NON-COLLISION,1,"SEDAN, 2 DOOR",W,38,1,GOING STRAIGHT,APPARENTLY NORMAL,Null,DRIVING TOO FAST FOR CONDITIONS,Null,BIG HORN SHEEP,Null,Null,Null,Null,Null,Null,Null,Null,Null,Null,Null,Null,DRY,DAYLIGHT,ANIMAL IN ROADWAY,NHP,2326977,Null,Null,Null,2016-07-27T01:47:00.000Z,{0DBE356C-60DB-4AE9-9074-797B1A0868AB}
342918,731505.5196,4469099.059,40.34,-114.3,2016-07-26,ANTELOPE,PROPERTY DAMAGE ONLY,ELKO,Tue Jul 26 00:00:00 PDT 2016,Sun Dec 31 09:40:00 PST 1899,9:40:00,US93AN,528,S,MILE MARKER 22,CLEAR,-9999,-9999,PDO,Null,NON-COLLISION,1,"HARDTOP, 4 DOOR",N,43,1,GOING STRAIGHT,APPARENTLY NORMAL,Null,Null,Null,ANTELOPE,Null,Null,Null,Null,Null,Null,Null,Null,Null,Null,Null,Null,DRY,DAYLIGHT,ANIMAL IN ROADWAY,NHP,2326942,Null,Null,Null,2016-07-26T16:40:00.000Z,{BE91997C-FE4E-418F-B708-03D89A2E5D10}
340081,686814.2009,4340376.447,39.19,-114.8,2016-06-07,DEER,PROPERTY DAMAGE ONLY,WHITE PINE,Tue Jun 07 00:00:00 PDT 2016,Sun Dec 31 21:10:00 PST 1899,21:10:00,US6,500,E,MILE MARKER 43,CLEAR,-9999,-9999,PDO,Null,NON-COLLISION,1,"HATCHBACK, 4 DOOR",E,66,1,GOING STRAIGHT,APPARENTLY NORMAL,Null,Null,Null,DEER,Null,Null,Null,Null,Null,Null,Null,Null,Null,Null,Null,Null,DRY,DARK - NO LIGHTING,NONE,NHP,2324241,Null,Null,Null,2016-06-08T04:10:00.000Z,{BA9B7C1B-C7B6-40A0-B119-C88B0F4F5DA3}
343099,711263.7683,4228518.384,38.18,-114.6,2016-06-21,ELK,PROPERTY DAMAGE ONLY,LINCOLN,Tue Jun 21 00:00:00 PDT 2016,Sun Dec 31 01:15:00 PST 1899,1:15:00,US93N,528,N,MILE MARKER 138,CLEAR,-9999,-9999,PDO,Null,NON-COLLISION,1,SEMI,S,21,1,GOING STRAIGHT,APPARENTLY NORMAL,Null,Null,Null,ELK,Null,Null,Null,Null,Null,Null,Null,Null,Null,Null,Null,Null,DRY,DARK - NO LIGHTING,ANIMAL IN ROADWAY,NHP,2325047,Null,Null,Null,2016-06-21T08:15:00.000Z,{12CB0153-D5EE-4D0A-A8CB-A3C3F71DCAB3}
343469,658803.434,4551434.201,41.1,-115.1,2016-06-21,DEER,PROPERTY DAMAGE ONLY,ELKO,Tue Jun 21 00:00:00 PDT 2016,Sun Dec 31 07:36:00 PST 1899,7:36:00,IR80E,250,W,MILE MARKER 66,CLEAR,-9999,-9999,PDO,Null,NON-COLLISION,1,PICKUP,E,23,1,GOING STRAIGHT,APPARENTLY NORMAL,Null,Null,Null,DEER,Null,Null,Null,Null,Null,Null,Null,Null,Null,Null,Null,Null,DRY,DAYLIGHT,ANIMAL IN ROADWAY,NHP,2325049,Null,Null,Null,2016-06-21T14:36:00.000Z,{5581B132-A201-46AE-9A15-267F05571EEC}
345696,638162.5287,4544801.979,41.04,-115.4,2016-06-21,DEER,PROPERTY DAMAGE ONLY,ELKO,Tue Jun 21 00:00:00 PDT 2016,Sun Dec 31 05:25:00 PST 1899,5:25:00,IR80E,528,E,MILE MARKER 52,CLEAR,-9999,-9999,PDO,Null,NON-COLLISION,1,PICKUP,E,63,2,GOING STRAIGHT,APPARENTLY NORMAL,Null,RAN OFF ROAD,Null,DEER: RAN OFF ROAD RIGHT,Null,Null,Null,Null,Null,Null,Null,Null,Null,Null,Null,Null,DRY,DAYLIGHT,GLARE,NHP,2325048,Null,Null,Null,2016-06-21T12:25:00.000Z,{BD7547AD-A53D-4F88-9BDC-724B7707A095}