OBJECTID,X,Y,Latitude,Longitude,Date,AnimalType,Crash_Seve,County,Crash_Date_Original,Crash_Time_Original,Crash_Time,Primary_St,Distance,Dir,Secondary_,Weather,Fatalities,Injured,Property_D,Injury_Typ,Crash_Type,Total_Vehi,V1_Type,V1_Dir,V1_Driver_,V1_Lane_Nu,V1_Action,V1_Driver1,V1_Drive_1,V1_Vehicle,V1_Most_Ha,V1_All_Eve,V2_Type,V2_Dir,V2_Driver_,V2_Lane_Nu,V2_Action,V2_Driver1,V2_Drive_1,V2_Vehicle,V2_Most_Ha,V2_All_Eve,First_Harm,Nonmotoris,Factors_Ro,Lighting,HWY_Factor,Agency,Accident_R,Pedalcycli,Pedestrian,Motorcycli,CrashDateT,GlobalID
343211,609803.5912,4510706.502,40.74,-115.7,2016-06-28,DEER,PROPERTY DAMAGE ONLY,ELKO,Tue Jun 28 00:00:00 PDT 2016,Sun Dec 31 04:34:00 PST 1899,4:34:00,SR228,2112,E,MILE MARKER 23,CLEAR,-9999,-9999,PDO,Null,NON-COLLISION,1,SEDAN,W,24,1,GOING STRAIGHT,APPARENTLY NORMAL,Null,Null,Null,DEER,Null,Null,Null,Null,Null,Null,Null,Null,Null,Null,Null,Null,DRY,DARK - NO LIGHTING,NONE,NHP,2325418,Null,Null,Null,2016-06-28T11:34:00.000Z,{A0F9F62C-0D1A-483C-BBF7-0A26182614E2}
344235,347449.3634,4372583.476,39.49,-118.8,2016-06-28,DEER,PROPERTY DAMAGE ONLY,CHURCHILL,Tue Jun 28 00:00:00 PDT 2016,Sun Dec 31 21:40:00 PST 1899,21:40:00,US95N,500,N,COLEMAN RD,CLEAR,-9999,-9999,PDO,Null,NON-COLLISION,1,UTILITY,N,18,1,GOING STRAIGHT,APPARENTLY NORMAL,Null,UNKNOWN,Null,DEER,Null,Null,Null,Null,Null,Null,Null,Null,Null,Null,Null,Null,DRY,DARK - NO LIGHTING,NONE,NHP,2325472,Null,Null,Null,2016-06-29T04:40:00.000Z,{FEDF8F2A-7145-4C28-A32C-E65104D28B52}
345028,588503.0249,4016726.132,36.29,-116,2016-06-28,BURRO,PROPERTY DAMAGE ONLY,NYE,Tue Jun 28 00:00:00 PDT 2016,Sun Dec 31 23:15:00 PST 1899,23:15:00,BLAGG RD,0,Null,BLUEBIRD AVE,CLEAR,-9999,-9999,PDO,Null,NON-COLLISION,1,"SEDAN, 4 DOOR",N,-9999,-9999,GOING STRAIGHT,APPARENTLY NORMAL,Null,UNKNOWN,Null,BURRO,Null,Null,Null,Null,Null,Null,Null,Null,Null,Null,Null,Null,DRY,DARK - CONTINUOUS LIGHTING,ANIMAL IN ROADWAY,NYSO,2331337,Null,Null,Null,2016-06-29T06:15:00.000Z,{E5A20667-0636-4F5F-ADBF-6C1581862B9A}
334692,683098.1471,4578790.781,41.34,-114.8,2016-03-08,DEER,PROPERTY DAMAGE ONLY,ELKO,Tue Mar 08 00:00:00 PST 2016,Sun Dec 31 15:20:00 PST 1899,15:20:00,US93N,1000,S,MILE MARKER 93,CLOUDY,-9999,-9999,PDO,Null,NON-COLLISION,1,CARRY-ALL,N,21,1,GOING STRAIGHT,APPARENTLY NORMAL,Null,OBJECT AVOIDANCE,Null,DEER,Null,Null,Null,Null,Null,Null,Null,Null,Null,Null,Null,Null,DRY,DAYLIGHT,ANIMAL IN ROADWAY,NHP,2234595,Null,Null,Null,2016-03-08T23:20:00.000Z,{CA173AF2-7717-43C4-9B5F-520CF06E5B4B}
328231,433742.7973,4590019.416,41.46,-117.8,2016-03-15,DEER,PROPERTY DAMAGE ONLY,HUMBOLDT,Tue Mar 15 00:00:00 PDT 2016,Sun Dec 31 07:15:00 PST 1899,7:15:00,US95N,528,S,MILE MARKER 36,CLEAR,-9999,-9999,PDO,Null,NON-COLLISION,1,"SEDAN, 4 DOOR",N,72,1,GOING STRAIGHT,APPARENTLY NORMAL,Null,Null,Null,DEER,Null,Null,Null,Null,Null,Null,Null,Null,Null,Null,Null,Null,DRY,DAYLIGHT,ANIMAL IN ROADWAY,NHP,2234925,Null,Null,Null,2016-03-15T14:15:00.000Z,{BEDCBA45-30EB-43EA-A3F5-34A84C6DD9F5}
327422,721975.5156,4172816.365,37.68,-114.5,2016-05-03,DEER,PROPERTY DAMAGE ONLY,LINCOLN,Tue May 03 00:00:00 PDT 2016,Sun Dec 31 20:44:00 PST 1899,20:44:00,US93N,528,S,MILE MARKER 99,CLEAR,-9999,-9999,PDO,Null,NON-COLLISION,1,"SEDAN, 4 DOOR",S,18,1,GOING STRAIGHT,APPARENTLY NORMAL,Null,Null,Null,DEER,Null,Null,Null,Null,Null,Null,Null,Null,Null,Null,Null,Null,DRY,DARK - NO LIGHTING,ANIMAL IN ROADWAY,NHP,2237621,Null,Null,Null,2016-05-04T03:44:00.000Z,{80262940-209D-474B-BD21-AC93CC2DC753}
361425,655593.8708,4550690.952,41.09,-115.1,2016-05-03,DEER,PROPERTY DAMAGE ONLY,ELKO,Tue May 03 00:00:00 PDT 2016,Sun Dec 31 08:32:00 PST 1899,8:32:00,IR80W,500,W,MILE MARKER 64,CLEAR,-9999,-9999,PDO,Null,NON-COLLISION,1,PICKUP,W,52,1,GOING STRAIGHT,APPARENTLY NORMAL,Null,Null,Null,DEER,Null,Null,Null,Null,Null,Null,Null,Null,Null,Null,Null,Null,DRY,DAYLIGHT,ANIMAL IN ROADWAY,NHP,2356437,Null,Null,Null,2016-05-03T15:32:00.000Z,{B0D872C6-432D-4F5E-8792-10EAD5764805}
413185,754211.3464,4179718.912,37.73,-114.1,2016-05-24,ELK,PROPERTY DAMAGE ONLY,LINCOLN,Tue May 24 00:00:00 PDT 2016,Sun Dec 31 06:25:00 PST 1899,6:25:00,SR319,2112,E,MILE MARKER 67,CLEAR,-9999,-9999,PDO,Null,NON-COLLISION,1,PICKUP,W,49,-9999,GOING STRAIGHT,APPARENTLY NORMAL,Null,Null,Null,ELK,Null,Null,Null,Null,Null,Null,Null,Null,Null,Null,Null,Null,DRY,DAWN,ANIMAL IN ROADWAY,NHP,2323443,Null,Null,Null,2016-05-24T13:25:00.000Z,{8B9D6F2D-B1C7-44D7-A2EF-8E5A7B87F852}
338994,265299.961,4340617.467,39.18,-119.7,2016-05-31,DEER,PROPERTY DAMAGE ONLY,CARSON CITY,Tue May 31 00:00:00 PDT 2016,Sun Dec 31 21:00:00 PST 1899,21:00:00,US50,100,W,EMPIRE RANCH RD,CLEAR,-9999,-9999,PDO,Null,NON-COLLISION,1,PICKUP,E,24,1,GOING STRAIGHT,APPARENTLY NORMAL,Null,Null,Null,DEER,Null,Null,Null,Null,Null,Null,Null,Null,Null,Null,Null,Null,DRY,DARK - SPOT LIGHTING,ANIMAL IN ROADWAY,NHP,2323836,Null,Null,Null,2016-06-01T04:00:00.000Z,{F0D063FA-C9CE-41FC-9AC1-CB95A2A82EE7}
359882,690103.9813,4639860.453,41.89,-114.7,2016-11-01,DEER,PROPERTY DAMAGE ONLY,ELKO,Tue Nov 01 00:00:00 PDT 2016,Sun Dec 31 22:55:00 PST 1899,22:55:00,US93N,4,S,MILE MARKER 134,CLEAR,-9999,-9999,PDO,Null,NON-COLLISION,1,PICKUP,S,41,-9999,GOING STRAIGHT,APPARENTLY NORMAL,Null,Null,Null,DEER,Null,Null,Null,Null,Null,Null,Null,Null,Null,Null,Null,Null,DRY,DARK - NO LIGHTING,ANIMAL IN ROADWAY,ECSO,2332654,Null,Null,Null,2016-11-02T05:55:00.000Z,{68307733-811F-4981-B2B1-9C0C3A517D41}
413217,662108.154,4174667.128,37.7,-115.2,2016-11-01,DEER,PROPERTY DAMAGE ONLY,LINCOLN,Tue Nov 01 00:00:00 PDT 2016,Sun Dec 31 08:15:00 PST 1899,8:15:00,SR318,200,N,MILE MARKER 14,CLEAR,-9999,-9999,PDO,Null,NON-COLLISION,1,PICKUP,S,84,1,GOING STRAIGHT,APPARENTLY NORMAL,Null,Null,Null,DEER,Null,Null,Null,Null,Null,Null,Null,Null,Null,Null,Null,Null,DRY,DAYLIGHT,ANIMAL IN ROADWAY,NHP,2339567,Null,Null,Null,2016-11-01T15:15:00.000Z,{B7AC3713-6171-4708-B2D6-BC9AF43D4684}
360107,585859.8739,4507463.078,40.71,-116,2016-11-08,DEER,PROPERTY DAMAGE ONLY,ELKO,Tue Nov 08 00:00:00 PST 2016,Sun Dec 31 17:00:00 PST 1899,17:00:00,IR80E,2640,W,MILE MARKER 10,CLEAR,-9999,-9999,PDO,Null,NON-COLLISION,1,PICKUP,E,60,2,GOING STRAIGHT,APPARENTLY NORMAL,Null,Null,Null,DEER,Null,Null,Null,Null,Null,Null,Null,Null,Null,Null,Null,Null,DRY,DARK - NO LIGHTING,ANIMAL IN ROADWAY,NHP,2340021,Null,Null,Null,2016-11-09T01:00:00.000Z,{6FEF96CD-9F14-4F11-ADA7-8E8DECAE19CF}
355486,297479.8373,4410571.601,39.82,-119.4,2016-11-08,CATTLE,PROPERTY DAMAGE ONLY,WASHOE,Tue Nov 08 00:00:00 PST 2016,Sun Dec 31 20:00:00 PST 1899,20:00:00,SR446,1,W,MILE MARKER 13,CLEAR,-9999,-9999,PDO,Null,NON-COLLISION,1,CARRY-ALL,W,-9999,-9999,GOING STRAIGHT,APPARENTLY NORMAL,Null,Null,Null,CATTLE,Null,Null,Null,Null,Null,Null,Null,Null,Null,Null,Null,Null,Null,Null,Null,PDTP,2344177,Null,Null,Null,2016-11-09T04:00:00.000Z,{9E91DB4F-708A-4388-B4EC-A71343937006}
355019,242243.8428,4376008.799,39.5,-120,2016-11-15,DEER,PROPERTY DAMAGE ONLY,WASHOE,Tue Nov 15 00:00:00 PST 2016,Sun Dec 31 07:04:00 PST 1899,7:04:00,IR80W,75,W,MILE MARKER 2,CLEAR,-9999,-9999,PDO,Null,NON-COLLISION,1,"SEDAN, 4 DOOR",W,26,1,GOING STRAIGHT,APPARENTLY NORMAL,Null,Null,Null,DEER,Null,Null,Null,Null,Null,Null,Null,Null,Null,Null,Null,Null,DRY,DAYLIGHT,ANIMAL IN ROADWAY,NHP,2340394,Null,Null,Null,2016-11-15T15:04:00.000Z,{D06CA8A3-E533-453C-B4C1-5AC8281336D7}
360111,576280.5609,4508589.051,40.72,-116.1,2016-11-15,DEER,PROPERTY DAMAGE ONLY,ELKO,Tue Nov 15 00:00:00 PST 2016,Sun Dec 31 03:52:00 PST 1899,3:52:00,IR80W,1584,E,MILE MARKER 3,CLEAR,-9999,-9999,PDO,Null,NON-COLLISION,1,PICKUP,W,49,2,GOING STRAIGHT,APPARENTLY NORMAL,Null,Null,Null,DEER,Null,Null,Null,Null,Null,Null,Null,Null,Null,Null,Null,Null,DRY,DARK - NO LIGHTING,NONE,NHP,2340390,Null,Null,Null,2016-11-15T11:52:00.000Z,{6F0EA448-4B34-49BC-AFEB-FA72C22E6698}
352327,246770.4609,4335852.845,39.14,-119.9,2016-11-22,DEER,PROPERTY DAMAGE ONLY,CARSON CITY,Tue Nov 22 00:00:00 PST 2016,Sun Dec 31 16:49:00 PST 1899,16:49:00,SR28,2640,E,MILE MARKER 2,CLEAR,-9999,-9999,PDO,Null,NON-COLLISION,1,"HARDTOP, 4 DOOR",E,-9999,-9999,GOING STRAIGHT,APPARENTLY NORMAL,Null,Null,Null,DEER,Null,Null,Null,Null,Null,Null,Null,Null,Null,Null,Null,Null,Null,Null,Null,WASO,2344531,Null,Null,Null,2016-11-23T00:49:00.000Z,{F7758AB8-5D15-4994-8C59-B2052182272D}
356094,693796.1825,4416433.883,39.88,-114.7,2016-11-22,DEER,PROPERTY DAMAGE ONLY,WHITE PINE,Tue Nov 22 00:00:00 PST 2016,Sun Dec 31 00:31:00 PST 1899,0:31:00,US93N,0,Null,MILE MARKER 98,CLEAR,-9999,-9999,PDO,Null,NON-COLLISION,1,PICKUP,S,49,1,OTHER,APPARENTLY NORMAL,Null,UNKNOWN,Null,DEER,Null,Null,Null,Null,Null,Null,Null,Null,Null,Null,Null,Null,DRY,DARK - NO LIGHTING,ANIMAL IN ROADWAY,NHP,2340850,Null,Null,Null,2016-11-22T08:31:00.000Z,{C71EB424-90A1-486C-9E23-81F369D29047}
364821,649636.948,3988782.967,36.03,-115.3,2016-11-22,BURRO,INJURY CRASH,CLARK,Tue Nov 22 00:00:00 PST 2016,Sun Dec 31 00:53:00 PST 1899,0:53:00,SR160,500,S,MILE MARKER 10,CLEAR,-9999,1,Null,C,NON-COLLISION,1,COUPE,S,35,1,GOING STRAIGHT,APPARENTLY NORMAL,Null,Null,Null,BURRO,Null,Null,Null,Null,Null,Null,Null,Null,Null,Null,Null,Null,DRY,DARK - NO LIGHTING,NONE,NHP,2340783,Null,Null,Null,2016-11-22T08:53:00.000Z,{5DFF9CB7-7153-45FF-8850-9BCCBFEE011C}
370061,297618.7742,4409114.004,39.81,-119.4,2016-11-29,CATTLE,PROPERTY DAMAGE ONLY,WASHOE,Tue Nov 29 00:00:00 PST 2016,Sun Dec 31 17:20:00 PST 1899,17:20:00,VALLEY RD,100,W,LITTLE NIXON RD,CLOUDY,-9999,-9999,PDO,Null,NON-COLLISION,1,PICKUP,W,-9999,-9999,GOING STRAIGHT,APPARENTLY NORMAL,Null,OBJECT AVOIDANCE,Null,CATTLE,Null,Null,Null,Null,Null,Null,Null,Null,Null,Null,Null,Null,Null,Null,Null,PDTP,2360255,Null,Null,Null,2016-11-30T01:20:00.000Z,{14037180-00E0-45DB-91EC-95EABD811DDE}
355673,298352.8509,4449821.59,40.17,-119.4,2016-10-04,CATTLE,PROPERTY DAMAGE ONLY,WASHOE,Tue Oct 04 00:00:00 PDT 2016,Sun Dec 31 19:30:00 PST 1899,19:30:00,SR447,950,S,MILE MARKER 41,CLEAR,-9999,-9999,PDO,Null,NON-COLLISION,1,STATION WAGON,S,23,1,GOING STRAIGHT,APPARENTLY NORMAL,Null,UNKNOWN,Null,CATTLE,Null,Null,Null,Null,Null,Null,Null,Null,Null,Null,Null,Null,DRY,DARK - NO LIGHTING,ANIMAL IN ROADWAY,NHP,2337967,Null,Null,Null,2016-10-05T02:30:00.000Z,{F299A54C-5F77-4476-8E52-114E6BDDA296}
356086,661841.6392,4316630.797,38.98,-115.1,2016-10-11,UNKNOWN,PROPERTY DAMAGE ONLY,WHITE PINE,Tue Oct 11 00:00:00 PDT 2016,Sun Dec 31 21:18:00 PST 1899,21:18:00,US6,528,W,MILE MARKER 13,CLEAR,-9999,-9999,PDO,Null,NON-COLLISION,1,SEDAN,W,-9999,1,GOING STRAIGHT,Null,Null,UNKNOWN,Null,OTHER ANIMAL,Null,Null,Null,Null,Null,Null,Null,Null,Null,Null,Null,Null,DRY,DARK - NO LIGHTING,UNKNOWN,NHP,2338326,Null,Null,Null,2016-10-12T04:18:00.000Z,{228A327C-DCD9-4981-83CB-A2B569688169}
360722,682698.0508,4578041.8,41.33,-114.8,2016-10-11,DEER,PROPERTY DAMAGE ONLY,ELKO,Tue Oct 11 00:00:00 PDT 2016,Sun Dec 31 06:30:00 PST 1899,6:30:00,US93N,1500,N,MILE MARKER 92,CLEAR,-9999,-9999,PDO,Null,NON-COLLISION,1,PICKUP,S,19,1,GOING STRAIGHT,APPARENTLY NORMAL,Null,OBJECT AVOIDANCE,Null,DEER,Null,Null,Null,Null,Null,Null,Null,Null,Null,Null,Null,Null,DRY,DARK - NO LIGHTING,ANIMAL IN ROADWAY,NHP,2338275,Null,Null,Null,2016-10-11T13:30:00.000Z,{49CC85E4-9D53-459B-A8A0-2F3FC933BA7C}
356008,636000.7213,4145249.653,37.44,-115.5,2016-10-11,CATTLE,PROPERTY DAMAGE ONLY,LINCOLN,Tue Oct 11 00:00:00 PDT 2016,Sun Dec 31 20:00:00 PST 1899,20:00:00,SR375,200,E,MILE MARKER 31,CLEAR,-9999,-9999,PDO,Null,NON-COLLISION,1,"HATCHBACK, 4 DOOR",E,29,1,GOING STRAIGHT,APPARENTLY NORMAL,Null,OBJECT AVOIDANCE,Null,CATTLE,Null,Null,Null,Null,Null,Null,Null,Null,Null,Null,Null,Null,DRY,DARK - NO LIGHTING,ANIMAL IN ROADWAY,NHP,2338324,Null,Null,Null,2016-10-12T03:00:00.000Z,{6F9DB711-4118-4F79-BDDD-2F0BEF36EBC1}
355505,263934.1137,4375272.411,39.49,-119.7,2016-10-18,UNKNOWN,PROPERTY DAMAGE ONLY,WASHOE,Tue Oct 18 00:00:00 PDT 2016,Sun Dec 31 21:19:00 PST 1899,21:19:00,WALNUT ST,0,Null,SINELIO DR,CLEAR,-9999,-9999,PDO,Null,NON-COLLISION,1,"SEDAN, 2 DOOR",W,-9999,-9999,NOT REPORTED,Null,Null,Null,Null,DOG/COYOTE,Null,Null,Null,Null,Null,Null,Null,Null,Null,Null,Null,Null,Null,Null,Null,WASO,2344509,Null,Null,Null,2016-10-19T04:19:00.000Z,{EAD61DF2-92B4-4211-BC4D-28C300858C1E}
364761,269853.7539,4344044.775,39.22,-119.7,2016-10-18,HORSE,PROPERTY DAMAGE ONLY,LYON,Tue Oct 18 00:00:00 PDT 2016,Sun Dec 31 17:47:00 PST 1899,17:47:00,US50,750,E,NEWMAN LN,CLEAR,-9999,-9999,PDO,Null,NON-COLLISION,1,CARRY-ALL,E,53,1,GOING STRAIGHT,APPARENTLY NORMAL,Null,Null,Null,HORSE,Null,Null,Null,Null,Null,Null,Null,Null,Null,Null,Null,Null,DRY,DARK - SPOT LIGHTING,ANIMAL IN ROADWAY,NHP,2338781,Null,Null,Null,2016-10-19T00:47:00.000Z,{011F18B2-ACC6-4BEB-AF52-1F29C77D585C}
355284,255207.6478,4362203.35,39.37,-119.8,2016-10-18,DEER,PROPERTY DAMAGE ONLY,WASHOE,Tue Oct 18 00:00:00 PDT 2016,Sun Dec 31 06:02:00 PST 1899,6:02:00,SR431,438,W,MILE MARKER 19,CLEAR,-9999,-9999,PDO,Null,NON-COLLISION,1,CARRY-ALL,W,25,1,GOING STRAIGHT,APPARENTLY NORMAL,Null,Null,Null,DEER,Null,Null,Null,Null,Null,Null,Null,Null,Null,Null,Null,Null,DRY,DARK - NO LIGHTING,ANIMAL IN ROADWAY,NHP,2338725,Null,Null,Null,2016-10-18T13:02:00.000Z,{756C9504-FA19-4D76-A808-F04DD1C62FB3}
354818,710717.2355,4235502.844,38.24,-114.6,2016-10-18,DEER,PROPERTY DAMAGE ONLY,LINCOLN,Tue Oct 18 00:00:00 PDT 2016,Sun Dec 31 13:18:00 PST 1899,13:18:00,US93N,2500,N,MILE MARKER 142,CLOUDY,-9999,-9999,PDO,Null,NON-COLLISION,1,PICKUP,S,43,1,GOING STRAIGHT,APPARENTLY NORMAL,Null,Null,Null,DEER,Null,Null,Null,Null,Null,Null,Null,Null,Null,Null,Null,Null,DRY,DAYLIGHT,ANIMAL IN ROADWAY,NHP,2338761,Null,Null,Null,2016-10-18T20:18:00.000Z,{8644D3E5-C30B-40BA-A8ED-2ADD20E3531F}
360084,606510.1483,4524298.721,40.86,-115.7,2016-10-18,DEER,PROPERTY DAMAGE ONLY,ELKO,Tue Oct 18 00:00:00 PDT 2016,Sun Dec 31 06:55:00 PST 1899,6:55:00,IR80W,1584,W,MILE MARKER 27,CLEAR,-9999,-9999,PDO,Null,NON-COLLISION,1,"TRACTOR TRUCK, GASOLINE",W,41,2,GOING STRAIGHT,APPARENTLY NORMAL,Null,Null,Null,DEER,Null,Null,Null,Null,Null,Null,Null,Null,Null,Null,Null,Null,DRY,DAYLIGHT,NONE,NHP,2338729,Null,Null,Null,2016-10-18T13:55:00.000Z,{452839F3-6166-44D0-8C18-A77498FCB882}
360106,700929.4054,4548871.252,41.07,-114.6,2016-10-18,DEER,INJURY CRASH,ELKO,Tue Oct 18 00:00:00 PDT 2016,Sun Dec 31 19:38:00 PST 1899,19:38:00,IR80E,90,E,MILE MARKER 93,CLOUDY,-9999,2,Null,C,NON-COLLISION,1,SEDAN,W,24,1,GOING STRAIGHT,OTHER IMPROPER DRIVING,Null,EXCEEDED AUTHORIZED SPEED LIMIT,Null,DEER,Null,Null,Null,Null,Null,Null,Null,Null,Null,Null,Null,Null,DRY,DARK - NO LIGHTING,ANIMAL IN ROADWAY,NHP,2338782,Null,Null,Null,2016-10-19T02:38:00.000Z,{0E48571E-F11D-4A20-AEE5-63D7D5F9F079}
364389,544715.3103,4494582.538,40.6,-116.5,2016-10-18,DEER,PROPERTY DAMAGE ONLY,EUREKA,Tue Oct 18 00:00:00 PDT 2016,Sun Dec 31 06:05:00 PST 1899,6:05:00,SR306,2482,S,MILE MARKER 16,CLEAR,-9999,-9999,PDO,Null,NON-COLLISION,1,UTILITY,S,53,1,GOING STRAIGHT,APPARENTLY NORMAL,Null,Null,Null,DEER,Null,Null,Null,Null,Null,Null,Null,Null,Null,Null,Null,Null,DRY,DAWN,ANIMAL IN ROADWAY,NHP,2338732,Null,Null,Null,2016-10-18T13:05:00.000Z,{975B326F-02AE-440F-B156-7FBEC5012DD1}
413058,437566.3538,4536577.526,40.98,-117.7,2016-10-18,CATTLE,PROPERTY DAMAGE ONLY,HUMBOLDT,Tue Oct 18 00:00:00 PDT 2016,Sun Dec 31 07:22:00 PST 1899,7:22:00,JUNGO RD,1,W,NEW JUNGO RD,CLOUDY,-9999,-9999,PDO,Null,NON-COLLISION,1,"HARDTOP, 4 DOOR",W,-9999,-9999,GOING STRAIGHT,APPARENTLY NORMAL,Null,DRIVING TOO FAST FOR CONDITIONS,Null,CATTLE,Null,Null,Null,Null,Null,Null,Null,Null,Null,Null,Null,Null,Null,Null,Null,HUSO,2387292,Null,Null,Null,2016-10-18T14:22:00.000Z,{40889477-4057-4446-8638-B44B4DFDB55C}
355129,700507.3199,4042126.428,36.5,-114.8,2016-10-25,DEER,PROPERTY DAMAGE ONLY,CLARK,Tue Oct 25 00:00:00 PDT 2016,Sun Dec 31 17:25:00 PST 1899,17:25:00,FRCL17 TO IR15S INT75,125,S,VALLEY OF FIRE RD,CLEAR,-9999,-9999,PDO,Null,NON-COLLISION,1,CONVERTIBLE,S,-9999,-9999,GOING STRAIGHT,Null,Null,Null,Null,DEER,Null,Null,Null,Null,Null,Null,Null,Null,Null,Null,Null,Null,DRY,DAYLIGHT,ANIMAL IN ROADWAY,NHP,2339225,Null,Null,Null,2016-10-26T00:25:00.000Z,{90E7CE0A-5415-44D1-9E57-20A32552459B}
355151,258880.5516,4363915.234,39.39,-119.8,2016-10-25,DEER,PROPERTY DAMAGE ONLY,WASHOE,Tue Oct 25 00:00:00 PDT 2016,Sun Dec 31 19:27:00 PST 1899,19:27:00,SR431,2640,W,THOMAS CREEK RD,CLEAR,-9999,-9999,PDO,Null,NON-COLLISION,1,"SEDAN, 2 DOOR",W,18,1,GOING STRAIGHT,APPARENTLY NORMAL,Null,Null,Null,DEER,Null,Null,Null,Null,Null,Null,Null,Null,Null,Null,Null,Null,DRY,DARK - NO LIGHTING,ANIMAL IN ROADWAY,NHP,2339205,Null,Null,Null,2016-10-26T02:27:00.000Z,{D208767C-30E9-4453-83FB-AA0E568C7D54}
354716,706204.8414,4285239.922,38.69,-114.6,2016-10-25,COYOTE,PROPERTY DAMAGE ONLY,WHITE PINE,Tue Oct 25 00:00:00 PDT 2016,Sun Dec 31 02:00:00 PST 1899,2:00:00,US93N,0,Null,MILE MARKER 1,UNKNOWN,-9999,-9999,PDO,Null,NON-COLLISION,1,"SEDAN, 4 DOOR",S,67,1,GOING STRAIGHT,Null,Null,UNKNOWN,Null,OTHER ANIMAL,Null,Null,Null,Null,Null,Null,Null,Null,Null,Null,Null,Null,DRY,DARK - NO LIGHTING,ANIMAL IN ROADWAY,NHP,2341575,Null,Null,Null,2016-10-25T09:00:00.000Z,{3D55971F-0EFB-413F-AB23-06019E459559}
353968,265217.0016,4363177.669,39.39,-119.7,2016-09-06,HORSE,PROPERTY DAMAGE ONLY,WASHOE,Tue Sep 06 00:00:00 PDT 2016,Sun Dec 31 20:19:00 PST 1899,20:19:00,TOLL RD,150,N,WILD MUSTANG LN,CLEAR,-9999,-9999,PDO,Null,NON-COLLISION,1,"SEDAN, 4 DOOR",S,-9999,-9999,GOING STRAIGHT,APPARENTLY NORMAL,Null,UNKNOWN,Null,HORSE: HORSE,Null,Null,Null,Null,Null,Null,Null,Null,Null,Null,Null,Null,Null,Null,Null,WASO,2331921,Null,Null,Null,2016-09-07T03:19:00.000Z,{7EBAF1CD-4977-455E-8E47-5F46F9CAF9E7}
354568,264988.5281,4363517.051,39.39,-119.7,2016-09-06,HORSE,PROPERTY DAMAGE ONLY,WASHOE,Tue Sep 06 00:00:00 PDT 2016,Sun Dec 31 20:58:00 PST 1899,20:58:00,TOLL RD,0,Null,SCARLET WAY,CLEAR,-9999,-9999,PDO,Null,NON-COLLISION,1,CARRY-ALL,N,-9999,-9999,GOING STRAIGHT,APPARENTLY NORMAL,Null,OBJECT AVOIDANCE,Null,HORSE,Null,Null,Null,Null,Null,Null,Null,Null,Null,Null,Null,Null,Null,Null,Null,WASO,2331922,Null,Null,Null,2016-09-07T03:58:00.000Z,{12F1D578-7F65-4C3B-93E4-A6799B9CD236}
337895,611793.9161,4516192.845,40.79,-115.7,2016-09-06,DEER,PROPERTY DAMAGE ONLY,ELKO,Tue Sep 06 00:00:00 PDT 2016,Sun Dec 31 20:15:00 PST 1899,20:15:00,SPRING VALLEY PKWY,110,S,EDGEWATER DR,CLEAR,-9999,-9999,PDO,Null,NON-COLLISION,1,PICKUP,S,-9999,-9999,GOING STRAIGHT,Null,Null,OBJECT AVOIDANCE,Null,DEER,Null,Null,Null,Null,Null,Null,Null,Null,Null,Null,Null,Null,Null,Null,Null,ECSO,2316464,Null,Null,Null,2016-09-07T03:15:00.000Z,{86C7A07E-A283-48D5-801E-82823CBE7E2A}
353075,666932.2524,4127174.638,37.28,-115.1,2016-09-06,DEER,PROPERTY DAMAGE ONLY,LINCOLN,Tue Sep 06 00:00:00 PDT 2016,Sun Dec 31 05:59:00 PST 1899,5:59:00,US93N,578,S,MILE MARKER 32,CLEAR,-9999,-9999,PDO,Null,NON-COLLISION,1,SEDAN,S,56,1,GOING STRAIGHT,APPARENTLY NORMAL,Null,Null,Null,DEER,Null,Null,Null,Null,Null,Null,Null,Null,Null,Null,Null,Null,DRY,DAWN,ANIMAL IN ROADWAY,NHP,2329218,Null,Null,Null,2016-09-06T12:59:00.000Z,{4E206029-D8DD-4712-9BC0-969E45A8C688}
353090,498376.6689,4345395.619,39.26,-117,2016-09-06,DEER,PROPERTY DAMAGE ONLY,LANDER,Tue Sep 06 00:00:00 PDT 2016,Sun Dec 31 18:45:00 PST 1899,18:45:00,SR376,500,N,MILE MARKER 7,CLEAR,-9999,-9999,PDO,Null,NON-COLLISION,1,SEDAN,S,24,1,GOING STRAIGHT,APPARENTLY NORMAL,Null,Null,Null,DEER,Null,Null,Null,Null,Null,Null,Null,Null,Null,Null,Null,Null,DRY,DAYLIGHT,ANIMAL IN ROADWAY,NHP,2329297,Null,Null,Null,2016-09-07T01:45:00.000Z,{7AB9CFED-D8A2-4684-AF4F-C53C1C54A99E}