OBJECTID,X,Y,Latitude,Longitude,Date,AnimalType,Crash_Seve,County,Crash_Date_Original,Crash_Time_Original,Crash_Time,Primary_St,Distance,Dir,Secondary_,Weather,Fatalities,Injured,Property_D,Injury_Typ,Crash_Type,Total_Vehi,V1_Type,V1_Dir,V1_Driver_,V1_Lane_Nu,V1_Action,V1_Driver1,V1_Drive_1,V1_Vehicle,V1_Most_Ha,V1_All_Eve,V2_Type,V2_Dir,V2_Driver_,V2_Lane_Nu,V2_Action,V2_Driver1,V2_Drive_1,V2_Vehicle,V2_Most_Ha,V2_All_Eve,First_Harm,Nonmotoris,Factors_Ro,Lighting,HWY_Factor,Agency,Accident_R,Pedalcycli,Pedestrian,Motorcycli,CrashDateT,GlobalID
352917,706227.0715,4285310.712,38.69,-114.6,2016-09-06,CATTLE,PROPERTY DAMAGE ONLY,WHITE PINE,Tue Sep 06 00:00:00 PDT 2016,Sun Dec 31 20:37:00 PST 1899,20:37:00,US93N,245,N,MILE MARKER 1,CLEAR,-9999,-9999,PDO,Null,NON-COLLISION,1,TOW TRUCK/WRECKER,N,20,1,GOING STRAIGHT,APPARENTLY NORMAL,Null,Null,Null,CATTLE,Null,Null,Null,Null,Null,Null,Null,Null,Null,Null,Null,Null,DRY,DARK - NO LIGHTING,ANIMAL IN ROADWAY,NHP,2329301,Null,Null,Null,2016-09-07T03:37:00.000Z,{61CE5793-AF9B-47E8-9A28-6B7CA3F3B3FB}
352601,727811.5612,4190621.042,37.83,-114.4,2016-09-13,DEER,PROPERTY DAMAGE ONLY,LINCOLN,Tue Sep 13 00:00:00 PDT 2016,Sun Dec 31 07:30:00 PST 1899,7:30:00,US93N,250,N,MILE MARKER 111,UNKNOWN,-9999,-9999,PDO,Null,NON-COLLISION,1,"HARDTOP, 4 DOOR",S,49,-9999,GOING STRAIGHT,APPARENTLY NORMAL,Null,Null,Null,DEER,Null,Null,Null,Null,Null,Null,Null,Null,Null,Null,Null,Null,DRY,DAYLIGHT,ANIMAL IN ROADWAY,NHP,2329610,Null,Null,Null,2016-09-13T14:30:00.000Z,{9A8591E4-BE0C-48E3-BD00-0BAEF220FA44}
352664,718012.7037,4165606.191,37.61,-114.5,2016-09-13,DEER,PROPERTY DAMAGE ONLY,LINCOLN,Tue Sep 13 00:00:00 PDT 2016,Sun Dec 31 20:48:00 PST 1899,20:48:00,US93N,528,N,SR317,CLEAR,-9999,-9999,PDO,Null,NON-COLLISION,1,SEDAN,N,74,-9999,GOING STRAIGHT,APPARENTLY NORMAL,Null,Null,Null,DEER,Null,Null,Null,Null,Null,Null,Null,Null,Null,Null,Null,Null,DRY,DARK - NO LIGHTING,ANIMAL IN ROADWAY,NHP,2329672,Null,Null,Null,2016-09-14T03:48:00.000Z,{3422C413-BFCA-4782-9713-ADD43D9429A4}
353049,433752.5889,4590169.792,41.46,-117.8,2016-09-13,CATTLE,PROPERTY DAMAGE ONLY,HUMBOLDT,Tue Sep 13 00:00:00 PDT 2016,Sun Dec 31 19:30:00 PST 1899,19:30:00,US95N,20,S,MILE MARKER 36,CLOUDY,-9999,-9999,PDO,Null,NON-COLLISION,1,"TRACTOR TRUCK, DIESEL",S,41,1,GOING STRAIGHT,APPARENTLY NORMAL,Null,Null,Null,CATTLE,Null,Null,Null,Null,Null,Null,Null,Null,Null,Null,Null,Null,DRY,DARK - NO LIGHTING,ANIMAL IN ROADWAY,NHP,2329666,Null,Null,Null,2016-09-14T02:30:00.000Z,{32702737-9C67-4D16-8A5C-698021A92FAC}
338140,403468.6065,4178914.016,37.75,-118.1,2016-09-20,HORSE,INJURY CRASH,ESMERALDA,Tue Sep 20 00:00:00 PDT 2016,Sun Dec 31 01:30:00 PST 1899,1:30:00,SR264,2640,S,MILE MARKER 15,CLEAR,-9999,2,Null,A,NON-COLLISION,1,PICKUP,N,27,1,GOING STRAIGHT,Null,Null,OBJECT AVOIDANCE,Null,HORSE,Null,Null,Null,Null,Null,Null,Null,Null,Null,Null,Null,Null,DRY,DARK - NO LIGHTING,ANIMAL IN ROADWAY,NHP,2329950,Null,Null,Null,2016-09-20T08:30:00.000Z,{075DECF4-01C3-437C-9D49-CD5D7BDCF844}
362427,584665.413,4007075.716,36.2,-116.1,2016-09-20,HORSE,INJURY CRASH,NYE,Tue Sep 20 00:00:00 PDT 2016,Sun Dec 31 20:06:00 PST 1899,20:06:00,CHARLESTON PARK AVE,200,E,WOODCHIPS RD,CLEAR,-9999,1,Null,B,NON-COLLISION,1,CARRY-ALL,W,37,-9999,GOING STRAIGHT,APPARENTLY NORMAL,Null,OBJECT AVOIDANCE,Null,HORSE,Null,Null,Null,Null,Null,Null,Null,Null,Null,Null,Null,Null,DRY,DARK - NO LIGHTING,Null,NYSO,2360219,Null,Null,Null,2016-09-21T03:06:00.000Z,{BC6038B4-CF29-47A3-BB2B-AD180C1F1638}
338709,356499.9586,4373710.025,39.5,-118.7,2016-09-20,DEER,PROPERTY DAMAGE ONLY,CHURCHILL,Tue Sep 20 00:00:00 PDT 2016,Sun Dec 31 19:29:00 PST 1899,19:29:00,PERAZZO LN,1158,S,MISSION RD,CLEAR,-9999,-9999,PDO,Null,NON-COLLISION,1,CARRY-ALL,N,-9999,1,GOING STRAIGHT,APPARENTLY NORMAL,Null,OBJECT AVOIDANCE,Null,DEER,Null,Null,Null,Null,Null,Null,Null,Null,Null,Null,Null,Null,DRY,DARK - NO LIGHTING,ANIMAL IN ROADWAY,CHSO,2316236,Null,Null,Null,2016-09-21T02:29:00.000Z,{6E4E9C6E-3B9B-435B-A21D-67983BB8C6A8}
361838,655803.3622,4305633.194,38.89,-115.2,2016-09-27,DEER,PROPERTY DAMAGE ONLY,WHITE PINE,Tue Sep 27 00:00:00 PDT 2016,Sun Dec 31 18:27:00 PST 1899,18:27:00,US6,25,E,MILE MARKER 5,CLEAR,-9999,-9999,PDO,Null,NON-COLLISION,1,"HATCHBACK, 4 DOOR",E,56,1,GOING STRAIGHT,APPARENTLY NORMAL,Null,UNKNOWN,Null,DEER,Null,Null,Null,Null,Null,Null,Null,Null,Null,Null,Null,Null,DRY,DUSK,ANIMAL IN ROADWAY,NHP,2357394,Null,Null,Null,2016-09-28T01:27:00.000Z,{8EEE9713-6B9A-42B6-831D-DE0D6BC8FDDC}
363090,591450.563,4619931.638,41.73,-115.9,2016-09-27,DEER,PROPERTY DAMAGE ONLY,ELKO,Tue Sep 27 00:00:00 PDT 2016,Sun Dec 31 07:30:00 PST 1899,7:30:00,SR225,1056,N,MILE MARKER 101,CLEAR,-9999,-9999,PDO,Null,NON-COLLISION,1,PICKUP,S,21,-9999,OTHER,APPARENTLY NORMAL,Null,RAN OFF ROAD,Null,"RAN OFF ROAD RIGHT: OTHER POST, POLE OR SUPPORT: OVERTURN/ROLLOVER",Null,Null,Null,Null,Null,Null,Null,Null,Null,Null,Null,Null,DRY,DAYLIGHT,ANIMAL IN ROADWAY,NHP,2357364,Null,Null,Null,2016-09-27T14:30:00.000Z,{865289C0-0B65-4815-9D01-E02620141E58}
397927,286490.0582,4380406.237,39.55,-119.5,2016-04-06,HORSE,PROPERTY DAMAGE ONLY,STOREY,Wed Apr 06 00:00:00 PDT 2016,Sun Dec 31 14:41:00 PST 1899,14:41:00,SR439S,50,N,PITTSBURGH AVE,CLEAR,-9999,-9999,PDO,Null,NON-COLLISION,1,STATION WAGON,S,62,2,GOING STRAIGHT,APPARENTLY NORMAL,Null,Null,Null,HORSE,Null,Null,Null,Null,Null,Null,Null,Null,Null,Null,Null,Null,DRY,DAYLIGHT,NONE,NHP,2236174,Null,Null,Null,2016-04-06T21:41:00.000Z,{C6DDF16E-3624-4F8E-A995-B98578F11008}
332105,736973.8144,4332053.072,39.11,-114.3,2016-04-06,DEER,PROPERTY DAMAGE ONLY,WHITE PINE,Wed Apr 06 00:00:00 PDT 2016,Sun Dec 31 05:41:00 PST 1899,5:41:00,US6,1320,W,MILE MARKER 90,CLEAR,-9999,-9999,PDO,Null,NON-COLLISION,1,PICKUP,E,33,-9999,GOING STRAIGHT,APPARENTLY NORMAL,Null,OBJECT AVOIDANCE,Null,DEER: OVERTURN/ROLLOVER,Null,Null,Null,Null,Null,Null,Null,Null,Null,Null,Null,Null,DRY,DAWN,ANIMAL IN ROADWAY,NHP,2236089,Null,Null,Null,2016-04-06T12:41:00.000Z,{A51A136B-14F1-4163-9B4A-1A99C0EF4D8F}
328747,274017.7528,4377772.693,39.52,-119.6,2016-04-13,DEER,PROPERTY DAMAGE ONLY,WASHOE,Wed Apr 13 00:00:00 PDT 2016,Sun Dec 31 20:47:00 PST 1899,20:47:00,IR80W,500,E,MILE MARKER 23.96,CLEAR,-9999,-9999,PDO,Null,NON-COLLISION,1,UTILITY,W,49,2,GOING STRAIGHT,APPARENTLY NORMAL,Null,Null,Null,DEER,Null,Null,Null,Null,Null,Null,Null,Null,Null,Null,Null,Null,WET,DARK - NO LIGHTING,ANIMAL IN ROADWAY,NHP,2236586,Null,Null,Null,2016-04-14T03:47:00.000Z,{F57A975D-4DAF-4B96-BF8B-1ECB54115CD2}
329393,253939.6227,4312535.125,38.93,-119.8,2016-04-13,DEER,PROPERTY DAMAGE ONLY,DOUGLAS,Wed Apr 13 00:00:00 PDT 2016,Sun Dec 31 20:05:00 PST 1899,20:05:00,SR206,500,S,SR207,CLEAR,-9999,-9999,PDO,Null,NON-COLLISION,1,CARRY-ALL,S,62,1,GOING STRAIGHT,APPARENTLY NORMAL,Null,Null,Null,DEER,Null,Null,Null,Null,Null,Null,Null,Null,Null,Null,Null,Null,DRY,DARK - NO LIGHTING,NONE,NHP,2236585,Null,Null,Null,2016-04-14T03:05:00.000Z,{0933141C-A242-45BA-BFC1-E207EAECC1EE}
329634,665260.1807,4132519.45,37.32,-115.1,2016-04-13,DEER,PROPERTY DAMAGE ONLY,LINCOLN,Wed Apr 13 00:00:00 PDT 2016,Sun Dec 31 06:20:00 PST 1899,6:20:00,US93N,2500,N,MILE MARKER 35,CLEAR,-9999,-9999,PDO,Null,NON-COLLISION,1,"SEDAN, 4 DOOR",N,43,-9999,GOING STRAIGHT,APPARENTLY NORMAL,Null,Null,Null,DEER,Null,Null,Null,Null,Null,Null,Null,Null,Null,Null,Null,Null,DRY,DAYLIGHT,Null,NHP,2236550,Null,Null,Null,2016-04-13T13:20:00.000Z,{AC516F0A-8DDF-48DB-84EF-34252E4A4350}
330075,348179.0229,4413600.104,39.86,-118.8,2016-04-13,ANTELOPE,PROPERTY DAMAGE ONLY,CHURCHILL,Wed Apr 13 00:00:00 PDT 2016,Sun Dec 31 16:50:00 PST 1899,16:50:00,US95N,520,S,MILE MARKER 53,SEVERE CROSSWINDS,-9999,-9999,PDO,Null,NON-COLLISION,1,SEDAN,S,48,1,GOING STRAIGHT,APPARENTLY NORMAL,Null,UNKNOWN,Null,ANTELOPE,Null,Null,Null,Null,Null,Null,Null,Null,Null,Null,Null,Null,DRY,DAYLIGHT,ANIMAL IN ROADWAY,NHP,2236574,Null,Null,Null,2016-04-13T23:50:00.000Z,{8BB0F97B-B150-41CC-A950-1A81E3394325}
327852,708713.8684,4289891.062,38.73,-114.6,2016-04-20,DEER,PROPERTY DAMAGE ONLY,WHITE PINE,Wed Apr 20 00:00:00 PDT 2016,Sun Dec 31 08:08:00 PST 1899,8:08:00,US93N,1500,N,MILE MARKER 4,CLEAR,-9999,-9999,PDO,Null,NON-COLLISION,1,REFRIGERATED VAN,N,32,1,GOING STRAIGHT,APPARENTLY NORMAL,Null,Null,Null,DEER,Null,Null,Null,Null,Null,Null,Null,Null,Null,Null,Null,Null,DRY,DAWN,ANIMAL IN ROADWAY,NHP,2236886,Null,Null,Null,2016-04-20T15:08:00.000Z,{734F315E-73FA-468E-BD34-2FA989168894}
346894,337051.8712,4373394.773,39.49,-118.9,2016-08-03,DEER,PROPERTY DAMAGE ONLY,CHURCHILL,Wed Aug 03 00:00:00 PDT 2016,Sun Dec 31 03:57:00 PST 1899,3:57:00,US50,528,E,MILE MARKER 14,CLEAR,-9999,-9999,PDO,Null,NON-COLLISION,1,UTILITY,W,45,1,GOING STRAIGHT,APPARENTLY NORMAL,Null,Null,Null,DEER,Null,Null,Null,Null,Null,Null,Null,Null,Null,Null,Null,Null,DRY,DARK - NO LIGHTING,ANIMAL IN ROADWAY,NHP,2327333,Null,Null,Null,2016-08-03T10:57:00.000Z,{87D7D040-E6F6-4F8C-A38E-3025DFE4B300}
347139,247145.6194,4350018.281,39.26,-119.9,2016-08-03,DEER,PROPERTY DAMAGE ONLY,WASHOE,Wed Aug 03 00:00:00 PDT 2016,Sun Dec 31 11:18:00 PST 1899,11:18:00,SR431,2500,E,MILE MARKER 4,CLEAR,-9999,-9999,PDO,Null,NON-COLLISION,1,PICKUP,W,48,1,GOING STRAIGHT,APPARENTLY NORMAL,Null,Null,Null,DEER,Null,Null,Null,Null,Null,Null,Null,Null,Null,Null,Null,Null,DRY,DAYLIGHT,ANIMAL IN ROADWAY,NHP,2327356,Null,Null,Null,2016-08-03T18:18:00.000Z,{F730F88F-709C-47AA-9C8B-0608E03C30D5}
346598,244793.6978,4322248.169,39.01,-119.9,2016-08-03,DEER,PROPERTY DAMAGE ONLY,DOUGLAS,Wed Aug 03 00:00:00 PDT 2016,Sun Dec 31 19:15:00 PST 1899,19:15:00,US50,200,W,WARRIOR WAY,CLEAR,-9999,-9999,PDO,Null,NON-COLLISION,1,CARRY-ALL,W,63,1,GOING STRAIGHT,APPARENTLY NORMAL,Null,Null,Null,DEER,Null,Null,Null,Null,Null,Null,Null,Null,Null,Null,Null,Null,DRY,DAYLIGHT,ANIMAL IN ROADWAY,NHP,2327390,Null,Null,Null,2016-08-04T02:15:00.000Z,{1238B301-D7CA-41B2-B32E-23E1D0EE6BAF}
348622,258289.1027,4384717.001,39.58,-119.8,2016-08-03,COYOTE,PROPERTY DAMAGE ONLY,WASHOE,Wed Aug 03 00:00:00 PDT 2016,Sun Dec 31 22:08:00 PST 1899,22:08:00,US395S,200,N,US395S TO PARR BLVD INT72,CLEAR,-9999,-9999,PDO,Null,NON-COLLISION,1,"SEDAN, 4 DOOR",S,18,2,GOING STRAIGHT,APPARENTLY NORMAL,Null,OBJECT AVOIDANCE,Null,DOG/COYOTE,Null,Null,Null,Null,Null,Null,Null,Null,Null,Null,Null,Null,DRY,DARK - NO LIGHTING,ANIMAL IN ROADWAY,NHP,2327398,Null,Null,Null,2016-08-04T05:08:00.000Z,{1855F2E9-AF94-4A55-9F4D-27417149897E}
338633,581888.575,4205455.815,37.99,-116.1,2016-08-03,CATTLE,INJURY CRASH,NYE,Wed Aug 03 00:00:00 PDT 2016,Sun Dec 31 09:45:00 PST 1899,9:45:00,SR375,1056,E,MILE MARKER 27,CLEAR,-9999,1,Null,A,NON-COLLISION,1,MOTORCYCLE,E,64,1,GOING STRAIGHT,APPARENTLY NORMAL,Null,FAILURE TO KEEP IN PROPER LANE OR RUNNING OFF ROAD: OVER-CORRECTING/OVER-STEERING: RAN OFF ROAD: UNSAFE LANE CHANGE: OBJECT AVOIDANCE,Null,CATTLE: RAN OFF ROAD LEFT: OVERTURN/ROLLOVER,Null,Null,Null,Null,Null,Null,Null,Null,Null,Null,Null,Null,DRY,DAYLIGHT,ANIMAL IN ROADWAY,NHP,2327351,Null,Null,YES,2016-08-03T16:45:00.000Z,{6202779A-E725-4C30-AAAE-E1E1EF7E6140}
346977,255668.7844,4334194.159,39.12,-119.8,2016-08-10,UNKNOWN,PROPERTY DAMAGE ONLY,CARSON CITY,Wed Aug 10 00:00:00 PDT 2016,Sun Dec 31 21:13:00 PST 1899,21:13:00,US50,400,E,MILE MARKER 4,CLEAR,-9999,-9999,PDO,Null,NON-COLLISION,1,"HATCHBACK, 4 DOOR",W,32,2,GOING STRAIGHT,APPARENTLY NORMAL,Null,Null,Null,OTHER ANIMAL,Null,Null,Null,Null,Null,Null,Null,Null,Null,Null,Null,Null,DRY,DARK - NO LIGHTING,ANIMAL IN ROADWAY,NHP,2327761,Null,Null,Null,2016-08-11T04:13:00.000Z,{68B4E146-184D-4BE3-817A-5F7BE173E0E8}
337147,256376.8674,4362633.524,39.38,-119.8,2016-08-17,DEER,INJURY CRASH,WASHOE,Wed Aug 17 00:00:00 PDT 2016,Sun Dec 31 20:43:00 PST 1899,20:43:00,SR431,500,E,THOMPSON LN,CLEAR,-9999,1,Null,A,NON-COLLISION,1,MOTORCYCLE,W,59,2,GOING STRAIGHT,APPARENTLY NORMAL,Null,Null,Null,DEER,Null,Null,Null,Null,Null,Null,Null,Null,Null,Null,Null,Null,DRY,DARK - SPOT LIGHTING,ANIMAL IN ROADWAY,NHP,2328181,Null,Null,YES,2016-08-18T03:43:00.000Z,{5F2246AA-79F9-4655-ACD0-72CF23BEEA6E}
346506,594686.3803,4534136.082,40.95,-115.9,2016-08-17,ANTELOPE,PROPERTY DAMAGE ONLY,ELKO,Wed Aug 17 00:00:00 PDT 2016,Sun Dec 31 06:00:00 PST 1899,6:00:00,SR225,0,Null,MILE MARKER 40,CLEAR,-9999,-9999,PDO,Null,NON-COLLISION,1,SEDAN,N,42,1,UNKNOWN,APPARENTLY NORMAL,Null,UNKNOWN,Null,ANTELOPE,Null,Null,Null,Null,Null,Null,Null,Null,Null,Null,Null,Null,DRY,DAWN,ANIMAL IN ROADWAY,NHP,2328134,Null,Null,Null,2016-08-17T13:00:00.000Z,{8E3C018B-90C9-4D70-9B47-3569CD1029C3}
349847,402767.2016,4250563.891,38.4,-118.1,2016-08-24,BURRO,PROPERTY DAMAGE ONLY,MINERAL,Wed Aug 24 00:00:00 PDT 2016,Sun Dec 31 05:15:00 PST 1899,5:15:00,US95N,2600,N,MILE MARKER 16,CLEAR,-9999,-9999,PDO,Null,NON-COLLISION,1,"SEDAN, 4 DOOR",S,78,1,GOING STRAIGHT,APPARENTLY NORMAL,Null,Null,Null,BURRO,Null,Null,Null,Null,Null,Null,Null,Null,Null,Null,Null,Null,DRY,DARK - NO LIGHTING,ANIMAL IN ROADWAY,NHP,2328516,Null,Null,Null,2016-08-24T12:15:00.000Z,{BB79A73F-7876-42FB-9732-708A367A5E55}
349954,727758.7601,4190863.62,37.84,-114.4,2016-08-31,DEER,PROPERTY DAMAGE ONLY,LINCOLN,Wed Aug 31 00:00:00 PDT 2016,Sun Dec 31 06:44:00 PST 1899,6:44:00,US93N,1056,N,MILE MARKER 111,CLEAR,-9999,-9999,PDO,Null,NON-COLLISION,1,SEDAN,S,63,1,GOING STRAIGHT,APPARENTLY NORMAL,Null,Null,Null,DEER,Null,Null,Null,Null,Null,Null,Null,Null,Null,Null,Null,Null,DRY,DAYLIGHT,ANIMAL IN ROADWAY,NHP,2328899,Null,Null,Null,2016-08-31T13:44:00.000Z,{F55C0D9D-38E7-4088-B63A-301B71B4F64D}
356322,711115.4933,4230405.659,38.2,-114.6,2016-12-07,ELK,PROPERTY DAMAGE ONLY,LINCOLN,Wed Dec 07 00:00:00 PST 2016,Sun Dec 31 06:00:00 PST 1899,6:00:00,US93N,1584,N,MILE MARKER 139,CLEAR,-9999,-9999,PDO,Null,NON-COLLISION,1,PICKUP,S,60,1,GOING STRAIGHT,APPARENTLY NORMAL,Null,UNKNOWN,Null,ELK,Null,Null,Null,Null,Null,Null,Null,Null,Null,Null,Null,Null,DRY,DAWN,ANIMAL IN ROADWAY,NHP,2341672,Null,Null,Null,2016-12-07T14:00:00.000Z,{78DA6CBB-5A4B-412E-A39C-EF51461044CD}
356534,726104.9044,4181363.956,37.75,-114.4,2016-12-07,DEER,PROPERTY DAMAGE ONLY,LINCOLN,Wed Dec 07 00:00:00 PST 2016,Sun Dec 31 05:50:00 PST 1899,5:50:00,US93N,528,S,MILE MARKER 105,CLEAR,-9999,-9999,PDO,Null,NON-COLLISION,1,"SEDAN, 4 DOOR",S,41,1,GOING STRAIGHT,APPARENTLY NORMAL,Null,UNKNOWN,Null,DEER: RAN OFF ROAD RIGHT: RAN OFF ROAD LEFT,Null,Null,Null,Null,Null,Null,Null,Null,Null,Null,Null,Null,DRY,DARK - NO LIGHTING,ANIMAL IN ROADWAY,NHP,2341666,Null,Null,Null,2016-12-07T13:50:00.000Z,{A2FF6B7B-C326-45A5-B8B4-0638D61140ED}
357375,589541.275,4013633.192,36.26,-116,2016-12-14,BURRO,PROPERTY DAMAGE ONLY,NYE,Wed Dec 14 00:00:00 PST 2016,Sun Dec 31 18:17:00 PST 1899,18:17:00,SR160,100,S,BELL VISTA AVE,CLEAR,-9999,-9999,PDO,Null,NON-COLLISION,1,UTILITY,N,75,1,GOING STRAIGHT,APPARENTLY NORMAL,Null,Null,Null,BURRO,Null,Null,Null,Null,Null,Null,Null,Null,Null,Null,Null,Null,DRY,DARK - NO LIGHTING,ANIMAL IN ROADWAY,NHP,2342175,Null,Null,Null,2016-12-15T02:17:00.000Z,{E409FD60-63BB-4935-A0D4-44C262106483}
357364,589736.9449,4014675.324,36.27,-116,2016-12-21,HORSE,PROPERTY DAMAGE ONLY,NYE,Wed Dec 21 00:00:00 PST 2016,Sun Dec 31 17:11:00 PST 1899,17:11:00,SR160,0,Null,JENNY CIR,CLOUDY,-9999,-9999,PDO,Null,NON-COLLISION,1,PICKUP,N,43,-9999,GOING STRAIGHT,APPARENTLY NORMAL,Null,Null,Null,HORSE,Null,Null,Null,Null,Null,Null,Null,Null,Null,Null,Null,Null,DRY,DARK - NO LIGHTING,NONE,NHP,2342630,Null,Null,Null,2016-12-22T01:11:00.000Z,{F68F9548-6281-48D6-8A53-B920BA2AD118}
366089,345023.9784,4365217.101,39.42,-118.8,2016-12-21,DEER,PROPERTY DAMAGE ONLY,CHURCHILL,Wed Dec 21 00:00:00 PST 2016,Sun Dec 31 04:41:00 PST 1899,4:41:00,S ALLEN RD,50,S,W CORKILL LN,CLOUDY,-9999,-9999,PDO,Null,NON-COLLISION,1,PICKUP,N,22,-9999,NOT REPORTED,APPARENTLY NORMAL,Null,FAILURE TO KEEP IN PROPER LANE OR RUNNING OFF ROAD: RAN OFF ROAD: UNSAFE LANE CHANGE: OBJECT AVOIDANCE,Null,DEER: RAN OFF ROAD LEFT: FENCE/WALL,Null,Null,Null,Null,Null,Null,Null,Null,Null,Null,Null,Null,DRY,DARK - NO LIGHTING,ANIMAL IN ROADWAY,CHSO,2332524,Null,Null,Null,2016-12-21T12:41:00.000Z,{21EC4ED1-CA36-461C-ADC8-E75C3B0319CC}
370537,621067.8003,4022592.789,36.34,-115.7,2016-12-21,DEER,PROPERTY DAMAGE ONLY,CLARK,Wed Dec 21 00:00:00 PST 2016,Sun Dec 31 17:10:00 PST 1899,17:10:00,SR156,3,E,SR158,UNKNOWN,-9999,-9999,PDO,Null,NON-COLLISION,1,"HARDTOP, 4 DOOR",E,26,-9999,GOING STRAIGHT,APPARENTLY NORMAL,Null,DRIVING TOO FAST FOR CONDITIONS: OBJECT AVOIDANCE,Null,RAN OFF ROAD RIGHT: TREE/SHRUB,Null,Null,Null,Null,Null,Null,Null,Null,Null,Null,Null,Null,DRY,DARK - NO LIGHTING,"WET, ICY, SNOW, SLUSH: ANIMAL IN ROADWAY",NHP,2357780,Null,Null,Null,2016-12-22T01:10:00.000Z,{569566D5-39C6-40B8-90B2-B430298C3407}
359414,605003.1388,4521739.374,40.84,-115.8,2016-02-10,DEER,PROPERTY DAMAGE ONLY,ELKO,Wed Feb 10 00:00:00 PST 2016,Sun Dec 31 19:15:00 PST 1899,19:15:00,IDAHO ST,175,E,14TH ST,CLEAR,-9999,-9999,PDO,Null,NON-COLLISION,1,CARRY-ALL,W,48,1,GOING STRAIGHT,APPARENTLY NORMAL,Null,Null,Null,DEER,Null,Null,Null,Null,Null,Null,Null,Null,Null,Null,Null,Null,DRY,DARK - SPOT LIGHTING,ANIMAL IN ROADWAY,ELPD,2353024,Null,Null,Null,2016-02-11T03:15:00.000Z,{350E238A-8CEC-44FC-8A1A-A89D028803D6}
325433,400337.7327,4355091.494,39.34,-118.2,2016-02-24,CATTLE,PROPERTY DAMAGE ONLY,CHURCHILL,Wed Feb 24 00:00:00 PST 2016,Sun Dec 31 18:41:00 PST 1899,18:41:00,SR121,3500,N,MILE MARKER 3,CLEAR,-9999,-9999,PDO,Null,NON-COLLISION,1,VAN,S,62,1,GOING STRAIGHT,Null,Null,OBJECT AVOIDANCE,Null,CATTLE,Null,Null,Null,Null,Null,Null,Null,Null,Null,Null,Null,Null,DRY,DARK - NO LIGHTING,ANIMAL IN ROADWAY,NHP,2227165,Null,Null,Null,2016-02-25T02:41:00.000Z,{202FCD5A-7999-42B6-9680-D5EFC8836CF6}
331146,347076.7422,4291453.876,38.76,-118.8,2016-02-24,CATTLE,PROPERTY DAMAGE ONLY,MINERAL,Wed Feb 24 00:00:00 PST 2016,Sun Dec 31 00:32:00 PST 1899,0:32:00,US95N,15,N,MILE MARKER 70,CLEAR,-9999,-9999,PDO,Null,NON-COLLISION,1,SEMI,S,44,1,GOING STRAIGHT,APPARENTLY NORMAL,Null,UNKNOWN,Null,CATTLE,Null,Null,Null,Null,Null,Null,Null,Null,Null,Null,Null,Null,DRY,DARK - NO LIGHTING,ANIMAL IN ROADWAY,NHP,2234251,Null,Null,Null,2016-02-24T08:32:00.000Z,{E5F1A910-53DE-493C-8FD7-ACC5F9FDAEE2}
311317,670944.0835,4009364.251,36.21,-115.1,2016-01-27,DOG,INJURY CRASH,CLARK,Wed Jan 27 00:00:00 PST 2016,Sun Dec 31 07:25:00 PST 1899,7:25:00,CECILE AVE,79,E,N PECOS RD,CLEAR,-9999,1,Null,B,REAR-END,2,CARRY-ALL,E,41,1,GOING STRAIGHT,APPARENTLY NORMAL,Null,FOLLOWED TOO CLOSELY,Null,SLOW/STOPPED VEHICLE,CARRY-ALL,E,31,1,GOING STRAIGHT,APPARENTLY NORMAL,Null,Null,Null,Null,Null,Null,DRY,DAYLIGHT,ANIMAL IN ROADWAY,LVMPD,2222454,Null,Null,Null,2016-01-27T15:25:00.000Z,{006DA3FE-F0A5-4BF1-8B61-F1B6D59A6D94}
324874,720331.1252,4170161.483,37.65,-114.5,2016-01-27,DEER,PROPERTY DAMAGE ONLY,LINCOLN,Wed Jan 27 00:00:00 PST 2016,Sun Dec 31 17:42:00 PST 1899,17:42:00,US93N,533,S,MILE MARKER 97,CLOUDY,-9999,-9999,PDO,Null,NON-COLLISION,1,"HARDTOP, 4 DOOR",N,24,1,GOING STRAIGHT,APPARENTLY NORMAL,Null,Null,Null,DEER,Null,Null,Null,Null,Null,Null,Null,Null,Null,Null,Null,Null,DRY,DARK - NO LIGHTING,ANIMAL IN ROADWAY,NHP,2225639,Null,Null,Null,2016-01-28T01:42:00.000Z,{F34D4993-9CCB-44AF-B29E-6F0C734F9D0B}
324863,337416.9207,4373078.96,39.49,-118.9,2016-01-27,CATTLE,INJURY CRASH,CHURCHILL,Wed Jan 27 00:00:00 PST 2016,Sun Dec 31 03:15:00 PST 1899,3:15:00,US50,2112,E,MILE MARKER 14,UNKNOWN,-9999,1,Null,C,NON-COLLISION,1,UTILITY,E,28,1,GOING STRAIGHT,APPARENTLY NORMAL,Null,UNKNOWN,Null,CATTLE,Null,Null,Null,Null,Null,Null,Null,Null,Null,Null,Null,Null,DRY,DARK - NO LIGHTING,ANIMAL IN ROADWAY,NHP,2225599,Null,Null,Null,2016-01-27T11:15:00.000Z,{54F9FFF0-A369-4988-831C-59BD2E1753E9}