OBJECTID,X,Y,Latitude,Longitude,Date,AnimalType,Crash_Seve,County,Crash_Date_Original,Crash_Time_Original,Crash_Time,Primary_St,Distance,Dir,Secondary_,Weather,Fatalities,Injured,Property_D,Injury_Typ,Crash_Type,Total_Vehi,V1_Type,V1_Dir,V1_Driver_,V1_Lane_Nu,V1_Action,V1_Driver1,V1_Drive_1,V1_Vehicle,V1_Most_Ha,V1_All_Eve,V2_Type,V2_Dir,V2_Driver_,V2_Lane_Nu,V2_Action,V2_Driver1,V2_Drive_1,V2_Vehicle,V2_Most_Ha,V2_All_Eve,First_Harm,Nonmotoris,Factors_Ro,Lighting,HWY_Factor,Agency,Accident_R,Pedalcycli,Pedestrian,Motorcycli,CrashDateT,GlobalID
324879,666194.8642,4514839.549,40.77,-115,2016-01-27,CATTLE,PROPERTY DAMAGE ONLY,ELKO,Wed Jan 27 00:00:00 PST 2016,Sun Dec 31 10:40:00 PST 1899,10:40:00,US93N,1584,N,MILE MARKER 50,CLEAR,-9999,-9999,PDO,Null,NON-COLLISION,1,SEMI,N,43,1,GOING STRAIGHT,APPARENTLY NORMAL,Null,Null,Null,CATTLE,Null,Null,Null,Null,Null,Null,Null,Null,Null,Null,Null,Null,DRY,DARK - NO LIGHTING,ANIMAL IN ROADWAY,NHP,2225653,Null,Null,Null,2016-01-27T18:40:00.000Z,{CB73CF1C-424D-4671-AF1B-F03AB9A0C324}
342554,543815.3418,4223672.965,38.16,-116.5,2016-07-06,UNKNOWN,PROPERTY DAMAGE ONLY,NYE,Wed Jul 06 00:00:00 PDT 2016,Sun Dec 31 20:30:00 PST 1899,20:30:00,US6,528,E,MILE MARKER 43,CLEAR,-9999,-9999,PDO,Null,NON-COLLISION,1,PICKUP,E,71,1,GOING STRAIGHT,APPARENTLY NORMAL,Null,Null,Null,OTHER ANIMAL,Null,Null,Null,Null,Null,Null,Null,Null,Null,Null,Null,Null,DRY,DARK - NO LIGHTING,ANIMAL IN ROADWAY,NHP,2325920,Null,Null,Null,2016-07-07T03:30:00.000Z,{21726EB3-C9EF-4E4B-814F-1C735EC4A2DF}
337290,257734.7315,4342394.243,39.2,-119.8,2016-07-06,DEER,PROPERTY DAMAGE ONLY,CARSON CITY,Wed Jul 06 00:00:00 PDT 2016,Sun Dec 31 07:50:00 PST 1899,7:50:00,COMBS CANYON RD,800,W,VISTA ARIANA DR,CLEAR,-9999,-9999,PDO,Null,NON-COLLISION,1,MOTORCYCLE,E,52,1,GOING STRAIGHT,APPARENTLY NORMAL,Null,Null,Null,DEER,Null,Null,Null,Null,Null,Null,Null,Null,Null,Null,Null,Null,DRY,DAYLIGHT,ANIMAL IN ROADWAY,CCSO,2316101,Null,Null,YES,2016-07-06T14:50:00.000Z,{ABC61202-78DE-442F-A513-C74769B7EFC7}
343831,728352.9696,4187485.282,37.81,-114.4,2016-07-06,DEER,PROPERTY DAMAGE ONLY,LINCOLN,Wed Jul 06 00:00:00 PDT 2016,Sun Dec 31 05:45:00 PST 1899,5:45:00,US93N,326,N,MILE MARKER 109,CLOUDY,-9999,-9999,PDO,Null,NON-COLLISION,1,PICKUP,S,49,1,GOING STRAIGHT,APPARENTLY NORMAL,Null,Null,Null,DEER,Null,Null,Null,Null,Null,Null,Null,Null,Null,Null,Null,Null,DRY,DAYLIGHT,ANIMAL IN ROADWAY,NHP,2325854,Null,Null,Null,2016-07-06T12:45:00.000Z,{0DC90EE9-CEF2-4089-8A2F-1856DE94FA6B}
342711,586215.4434,4190701.646,37.86,-116,2016-07-06,ANTELOPE,PROPERTY DAMAGE ONLY,NYE,Wed Jul 06 00:00:00 PDT 2016,Sun Dec 31 05:00:00 PST 1899,5:00:00,SR375,1200,N,MILE MARKER 37,CLEAR,-9999,-9999,PDO,Null,NON-COLLISION,1,"HATCHBACK, 4 DOOR",S,27,1,GOING STRAIGHT,APPARENTLY NORMAL,Null,Null,Null,ANTELOPE,Null,Null,Null,Null,Null,Null,Null,Null,Null,Null,Null,Null,DRY,DAYLIGHT,ANIMAL IN ROADWAY,NHP,2325857,Null,Null,Null,2016-07-06T12:00:00.000Z,{8B4D5E37-FBCE-4204-AA5D-0F7E565E09E4}
339834,258286.8517,4363639.69,39.39,-119.8,2016-06-01,DEER,PROPERTY DAMAGE ONLY,WASHOE,Wed Jun 01 00:00:00 PDT 2016,Sun Dec 31 18:33:00 PST 1899,18:33:00,SR431,300,W,FAWN LN,CLEAR,-9999,-9999,PDO,Null,NON-COLLISION,1,CARRY-ALL,W,19,2,GOING STRAIGHT,APPARENTLY NORMAL,Null,Null,Null,DEER,Null,Null,Null,Null,Null,Null,Null,Null,Null,Null,Null,Null,DRY,DAYLIGHT,NONE,NHP,2323900,Null,Null,Null,2016-06-02T01:33:00.000Z,{47C19B0D-9A07-45F5-8EEA-9FB06A8E36CE}
337887,739560.2194,4547816.025,41.05,-114.1,2016-06-08,HORSE,PROPERTY DAMAGE ONLY,ELKO,Wed Jun 08 00:00:00 PDT 2016,Sun Dec 31 13:39:00 PST 1899,13:39:00,PILOT RD,19000,S,NINTH ST,CLEAR,-9999,-9999,PDO,Null,NON-COLLISION,1,CARRY-ALL,S,-9999,-9999,GOING STRAIGHT,INATTENTION/DISTRACTED,RADIO/CD PLAYER,EXCEEDED AUTHORIZED SPEED LIMIT,Null,Null,Null,Null,Null,Null,Null,Null,Null,Null,Null,Null,HORSE,Null,Null,Null,NONE,ECSO,2316440,Null,Null,Null,2016-06-08T20:39:00.000Z,{E9D98B61-2E45-4185-A762-76D6C25470C7}
340314,717941.7002,4165649.039,37.61,-114.5,2016-06-08,DEER,PROPERTY DAMAGE ONLY,LINCOLN,Wed Jun 08 00:00:00 PDT 2016,Sun Dec 31 21:18:00 PST 1899,21:18:00,US93N,800,N,SR317,CLOUDY,-9999,-9999,PDO,Null,NON-COLLISION,1,CARRY-ALL,N,36,1,GOING STRAIGHT,APPARENTLY NORMAL,Null,Null,Null,DEER,Null,Null,Null,Null,Null,Null,Null,Null,Null,Null,Null,Null,DRY,DARK - NO LIGHTING,NONE,NHP,2324299,Null,Null,Null,2016-06-09T04:18:00.000Z,{8BE79206-2491-4E96-8605-4DF966F9F191}
342034,246726.2907,4377659.857,39.51,-119.9,2016-06-08,DEER,PROPERTY DAMAGE ONLY,WASHOE,Wed Jun 08 00:00:00 PDT 2016,Sun Dec 31 19:31:00 PST 1899,19:31:00,IR80E,528,W,MILE MARKER 6,CLEAR,-9999,-9999,PDO,Null,NON-COLLISION,1,CARRY-ALL,E,20,-9999,GOING STRAIGHT,APPARENTLY NORMAL,Null,OBJECT AVOIDANCE,Null,"RAN OFF ROAD RIGHT: OTHER POST, POLE OR SUPPORT",Null,Null,Null,Null,Null,Null,Null,Null,Null,Null,Null,Null,DRY,DAYLIGHT,ANIMAL IN ROADWAY,NHP,2324294,Null,Null,Null,2016-06-09T02:31:00.000Z,{D7BB272C-A18E-4B27-B303-8205FB3A8C3C}
339731,591921.2043,4513966.055,40.77,-115.9,2016-06-15,DEER,INJURY CRASH,ELKO,Wed Jun 15 00:00:00 PDT 2016,Sun Dec 31 04:22:00 PST 1899,4:22:00,IR80W,1240,E,MILE MARKER 15,CLEAR,-9999,1,Null,B,NON-COLLISION,1,UTILITY,W,55,2,GOING STRAIGHT,APPARENTLY NORMAL,Null,Null,Null,DEER,Null,Null,Null,Null,Null,Null,Null,Null,Null,Null,Null,Null,DRY,DUSK,NONE,NHP,2324652,Null,Null,Null,2016-06-15T11:22:00.000Z,{516988C5-6158-480F-BB6B-4C79C72EE8BA}
340300,263167.4294,4364856.761,39.4,-119.8,2016-06-15,DEER,PROPERTY DAMAGE ONLY,WASHOE,Wed Jun 15 00:00:00 PDT 2016,Sun Dec 31 05:25:00 PST 1899,5:25:00,SR431,317,E,HERZ BLVD,CLOUDY,-9999,-9999,PDO,Null,NON-COLLISION,1,"HATCHBACK, 4 DOOR",E,46,1,GOING STRAIGHT,APPARENTLY NORMAL,Null,Null,Null,DEER,Null,Null,Null,Null,Null,Null,Null,Null,Null,Null,Null,Null,DRY,DAWN,NONE,NHP,2324653,Null,Null,Null,2016-06-15T12:25:00.000Z,{2D06B064-5B91-4975-80C4-4CFC6CA167CB}
339879,413401.7091,4510739.409,40.74,-118,2016-06-15,ANTELOPE,PROPERTY DAMAGE ONLY,PERSHING,Wed Jun 15 00:00:00 PDT 2016,Sun Dec 31 12:55:00 PST 1899,12:55:00,IR80E,1500,E,MILE MARKER 66,CLOUDY,-9999,-9999,PDO,Null,NON-COLLISION,1,UTILITY,E,45,1,GOING STRAIGHT,APPARENTLY NORMAL,Null,OBJECT AVOIDANCE,Null,ANTELOPE,Null,Null,Null,Null,Null,Null,Null,Null,Null,Null,Null,Null,DRY,DAYLIGHT,ANIMAL IN ROADWAY,NHP,2324677,Null,Null,Null,2016-06-15T19:55:00.000Z,{56383AE1-0D12-4355-B788-A048179FF376}
343278,615081,4533902.5,40.95,-115.6,2016-06-22,DEER,PROPERTY DAMAGE ONLY,ELKO,Wed Jun 22 00:00:00 PDT 2016,Sun Dec 31 04:10:00 PST 1899,4:10:00,IR80E,528,W,MILE MARKER 35,CLEAR,-9999,-9999,PDO,Null,NON-COLLISION,1,"TRACTOR TRUCK, GASOLINE",E,39,2,GOING STRAIGHT,APPARENTLY NORMAL,Null,Null,Null,DEER,Null,Null,Null,Null,Null,Null,Null,Null,Null,Null,Null,Null,DRY,DARK - NO LIGHTING,ANIMAL IN ROADWAY,NHP,2325093,Null,Null,Null,2016-06-22T11:10:00.000Z,{2916ABB3-CE9B-44A4-949D-51E528848E4C}
337346,253502.4794,4312912.484,38.93,-119.8,2016-06-29,DEER,INJURY CRASH,DOUGLAS,Wed Jun 29 00:00:00 PDT 2016,Sun Dec 31 23:48:00 PST 1899,23:48:00,SR207,1584,W,SR206,CLEAR,-9999,1,Null,A,NON-COLLISION,1,MOTORCYCLE,W,28,1,GOING STRAIGHT,APPARENTLY NORMAL,Null,Null,Null,DEER,Null,Null,Null,Null,Null,Null,Null,Null,Null,Null,Null,Null,DRY,DARK - NO LIGHTING,ANIMAL IN ROADWAY,NHP,2325537,Null,Null,YES,2016-06-30T06:48:00.000Z,{9CD1CF48-BDE7-45C4-A9C2-2B95C4AEA121}
328740,723363.0625,4202745.5,37.94,-114.5,2016-03-02,DEER,PROPERTY DAMAGE ONLY,LINCOLN,Wed Mar 02 00:00:00 PST 2016,Sun Dec 31 19:51:00 PST 1899,19:51:00,US93N,1399,S,MILE MARKER 120,CLOUDY,-9999,-9999,PDO,Null,NON-COLLISION,1,PICKUP,N,69,1,GOING STRAIGHT,APPARENTLY NORMAL,Null,Null,Null,DEER,Null,Null,Null,Null,Null,Null,Null,Null,Null,Null,Null,Null,DRY,DARK - NO LIGHTING,ANIMAL IN ROADWAY,NHP,2234370,Null,Null,Null,2016-03-03T03:51:00.000Z,{9841D71B-3AF4-4AC9-8BA2-A83CD35CC222}
329018,675110.114,3931394.554,35.51,-115.1,2016-03-09,DEER,PROPERTY DAMAGE ONLY,CLARK,Wed Mar 09 00:00:00 PST 2016,Sun Dec 31 05:56:00 PST 1899,5:56:00,SR164,2000,W,MILE MARKER 10,CLEAR,-9999,-9999,PDO,Null,NON-COLLISION,1,"SEDAN, 4 DOOR",W,58,1,GOING STRAIGHT,APPARENTLY NORMAL,Null,Null,Null,DEER,Null,Null,Null,Null,Null,Null,Null,Null,Null,Null,Null,Null,DRY,DAYLIGHT,ANIMAL IN ROADWAY,NHP,2234615,Null,Null,Null,2016-03-09T13:56:00.000Z,{4B39B205-2913-4152-897D-9DEF9C0439C4}
329024,675110.114,3931394.554,35.51,-115.1,2016-03-09,DEER,PROPERTY DAMAGE ONLY,CLARK,Wed Mar 09 00:00:00 PST 2016,Sun Dec 31 05:56:00 PST 1899,5:56:00,SR164,2000,W,MILE MARKER 10,CLEAR,-9999,-9999,PDO,Null,NON-COLLISION,1,"SEDAN, 4 DOOR",W,51,1,GOING STRAIGHT,APPARENTLY NORMAL,Null,Null,Null,DEER,Null,Null,Null,Null,Null,Null,Null,Null,Null,Null,Null,Null,DRY,DAYLIGHT,ANIMAL IN ROADWAY,NHP,2234617,Null,Null,Null,2016-03-09T13:56:00.000Z,{67F85CA0-7D86-46B0-B406-0BA7D0D8877B}
334480,673157.6876,4255369,38.43,-115,2016-03-16,DEER,PROPERTY DAMAGE ONLY,NYE,Wed Mar 16 00:00:00 PDT 2016,Sun Dec 31 12:30:00 PST 1899,12:30:00,SR318,1320,N,MILE MARKER 19,CLOUDY,-9999,-9999,PDO,Null,NON-COLLISION,1,"SEDAN, 4 DOOR",N,31,1,GOING STRAIGHT,APPARENTLY NORMAL,Null,UNKNOWN,Null,DEER,Null,Null,Null,Null,Null,Null,Null,Null,Null,Null,Null,Null,DRY,DAYLIGHT,ANIMAL IN ROADWAY,NHP,2234999,Null,Null,Null,2016-03-16T19:30:00.000Z,{EA13F29D-F756-49D9-B920-B1A07A3278F0}
328451,717806.2606,4165730.739,37.61,-114.5,2016-05-04,DEER,PROPERTY DAMAGE ONLY,LINCOLN,Wed May 04 00:00:00 PDT 2016,Sun Dec 31 07:23:00 PST 1899,7:23:00,US93N,1320,N,SR317,CLOUDY,-9999,-9999,PDO,Null,NON-COLLISION,1,SEMI,S,49,1,GOING STRAIGHT,APPARENTLY NORMAL,Null,Null,Null,DEER,Null,Null,Null,Null,Null,Null,Null,Null,Null,Null,Null,Null,DRY,DAWN,ANIMAL IN ROADWAY,NHP,2237605,Null,Null,Null,2016-05-04T14:23:00.000Z,{38FCBC38-3B5F-47DC-99EF-D40E61DE2E28}
329190,593012.7392,4514470.022,40.78,-115.9,2016-05-04,DEER,PROPERTY DAMAGE ONLY,ELKO,Wed May 04 00:00:00 PDT 2016,Sun Dec 31 20:00:00 PST 1899,20:00:00,IR80W,50,W,MILE MARKER 16,CLOUDY,-9999,-9999,PDO,Null,NON-COLLISION,1,PICKUP,W,43,1,GOING STRAIGHT,APPARENTLY NORMAL,Null,Null,Null,DEER,Null,Null,Null,Null,Null,Null,Null,Null,Null,Null,Null,Null,DRY,DUSK,Null,NHP,2237638,Null,Null,Null,2016-05-05T03:00:00.000Z,{E75D8D3E-DCAA-42D3-A443-B3E18F86E038}
329154,661519.7726,4142472.7,37.41,-115.2,2016-05-04,CATTLE,PROPERTY DAMAGE ONLY,LINCOLN,Wed May 04 00:00:00 PDT 2016,Sun Dec 31 05:00:00 PST 1899,5:00:00,US93N,1056,N,MILE MARKER 42,CLEAR,-9999,-9999,PDO,Null,NON-COLLISION,1,"TRACTOR TRUCK, DIESEL",S,57,1,GOING STRAIGHT,APPARENTLY NORMAL,Null,Null,Null,CATTLE,Null,Null,Null,Null,Null,Null,Null,Null,Null,Null,Null,Null,DRY,DARK - NO LIGHTING,ANIMAL IN ROADWAY,NHP,2237599,Null,Null,Null,2016-05-04T12:00:00.000Z,{4F10EB25-52DE-4A8D-95C3-71657C1D0456}
371400,592795.8637,4361057.563,39.39,-115.9,2016-05-11,DEER,INJURY CRASH,EUREKA,Wed May 11 00:00:00 PDT 2016,Sun Dec 31 21:30:00 PST 1899,21:30:00,US50,60,S,MILE MARKER 46,CLEAR,-9999,1,Null,B,NON-COLLISION,1,"SEDAN, 4 DOOR",E,54,1,GOING STRAIGHT,APPARENTLY NORMAL,Null,OBJECT AVOIDANCE,Null,DEER: RAN OFF ROAD LEFT: OVERTURN/ROLLOVER,Null,Null,Null,Null,Null,Null,Null,Null,Null,Null,Null,Null,DRY,DARK - NO LIGHTING,ANIMAL IN ROADWAY,NHP,2356584,Null,Null,Null,2016-05-12T04:30:00.000Z,{99E7B5D3-D33A-4C00-A786-FE65129FEDC8}
337186,684348.5401,4582090.097,41.37,-114.8,2016-05-18,ELK,PROPERTY DAMAGE ONLY,ELKO,Wed May 18 00:00:00 PDT 2016,Sun Dec 31 02:00:00 PST 1899,2:00:00,US93N,2,N,MILE MARKER 95,CLOUDY,-9999,-9999,PDO,Null,NON-COLLISION,1,"TRACTOR TRUCK, DIESEL",N,48,1,GOING STRAIGHT,APPARENTLY NORMAL,Null,Null,Null,ELK,Null,Null,Null,Null,Null,Null,Null,Null,Null,Null,Null,Null,DRY,DARK - NO LIGHTING,ANIMAL IN ROADWAY,NHP,2323128,Null,Null,Null,2016-05-18T09:00:00.000Z,{D4695D65-9D3B-4227-9EFA-387AD8C7C902}
337107,344190.3752,4371504.596,39.48,-118.8,2016-05-18,DEER,PROPERTY DAMAGE ONLY,CHURCHILL,Wed May 18 00:00:00 PDT 2016,Sun Dec 31 11:34:00 PST 1899,11:34:00,US50,1056,W,CASEY RD,CLEAR,-9999,-9999,PDO,Null,NON-COLLISION,1,PICKUP,E,61,2,GOING STRAIGHT,APPARENTLY NORMAL,Null,Null,Null,DEER,Null,Null,Null,Null,Null,Null,Null,Null,Null,Null,Null,Null,DRY,DAYLIGHT,ANIMAL IN ROADWAY,NHP,2323148,Null,Null,Null,2016-05-18T18:34:00.000Z,{B90B0A8B-9DBB-4C7E-99DF-8C14FEE6473E}
337343,375464.7606,4449685.682,40.19,-118.5,2016-05-18,DEER,PROPERTY DAMAGE ONLY,PERSHING,Wed May 18 00:00:00 PDT 2016,Sun Dec 31 06:16:00 PST 1899,6:16:00,IR80E,635,E,MILE MARKER 18,CLEAR,-9999,-9999,PDO,Null,NON-COLLISION,1,"TRACTOR TRUCK, DIESEL",E,33,2,GOING STRAIGHT,APPARENTLY NORMAL,Null,Null,Null,DEER,Null,Null,Null,Null,Null,Null,Null,Null,Null,Null,Null,Null,DRY,DAYLIGHT,ANIMAL IN ROADWAY,NHP,2323127,Null,Null,Null,2016-05-18T13:16:00.000Z,{859DD8FE-0D6C-4422-B9EA-1C37449515C5}
337291,670708.5695,4355537.35,39.33,-115,2016-05-25,DEER,PROPERTY DAMAGE ONLY,WHITE PINE,Wed May 25 00:00:00 PDT 2016,Sun Dec 31 11:35:00 PST 1899,11:35:00,US50,200,E,MILE MARKER 57,CLOUDY,-9999,-9999,PDO,Null,NON-COLLISION,1,"SEDAN, 4 DOOR",E,46,1,GOING STRAIGHT,APPARENTLY NORMAL,Null,Null,Null,DEER,Null,Null,Null,Null,Null,Null,Null,Null,Null,Null,Null,Null,DRY,DAYLIGHT,NONE,NHP,2323504,Null,Null,Null,2016-05-25T18:35:00.000Z,{57E58702-C601-4259-AC7C-94CB2B538163}
391947,431786.2449,4535023.047,40.96,-117.8,2016-11-02,CATTLE,PROPERTY DAMAGE ONLY,HUMBOLDT,Wed Nov 02 00:00:00 PDT 2016,Sun Dec 31 19:25:00 PST 1899,19:25:00,JUNGO RD,200,E,JONES LN,CLEAR,-9999,-9999,PDO,Null,NON-COLLISION,1,PICKUP,E,-9999,-9999,CHANGING LANES,APPARENTLY NORMAL,Null,OBJECT AVOIDANCE,Null,CATTLE,Null,Null,Null,Null,Null,Null,Null,Null,Null,Null,Null,Null,Null,Null,Null,HUSO,2387293,Null,Null,Null,2016-11-03T02:25:00.000Z,{AD3E59FF-B51A-452C-808F-D9A3A84927EE}
354922,257473.0943,4345901.412,39.23,-119.8,2016-11-09,DEER,PROPERTY DAMAGE ONLY,WASHOE,Wed Nov 09 00:00:00 PST 2016,Sun Dec 31 21:09:00 PST 1899,21:09:00,IR580N,2500,N,MILE MARKER 1,CLEAR,-9999,-9999,PDO,Null,NON-COLLISION,1,SEDAN,N,22,1,GOING STRAIGHT,APPARENTLY NORMAL,Null,Null,Null,DEER: RAN OFF ROAD LEFT,Null,Null,Null,Null,Null,Null,Null,Null,Null,Null,Null,Null,DRY,DARK - NO LIGHTING,ANIMAL IN ROADWAY,NHP,2340100,Null,Null,Null,2016-11-10T05:09:00.000Z,{41C44E7A-47FC-4C9C-BEC2-30B93EEA6938}
355273,242286.988,4375840.431,39.49,-120,2016-11-09,DEER,PROPERTY DAMAGE ONLY,WASHOE,Wed Nov 09 00:00:00 PST 2016,Sun Dec 31 22:25:00 PST 1899,22:25:00,IR80W,500,E,MILE MARKER 2,CLEAR,-9999,-9999,PDO,Null,NON-COLLISION,1,VAN,W,36,1,GOING STRAIGHT,APPARENTLY NORMAL,Null,Null,Null,DEER,Null,Null,Null,Null,Null,Null,Null,Null,Null,Null,Null,Null,DRY,DARK - NO LIGHTING,ANIMAL IN ROADWAY,NHP,2340105,Null,Null,Null,2016-11-10T06:25:00.000Z,{37C19EB6-B86A-4C96-A9D5-F057BCCED2B7}
355321,242286.988,4375840.431,39.49,-120,2016-11-09,DEER,PROPERTY DAMAGE ONLY,WASHOE,Wed Nov 09 00:00:00 PST 2016,Sun Dec 31 22:25:00 PST 1899,22:25:00,IR80W,500,E,MARKER 2,CLEAR,-9999,-9999,PDO,Null,NON-COLLISION,1,"HARDTOP, 4 DOOR",W,38,1,GOING STRAIGHT,APPARENTLY NORMAL,Null,Null,Null,DEER,Null,Null,Null,Null,Null,Null,Null,Null,Null,Null,Null,Null,DRY,DARK - NO LIGHTING,ANIMAL IN ROADWAY,NHP,2340106,Null,Null,Null,2016-11-10T06:25:00.000Z,{BEC7D015-1C92-44BE-BA08-0A8B4745D67E}
355931,248658.6802,4390506.991,39.63,-119.9,2016-11-09,DEER,PROPERTY DAMAGE ONLY,WASHOE,Wed Nov 09 00:00:00 PST 2016,Sun Dec 31 05:37:00 PST 1899,5:37:00,US395S,378,S,MILE MARKER 37,CLEAR,-9999,-9999,PDO,Null,NON-COLLISION,1,"SEDAN, 2 DOOR",S,46,1,GOING STRAIGHT,APPARENTLY NORMAL,Null,OBJECT AVOIDANCE,Null,DEER,Null,Null,Null,Null,Null,Null,Null,Null,Null,Null,Null,Null,DRY,DARK - NO LIGHTING,ANIMAL IN ROADWAY,NHP,2340044,Null,Null,Null,2016-11-09T13:37:00.000Z,{54ABE9D5-ABEC-4F74-86D4-317107990B31}
360004,637363.7627,4544326.24,41.04,-115.4,2016-11-09,DEER,INJURY CRASH,ELKO,Wed Nov 09 00:00:00 PST 2016,Sun Dec 31 20:29:00 PST 1899,20:29:00,IR80W,2500,W,MILE MARKER 52,CLEAR,-9999,1,Null,C,NON-COLLISION,1,SEDAN,W,44,2,GOING STRAIGHT,APPARENTLY NORMAL,Null,Null,Null,DEER,Null,Null,Null,Null,Null,Null,Null,Null,Null,Null,Null,Null,DRY,DARK - NO LIGHTING,ANIMAL IN ROADWAY,NHP,2340099,Null,Null,Null,2016-11-10T04:29:00.000Z,{BF7B1D4C-36EB-4E86-AA98-EC0408696AF9}
360125,601219.0341,4611579.081,41.65,-115.8,2016-11-09,DEER,PROPERTY DAMAGE ONLY,ELKO,Wed Nov 09 00:00:00 PST 2016,Sun Dec 31 20:00:00 PST 1899,20:00:00,SR225,0,Null,MILE MARKER 90,CLEAR,-9999,-9999,PDO,Null,NON-COLLISION,1,PICKUP,S,38,1,GOING STRAIGHT,APPARENTLY NORMAL,Null,Null,Null,DEER,Null,Null,Null,Null,Null,Null,Null,Null,Null,Null,Null,Null,DRY,DARK - NO LIGHTING,ANIMAL IN ROADWAY,NHP,2340122,Null,Null,Null,2016-11-10T04:00:00.000Z,{1DE3C9DF-3ED9-490F-A93C-65CB98A63F7B}
359866,618790.4311,4508877.764,40.72,-115.6,2016-11-16,DEER,PROPERTY DAMAGE ONLY,ELKO,Wed Nov 16 00:00:00 PST 2016,Sun Dec 31 06:05:00 PST 1899,6:05:00,SR227,2240,N,MILE MARKER 13,CLOUDY,-9999,-9999,PDO,Null,NON-COLLISION,1,"SEDAN, 4 DOOR",N,17,1,GOING STRAIGHT,APPARENTLY NORMAL,Null,OBJECT AVOIDANCE,Null,DEER,Null,Null,Null,Null,Null,Null,Null,Null,Null,Null,Null,Null,DRY,DARK - NO LIGHTING,NONE,NHP,2340451,Null,Null,Null,2016-11-16T14:05:00.000Z,{71CE5E93-514F-48E6-B63C-2513644436A1}
360171,654959.929,4550537.809,41.09,-115.2,2016-11-16,DEER,PROPERTY DAMAGE ONLY,ELKO,Wed Nov 16 00:00:00 PST 2016,Sun Dec 31 06:15:00 PST 1899,6:15:00,IR80W,2640,E,MILE MARKER 63,CLEAR,-9999,-9999,PDO,Null,NON-COLLISION,1,"TRACTOR TRUCK, DIESEL",W,50,2,GOING STRAIGHT,APPARENTLY NORMAL,Null,Null,Null,DEER,Null,Null,Null,Null,Null,Null,Null,Null,Null,Null,Null,Null,DRY,DAWN,ANIMAL IN ROADWAY,NHP,2340457,Null,Null,Null,2016-11-16T14:15:00.000Z,{81AEE04F-8202-4575-A7AD-C3028DF91CC1}
355145,260913.1508,4359801.333,39.35,-119.8,2016-11-23,DEER,PROPERTY DAMAGE ONLY,WASHOE,Wed Nov 23 00:00:00 PST 2016,Sun Dec 31 19:53:00 PST 1899,19:53:00,US395A,700,S,AMES LN,CLEAR,-9999,-9999,PDO,Null,NON-COLLISION,1,"SEDAN, 2 DOOR",S,38,1,GOING STRAIGHT,APPARENTLY NORMAL,Null,Null,Null,DEER,Null,Null,Null,Null,Null,Null,Null,Null,Null,Null,Null,Null,DRY,DARK - NO LIGHTING,ANIMAL IN ROADWAY,NHP,2340909,Null,Null,Null,2016-11-24T03:53:00.000Z,{F9479A47-A158-452A-8E57-3B5C9D9D4122}
355478,726104.9044,4181363.956,37.75,-114.4,2016-11-23,DEER,INJURY CRASH,LINCOLN,Wed Nov 23 00:00:00 PST 2016,Sun Dec 31 19:22:00 PST 1899,19:22:00,US93N,528,S,MILE MARKER 105,CLOUDY,-9999,1,Null,C,NON-COLLISION,1,PICKUP,S,40,1,GOING STRAIGHT,APPARENTLY NORMAL,Null,Null,Null,DEER,Null,Null,Null,Null,Null,Null,Null,Null,Null,Null,Null,Null,DRY,DARK - NO LIGHTING,ANIMAL IN ROADWAY,NHP,2340910,Null,Null,Null,2016-11-24T03:22:00.000Z,{08B7E7F3-548B-4B37-9656-B61F141F4851}
360005,648956.375,4507873.5,40.71,-115.2,2016-11-23,CATTLE,PROPERTY DAMAGE ONLY,ELKO,Wed Nov 23 00:00:00 PST 2016,Sun Dec 31 20:22:00 PST 1899,20:22:00,SR229,3168,S,MILE MARKER 29,SNOW,-9999,-9999,PDO,Null,NON-COLLISION,1,PICKUP,N,20,1,GOING STRAIGHT,APPARENTLY NORMAL,Null,Null,Null,CATTLE,Null,Null,Null,Null,Null,Null,Null,Null,Null,Null,Null,Null,DRY,DARK - NO LIGHTING,ANIMAL IN ROADWAY,NHP,2340916,Null,Null,Null,2016-11-24T04:22:00.000Z,{E172A2B2-CAB8-4D22-B9B7-3847D250BF78}
356219,662559.3841,4366155.587,39.43,-115.1,2016-11-30,DEER,PROPERTY DAMAGE ONLY,WHITE PINE,Wed Nov 30 00:00:00 PST 2016,Sun Dec 31 16:49:00 PST 1899,16:49:00,US50,125,W,MILE MARKER 48,CLOUDY,-9999,-9999,PDO,Null,NON-COLLISION,1,PICKUP,E,51,1,OTHER,APPARENTLY NORMAL,Null,EXCEEDED AUTHORIZED SPEED LIMIT,Null,DEER,Null,Null,Null,Null,Null,Null,Null,Null,Null,Null,Null,Null,DRY,DARK - NO LIGHTING,ANIMAL IN ROADWAY,NHP,2341264,Null,Null,Null,2016-12-01T00:49:00.000Z,{138C1A56-596B-4F53-857D-A774DA32AFD9}
391930,269485.0531,4343908.074,39.21,-119.7,2016-10-12,HORSE,PROPERTY DAMAGE ONLY,LYON,Wed Oct 12 00:00:00 PDT 2016,Sun Dec 31 00:53:00 PST 1899,0:53:00,US50,75,E,BUNNY RANCH BLVD,CLEAR,-9999,-9999,PDO,Null,NON-COLLISION,1,PICKUP,E,51,2,GOING STRAIGHT,APPARENTLY NORMAL,Null,Null,Null,HORSE,Null,Null,Null,Null,Null,Null,Null,Null,Null,Null,Null,Null,DRY,DARK - NO LIGHTING,ANIMAL IN ROADWAY,LYSO,2378610,Null,Null,Null,2016-10-12T07:53:00.000Z,{C5DC0110-3AEF-4817-84E5-0BA47C7836F3}