OBJECTID,X,Y,Latitude,Longitude,Date,AnimalType,Crash_Seve,County,Crash_Date_Original,Crash_Time_Original,Crash_Time,Primary_St,Distance,Dir,Secondary_,Weather,Fatalities,Injured,Property_D,Injury_Typ,Crash_Type,Total_Vehi,V1_Type,V1_Dir,V1_Driver_,V1_Lane_Nu,V1_Action,V1_Driver1,V1_Drive_1,V1_Vehicle,V1_Most_Ha,V1_All_Eve,V2_Type,V2_Dir,V2_Driver_,V2_Lane_Nu,V2_Action,V2_Driver1,V2_Drive_1,V2_Vehicle,V2_Most_Ha,V2_All_Eve,First_Harm,Nonmotoris,Factors_Ro,Lighting,HWY_Factor,Agency,Accident_R,Pedalcycli,Pedestrian,Motorcycli,CrashDateT,GlobalID
356318,711065.5353,4294135.681,38.77,-114.6,2016-10-12,DEER,INJURY CRASH,WHITE PINE,Wed Oct 12 00:00:00 PDT 2016,Sun Dec 31 18:10:00 PST 1899,18:10:00,US93N,1584,N,MILE MARKER 7,CLEAR,-9999,1,Null,C,NON-COLLISION,1,SEDAN,N,72,1,GOING STRAIGHT,APPARENTLY NORMAL,Null,DROVE LEFT OF CENTER: OBJECT AVOIDANCE,Null,DEER: RAN OFF ROAD RIGHT: RAN OFF ROAD LEFT,Null,Null,Null,Null,Null,Null,Null,Null,Null,Null,Null,Null,DRY,DUSK,ANIMAL IN ROADWAY,NHP,2338375,Null,Null,Null,2016-10-13T01:10:00.000Z,{66F0D1F1-CD74-4F4D-976B-33204E0E06FB}
363658,268952.8188,4343711.683,39.21,-119.7,2016-10-19,HORSE,PROPERTY DAMAGE ONLY,LYON,Wed Oct 19 00:00:00 PDT 2016,Sun Dec 31 19:42:00 PST 1899,19:42:00,US50,200,E,RED ROCK RD,CLEAR,-9999,-9999,PDO,Null,REAR-END,2,UTILITY,E,42,1,GOING STRAIGHT,APPARENTLY NORMAL,Null,FOLLOWED TOO CLOSELY,Null,SLOW/STOPPED VEHICLE,COUPE,E,24,1,STOPPED,APPARENTLY NORMAL,Null,Null,Null,HORSE,Null,Null,DRY,DARK - SPOT LIGHTING,ANIMAL IN ROADWAY,NHP,2338844,Null,Null,Null,2016-10-20T02:42:00.000Z,{D0DD0B6A-EBB6-4196-8813-B4DA0AC25A48}
355423,670813.7008,4289112.042,38.73,-115,2016-10-19,DEER,PROPERTY DAMAGE ONLY,WHITE PINE,Wed Oct 19 00:00:00 PDT 2016,Sun Dec 31 18:30:00 PST 1899,18:30:00,SR318,528,N,MILE MARKER 2,CLEAR,-9999,-9999,PDO,Null,NON-COLLISION,1,HATCHBACK/FASTBACK,S,54,1,GOING STRAIGHT,APPARENTLY NORMAL,Null,Null,Null,DEER,Null,Null,Null,Null,Null,Null,Null,Null,Null,Null,Null,Null,DRY,DARK - NO LIGHTING,ANIMAL IN ROADWAY,NHP,2338845,Null,Null,Null,2016-10-20T01:30:00.000Z,{D0ED4DC3-7189-49AA-B85F-2608C3DCDAF7}
359798,682135.1332,4573141.246,41.29,-114.8,2016-10-19,DEER,PROPERTY DAMAGE ONLY,ELKO,Wed Oct 19 00:00:00 PDT 2016,Sun Dec 31 08:00:00 PST 1899,8:00:00,US93N,1056,N,MILE MARKER 89,CLEAR,-9999,-9999,PDO,Null,NON-COLLISION,1,"SEDAN, 4 DOOR",S,82,1,GOING STRAIGHT,APPARENTLY NORMAL,Null,Null,Null,DEER,Null,Null,Null,Null,Null,Null,Null,Null,Null,Null,Null,Null,DRY,DAYLIGHT,ANIMAL IN ROADWAY,NHP,2338809,Null,Null,Null,2016-10-19T15:00:00.000Z,{7DAA72E2-AE4C-4286-AFAA-922D5A4E2512}
360081,703407.1875,4550219.5,41.08,-114.6,2016-10-19,DEER,PROPERTY DAMAGE ONLY,ELKO,Wed Oct 19 00:00:00 PDT 2016,Sun Dec 31 22:26:00 PST 1899,22:26:00,IR80E,528,W,MILE MARKER 95,CLEAR,-9999,-9999,PDO,Null,NON-COLLISION,1,SEDAN,E,49,1,GOING STRAIGHT,APPARENTLY NORMAL,Null,Null,Null,DEER,Null,Null,Null,Null,Null,Null,Null,Null,Null,Null,Null,Null,DRY,DARK - NO LIGHTING,ANIMAL IN ROADWAY,NHP,2338850,Null,Null,Null,2016-10-20T05:26:00.000Z,{1E9DB1CE-5D63-47A1-8C14-684792036E8B}
413205,674646.0246,4193856.126,37.88,-115,2016-10-19,COYOTE,PROPERTY DAMAGE ONLY,LINCOLN,Wed Oct 19 00:00:00 PDT 2016,Sun Dec 31 09:45:00 PST 1899,9:45:00,SR318,528,S,MILE MARKER 29,CLEAR,-9999,-9999,PDO,Null,NON-COLLISION,1,"HARDTOP, 4 DOOR",S,28,1,GOING STRAIGHT,APPARENTLY NORMAL,Null,Null,Null,DOG/COYOTE: RAN OFF ROAD RIGHT: RAN OFF ROAD LEFT,Null,Null,Null,Null,Null,Null,Null,Null,Null,Null,Null,Null,DRY,DAYLIGHT,ANIMAL IN ROADWAY,NHP,2338813,Null,Null,Null,2016-10-19T16:45:00.000Z,{324FAF85-D7A0-4384-B5A0-8B80EAC96F1C}
364911,269931.8754,4344073.819,39.22,-119.7,2016-10-26,HORSE,PROPERTY DAMAGE ONLY,LYON,Wed Oct 26 00:00:00 PDT 2016,Sun Dec 31 18:49:00 PST 1899,18:49:00,US50,100,E,MILE MARKER 1,CLOUDY,-9999,-9999,PDO,Null,NON-COLLISION,1,"SEDAN, 4 DOOR",E,28,2,GOING STRAIGHT,APPARENTLY NORMAL,Null,Null,Null,HORSE,Null,Null,Null,Null,Null,Null,Null,Null,Null,Null,Null,Null,DRY,DARK - NO LIGHTING,ANIMAL IN ROADWAY,NHP,2339260,Null,Null,Null,2016-10-27T01:49:00.000Z,{D7910D08-E657-4723-890E-DE56BB2CB19E}
360082,603072.8239,4521662.409,40.84,-115.8,2016-10-26,DEER,PROPERTY DAMAGE ONLY,ELKO,Wed Oct 26 00:00:00 PDT 2016,Sun Dec 31 19:00:00 PST 1899,19:00:00,IR80E,528,W,MILE MARKER 24,CLEAR,-9999,-9999,PDO,Null,NON-COLLISION,1,PICKUP,E,45,1,GOING STRAIGHT,APPARENTLY NORMAL,Null,Null,Null,DEER,Null,Null,Null,Null,Null,Null,Null,Null,Null,Null,Null,Null,DRY,DUSK,ANIMAL IN ROADWAY,NHP,2339262,Null,Null,Null,2016-10-27T02:00:00.000Z,{9B1A3AB8-C0F8-4C21-BE61-AAE99AECC619}
368491,649400.0885,4549796.747,41.09,-115.2,2016-10-26,DEER,PROPERTY DAMAGE ONLY,ELKO,Wed Oct 26 00:00:00 PDT 2016,Sun Dec 31 08:00:00 PST 1899,8:00:00,IR80E,0,Null,MILE MARKER 60,CLEAR,-9999,-9999,PDO,Null,NON-COLLISION,1,SEMI,E,48,1,GOING STRAIGHT,APPARENTLY NORMAL,Null,OBJECT AVOIDANCE,Null,DEER,Null,Null,Null,Null,Null,Null,Null,Null,Null,Null,Null,Null,DRY,DARK - NO LIGHTING,ANIMAL IN ROADWAY,NHP,2339226,Null,Null,Null,2016-10-26T15:00:00.000Z,{25479991-282B-4AE8-8EAB-D21D02B767DC}
337017,403111.493,4186190.077,37.82,-118.1,2016-09-07,CATTLE,PROPERTY DAMAGE ONLY,ESMERALDA,Wed Sep 07 00:00:00 PDT 2016,Sun Dec 31 20:40:00 PST 1899,20:40:00,SR264,0,Null,MILE MARKER 19,CLEAR,-9999,-9999,PDO,Null,NON-COLLISION,1,"HATCHBACK, 4 DOOR",S,-9999,1,GOING STRAIGHT,APPARENTLY NORMAL,Null,UNKNOWN,Null,CATTLE,Null,Null,Null,Null,Null,Null,Null,Null,Null,Null,Null,Null,Null,DARK - NO LIGHTING,ANIMAL IN ROADWAY,ESSO,2316477,Null,Null,Null,2016-09-08T03:40:00.000Z,{AC931F14-F949-42DF-975C-B72EBCDD4EF3}
352596,650644.194,3988430.552,36.03,-115.3,2016-09-07,BURRO,PROPERTY DAMAGE ONLY,CLARK,Wed Sep 07 00:00:00 PDT 2016,Sun Dec 31 15:26:00 PST 1899,15:26:00,SR160,380,E,SHAUMBER RD,CLEAR,-9999,-9999,PDO,Null,NON-COLLISION,1,VAN,E,69,2,GOING STRAIGHT,APPARENTLY NORMAL,Null,Null,Null,BURRO,Null,Null,Null,Null,Null,Null,Null,Null,Null,Null,Null,Null,DRY,DAYLIGHT,ANIMAL IN ROADWAY,NHP,2329339,Null,Null,Null,2016-09-07T22:26:00.000Z,{D0B9E9EB-F9FE-4B77-A827-0FFBE47608D1}
413200,656777.9709,4161896.182,37.59,-115.2,2016-09-14,CATTLE,PROPERTY DAMAGE ONLY,LINCOLN,Wed Sep 14 00:00:00 PDT 2016,Sun Dec 31 01:30:00 PST 1899,1:30:00,SR318,500,S,MILE MARKER 5,CLEAR,-9999,-9999,PDO,Null,NON-COLLISION,1,"TRACTOR TRUCK, DIESEL",N,58,1,GOING STRAIGHT,APPARENTLY NORMAL,Null,Null,Null,CATTLE,Null,Null,Null,Null,Null,Null,Null,Null,Null,Null,Null,Null,DRY,DARK - NO LIGHTING,ANIMAL IN ROADWAY,NHP,2329668,Null,Null,Null,2016-09-14T08:30:00.000Z,{D229CA76-3438-47D7-B0E7-84DCC71DBF59}
353199,345680.1588,4282774.263,38.68,-118.8,2016-09-14,BIG HORN SHEEP,PROPERTY DAMAGE ONLY,MINERAL,Wed Sep 14 00:00:00 PDT 2016,Sun Dec 31 19:41:00 PST 1899,19:41:00,US95N,1584,N,MILE MARKER 64,CLEAR,-9999,-9999,PDO,Null,NON-COLLISION,1,"TRACTOR TRUCK, DIESEL",S,30,1,GOING STRAIGHT,APPARENTLY NORMAL,Null,Null,Null,BIG HORN SHEEP,Null,Null,Null,Null,Null,Null,Null,Null,Null,Null,Null,Null,DRY,DUSK,ANIMAL IN ROADWAY,NHP,2329737,Null,Null,Null,2016-09-15T02:41:00.000Z,{B19C9024-0795-4B13-8070-18F152F52726}
356795,630603.6632,4042570.995,36.52,-115.5,2016-09-21,COYOTE,PROPERTY DAMAGE ONLY,CLARK,Wed Sep 21 00:00:00 PDT 2016,Sun Dec 31 00:55:00 PST 1899,0:55:00,US95S,100,N,MILE MARKER 111,CLEAR,-9999,-9999,PDO,Null,NON-COLLISION,1,"SEDAN, 4 DOOR",S,28,2,GOING STRAIGHT,APPARENTLY NORMAL,Null,Null,Null,DOG/COYOTE,Null,Null,Null,Null,Null,Null,Null,Null,Null,Null,Null,Null,DRY,DARK - NO LIGHTING,ANIMAL IN ROADWAY,NHP,2329986,Null,Null,Null,2016-09-21T07:55:00.000Z,{E5C6FE8C-CAD8-41C7-8EA7-BC0AD320CA75}
384321,358893.2591,4361640.338,39.39,-118.6,2017-04-07,DOG/COYOTE,PROPERTY DAMAGE ONLY,CHURCHILL,Fri Apr 07 00:00:00 PDT 2017,Sun Dec 31 04:30:00 PST 1899,4:30:00,US50,1000,E,MACARI LN,CLEAR,-9999,-9999,PDO,O,NON-COLLISION,1,SEDAN,E,41,1,GOING STRAIGHT,APPARENTLY NORMAL,Null,Null,Null,DOG/COYOTE,Null,Null,Null,Null,Null,Null,Null,Null,Null,Null,Null,Null,DRY,DARK - NO LIGHTING,DRY,NHP,2379449,Null,Null,Null,2017-04-07T11:30:00.000Z,{E146DE47-DA35-453A-8ECB-8F13CDBBEB4A}
384571,434909.6554,4608087.391,41.62,-117.8,2017-04-07,DEER,PROPERTY DAMAGE ONLY,HUMBOLDT,Fri Apr 07 00:00:00 PDT 2017,Sun Dec 31 06:10:00 PST 1899,6:10:00,US95N,850,N,MILE MARKER 47,CLOUDY,-9999,-9999,PDO,O,NON-COLLISION,1,SEDAN,S,44,1,GOING STRAIGHT,APPARENTLY NORMAL,Null,Null,Null,DEER,Null,Null,Null,Null,Null,Null,Null,Null,Null,Null,Null,Null,DRY,DAWN,DRY,NHP,2379423,Null,Null,Null,2017-04-07T13:10:00.000Z,{65A4EF96-68BF-411C-BFCF-51861C95A5BC}
386693,597723.3342,4615643.383,41.69,-115.8,2017-04-07,DEER,PROPERTY DAMAGE ONLY,ELKO,Fri Apr 07 00:00:00 PDT 2017,Sun Dec 31 18:52:00 PST 1899,18:52:00,SR225,0,Null,MILE MARKER 94,RAIN,-9999,-9999,PDO,O,NON-COLLISION,1,"SEDAN, 4 DOOR",N,23,1,GOING STRAIGHT,APPARENTLY NORMAL,Null,UNKNOWN,Null,DEER,Null,Null,Null,Null,Null,Null,Null,Null,Null,Null,Null,Null,DRY,DAYLIGHT,DRY,NHP,2379467,Null,Null,Null,2017-04-08T01:52:00.000Z,{33D2A15F-5B97-4757-844D-B01A67BE6698}
387426,545964.1602,4502191.118,40.67,-116.5,2017-04-07,DEER,PROPERTY DAMAGE ONLY,EUREKA,Fri Apr 07 00:00:00 PDT 2017,Sun Dec 31 00:41:00 PST 1899,0:41:00,IR80E,0,Null,MILE MARKER 8,CLOUDY,-9999,-9999,PDO,O,NON-COLLISION,1,"HATCHBACK, 4 DOOR",E,27,2,GOING STRAIGHT,APPARENTLY NORMAL,Null,UNKNOWN,Null,DEER,Null,Null,Null,Null,Null,Null,Null,Null,Null,Null,Null,Null,DRY,DARK - NO LIGHTING,DRY,NHP,2379416,Null,Null,Null,2017-04-07T07:41:00.000Z,{9F27274D-F12D-4F97-8589-0606528A93EB}
384147,703284.6856,4323582.31,39.04,-114.7,2017-04-14,DEER,PROPERTY DAMAGE ONLY,WHITE PINE,Fri Apr 14 00:00:00 PDT 2017,Sun Dec 31 19:30:00 PST 1899,19:30:00,US6,0,Null,MILE MARKER 60,UNKNOWN,-9999,-9999,PDO,O,NON-COLLISION,1,PICKUP,W,22,-9999,UNKNOWN,UNKNOWN,Null,UNKNOWN,Null,DEER,Null,Null,Null,Null,Null,Null,Null,Null,Null,Null,Null,Null,DRY,UNKNOWN,DRY,NHP,2380439,Null,Null,Null,2017-04-15T02:30:00.000Z,{F3391B9E-59CF-4092-9533-F817DDAB3667}
394613,521690.4846,4084999.676,36.91,-116.8,2017-04-14,BURRO,PROPERTY DAMAGE ONLY,NYE,Fri Apr 14 00:00:00 PDT 2017,Sun Dec 31 20:40:00 PST 1899,20:40:00,US95N,60,S,MILE MARKER 60,CLEAR,-9999,-9999,PDO,N,NON-COLLISION,1,UTILITY,S,-9999,-9999,GOING STRAIGHT,APPARENTLY NORMAL,Null,UNKNOWN,Null,BURRO,Null,Null,Null,Null,Null,Null,Null,Null,Null,Null,Null,Null,Null,Null,Null,NYSO,2385506,Null,Null,Null,2017-04-15T03:40:00.000Z,{E4F63087-0A01-4FFF-82F0-F74F7BCF7DBB}
384350,286060.3202,4381479.042,39.56,-119.5,2017-04-21,HORSE,PROPERTY DAMAGE ONLY,STOREY,Fri Apr 21 00:00:00 PDT 2017,Sun Dec 31 02:25:00 PST 1899,2:25:00,SR439,528,S,MILE MARKER 10.,CLEAR,-9999,-9999,PDO,O,NON-COLLISION,1,TOW TRUCK/WRECKER,S,54,2,GOING STRAIGHT,APPARENTLY NORMAL,Null,Null,Null,HORSE,Null,Null,Null,Null,Null,Null,Null,Null,Null,Null,Null,Null,DRY,DARK - NO LIGHTING,DRY,NHP,2380162,Null,Null,Null,2017-04-21T09:25:00.000Z,{7758BA6D-716E-4CC2-9111-59449FB92CB8}
392741,286320.7235,4379589.528,39.54,-119.5,2017-04-21,HORSE,PROPERTY DAMAGE ONLY,STOREY,Fri Apr 21 00:00:00 PDT 2017,Sun Dec 31 01:30:00 PST 1899,1:30:00,SR439,0,Null,DENMARK DR,CLEAR,-9999,-9999,PDO,N,NON-COLLISION,1,"SEDAN, 4 DOOR",N,-9999,-9999,GOING STRAIGHT,APPARENTLY NORMAL,Null,Null,Null,HORSE,Null,Null,Null,Null,Null,Null,Null,Null,Null,Null,Null,Null,Null,Null,Null,STSO,2386590,Null,Null,Null,2017-04-21T08:30:00.000Z,{73F0A405-A301-46BB-ABC4-9D3E753432F6}
393977,270477.7866,4361355.328,39.37,-119.7,2017-04-28,HORSE,PROPERTY DAMAGE ONLY,STOREY,Fri Apr 28 00:00:00 PDT 2017,Sun Dec 31 21:06:00 PST 1899,21:06:00,CARTWRIGHT RD,600,E,PANAMINT RD,CLEAR,-9999,-9999,PDO,N,NON-COLLISION,1,CARRY-ALL,E,-9999,-9999,GOING STRAIGHT,APPARENTLY NORMAL,Null,OBJECT AVOIDANCE,Null,HORSE,Null,Null,Null,Null,Null,Null,Null,Null,Null,Null,Null,Null,Null,Null,Null,STSO,2386592,Null,Null,Null,2017-04-29T04:06:00.000Z,{D0FCF94F-6691-4C3E-B585-675899499FEB}
405716,738461.7493,4477719.241,40.42,-114.2,2017-08-04,HORSE,INJURY CRASH,ELKO,Fri Aug 04 00:00:00 PDT 2017,Sun Dec 31 21:15:00 PST 1899,21:15:00,US93AN,1056,N,MILE MARKER 29,CLEAR,-9999,1,Null,C,NON-COLLISION,1,UTILITY,N,26,1,GOING STRAIGHT,APPARENTLY NORMAL,Null,RAN OFF ROAD: OBJECT AVOIDANCE,Null,HORSE: RAN OFF ROAD RIGHT,Null,Null,Null,Null,Null,Null,Null,Null,Null,Null,Null,Null,DRY,DARK - NO LIGHTING,DRY,NHP,2395353,Null,Null,Null,2017-08-05T04:15:00.000Z,{4F4EC386-8EE0-4CDF-877B-5A332BCCE84F}
412415,251830.0838,4376851.136,39.51,-119.9,2017-08-04,DOG/COYOTE,PROPERTY DAMAGE ONLY,WASHOE,Fri Aug 04 00:00:00 PDT 2017,Sun Dec 31 17:30:00 PST 1899,17:30:00,MAYBERRY DR,0,Null,ASPEN GLEN RD,UNKNOWN,-9999,-9999,PDO,N,REAR-END,2,PICKUP,S,-9999,-9999,GOING STRAIGHT,UNKNOWN,Null,UNKNOWN,Null,SLOW/STOPPED VEHICLE,"SEDAN, 4 DOOR",S,Null,Null,STOPPED,Null,Null,UNKNOWN,Null,DOG/COYOTE: SLOW/STOPPED VEHICLE,Null,Null,Null,Null,Null,RPD,2400322,Null,Null,Null,2017-08-05T00:30:00.000Z,{BD3BB0A8-8727-4123-B56B-50265EEEB28E}
405878,723164.1604,4174482.65,37.69,-114.5,2017-08-04,DEER,PROPERTY DAMAGE ONLY,LINCOLN,Fri Aug 04 00:00:00 PDT 2017,Sun Dec 31 20:23:00 PST 1899,20:23:00,US93N,1000,N,MILE MARKER 100,CLOUDY,-9999,-9999,PDO,O,NON-COLLISION,1,VAN,N,49,1,GOING STRAIGHT,APPARENTLY NORMAL,Null,Null,Null,DEER,Null,Null,Null,Null,Null,Null,Null,Null,Null,Null,Null,Null,DRY,DARK - NO LIGHTING,DRY,NHP,2395350,Null,Null,Null,2017-08-05T03:23:00.000Z,{2FDE3AEE-19A7-449A-98F9-96E53325D784}
405784,409020.4715,4349574.86,39.29,-118.1,2017-08-04,CATTLE,INJURY CRASH,CHURCHILL,Fri Aug 04 00:00:00 PDT 2017,Sun Dec 31 21:19:00 PST 1899,21:19:00,US50,1584,E,MILE MARKER 66,CLEAR,-9999,1,Null,B,NON-COLLISION,1,VAN,W,24,-9999,GOING STRAIGHT,APPARENTLY NORMAL,Null,OBJECT AVOIDANCE,Null,RAN OFF ROAD RIGHT: RAN OFF ROAD LEFT: EMBANKMENT,Null,Null,Null,Null,Null,Null,Null,Null,Null,Null,Null,Null,DRY,DARK - NO LIGHTING,DRY,NHP,2395364,Null,Null,Null,2017-08-05T04:19:00.000Z,{E2502070-3DEB-42A4-9218-82C53020E6C1}
406565,408858.5329,4349583.137,39.29,-118.1,2017-08-04,CATTLE,INJURY CRASH,CHURCHILL,Fri Aug 04 00:00:00 PDT 2017,Sun Dec 31 21:20:00 PST 1899,21:20:00,US50,1056,E,MILE MARKER 66,CLEAR,-9999,1,Null,B,NON-COLLISION,1,VAN,E,38,1,GOING STRAIGHT,APPARENTLY NORMAL,Null,OBJECT AVOIDANCE,Null,CATTLE,Null,Null,Null,Null,Null,Null,Null,Null,Null,Null,Null,Null,DRY,DARK - NO LIGHTING,DRY,NHP,2395366,Null,Null,Null,2017-08-05T04:20:00.000Z,{CAAA4A3F-8C82-4084-9E95-E7BEDA7EB871}
406395,705314.4217,4549738.868,41.07,-114.6,2017-08-11,ELK,PROPERTY DAMAGE ONLY,ELKO,Fri Aug 11 00:00:00 PDT 2017,Sun Dec 31 01:12:00 PST 1899,1:12:00,IR80E,528,E,MILE MARKER 96,CLEAR,-9999,-9999,PDO,O,NON-COLLISION,1,PICKUP,E,33,1,GOING STRAIGHT,APPARENTLY NORMAL,Null,EXCEEDED AUTHORIZED SPEED LIMIT: RAN OFF ROAD,Null,ELK: RAN OFF ROAD LEFT,Null,Null,Null,Null,Null,Null,Null,Null,Null,Null,Null,Null,DRY,DARK - NO LIGHTING,DRY,NHP,2395743,Null,Null,Null,2017-08-11T08:12:00.000Z,{FE775553-696E-405E-8B96-B6B05C4C67A8}
405936,390764.7538,4478093.081,40.45,-118.3,2017-08-11,DEER,INJURY CRASH,PERSHING,Fri Aug 11 00:00:00 PDT 2017,Sun Dec 31 23:00:00 PST 1899,23:00:00,IR80E,320,E,MILE MARKER 39,CLOUDY,-9999,2,Null,C,UNKNOWN,2,"SEDAN, 4 DOOR",E,52,2,GOING STRAIGHT,APPARENTLY NORMAL,Null,Null,Null,DEER: RAN OFF ROAD LEFT,"SEDAN, 4 DOOR",E,26,2,GOING STRAIGHT,APPARENTLY NORMAL,Null,Null,Null,SLOW/STOPPED VEHICLE: RAN OFF ROAD RIGHT,Null,Null,DRY,DARK - NO LIGHTING,DRY,NHP,2395802,Null,Null,Null,2017-08-12T06:00:00.000Z,{A474F714-3644-4277-81B1-E565CE927987}
411982,253530.762,4555610.76,41.11,-119.9,2017-08-11,CATTLE,PROPERTY DAMAGE ONLY,WASHOE,Fri Aug 11 00:00:00 PDT 2017,Sun Dec 31 22:39:00 PST 1899,22:39:00,CO ROUTE 447,8000,N,DUCK LAKE LOOP,CLEAR,-9999,-9999,PDO,O,NON-COLLISION,1,SEMI,S,68,-9999,GOING STRAIGHT,"FELL ASLEEP, FAINTED, FATIGUED, ETC.",Null,UNKNOWN,Null,CATTLE,Null,Null,Null,Null,Null,Null,Null,Null,Null,Null,Null,Null,DRY,DARK - NO LIGHTING,DRY,WASO,2401464,Null,Null,Null,2017-08-12T05:39:00.000Z,{1DB093B9-44E9-4991-ACE2-278609B18C8E}
405485,597835.8872,4594543.994,41.5,-115.8,2017-08-18,DEER,PROPERTY DAMAGE ONLY,ELKO,Fri Aug 18 00:00:00 PDT 2017,Sun Dec 31 19:40:00 PST 1899,19:40:00,SR225,53,S,MILE MARKER 79,CLEAR,-9999,-9999,PDO,O,NON-COLLISION,1,PICKUP,N,54,1,GOING STRAIGHT,APPARENTLY NORMAL,Null,Null,Null,DEER,Null,Null,Null,Null,Null,Null,Null,Null,Null,Null,Null,Null,DRY,DARK - NO LIGHTING,DRY,NHP,2396201,Null,Null,Null,2017-08-19T02:40:00.000Z,{214619F6-24A7-4806-BE66-C14CEF07E5D1}
406010,257328.3158,4347003.593,39.24,-119.8,2017-08-18,DEER,INJURY CRASH,WASHOE,Fri Aug 18 00:00:00 PDT 2017,Sun Dec 31 20:25:00 PST 1899,20:25:00,IR580N,1500,S,IR580N TO FRWA47/BELLEVUE RD INT44,CLOUDY,-9999,1,Null,B,NON-COLLISION,1,PICKUP,N,72,2,GOING STRAIGHT,APPARENTLY NORMAL,Null,Null,Null,DEER,Null,Null,Null,Null,Null,Null,Null,Null,Null,Null,Null,Null,DRY,DARK - NO LIGHTING,DRY,NHP,2396202,Null,Null,Null,2017-08-19T03:25:00.000Z,{D2453DC3-8DA9-4457-A4EB-099C9610EC5F}
399562,431655.0584,4145755.557,37.46,-117.8,2017-08-18,CATTLE,PROPERTY DAMAGE ONLY,ESMERALDA,Fri Aug 18 00:00:00 PDT 2017,Sun Dec 31 20:51:00 PST 1899,20:51:00,SR266,194,E,MILE MARKER 4,UNKNOWN,-9999,-9999,PDO,O,NON-COLLISION,1,"SEDAN, 4 DOOR",W,-9999,-9999,GOING STRAIGHT,APPARENTLY NORMAL,Null,DRIVING TOO FAST FOR CONDITIONS,Null,CATTLE,Null,Null,Null,Null,Null,Null,Null,Null,Null,Null,Null,Null,Null,Null,Null,ESSO,2387997,Null,Null,Null,2017-08-19T03:51:00.000Z,{68794B2C-BCBA-4CF4-8526-3E72F99494EA}
402163,431541.6625,4529604.473,40.91,-117.8,2017-08-25,CATTLE,PROPERTY DAMAGE ONLY,HUMBOLDT,Fri Aug 25 00:00:00 PDT 2017,Sun Dec 31 23:36:00 PST 1899,23:36:00,SR796,2640,E,ROSE CREEK RD,CLEAR,-9999,-9999,PDO,N,NON-COLLISION,1,PICKUP,E,-9999,-9999,GOING STRAIGHT,APPARENTLY NORMAL,Null,UNKNOWN,Null,CATTLE,Null,Null,Null,Null,Null,Null,Null,Null,Null,Null,Null,Null,Null,Null,Null,HUSO,2388059,Null,Null,Null,2017-08-26T06:36:00.000Z,{80629DF5-2D41-4E22-B2C7-E4B1BB453668}
409204,581338.6314,4564973.89,41.23,-116,2017-08-25,CATTLE,PROPERTY DAMAGE ONLY,ELKO,Fri Aug 25 00:00:00 PDT 2017,Sun Dec 31 05:30:00 PST 1899,5:30:00,SR226,400,W,MILE MARKER 12,CLEAR,-9999,-9999,PDO,O,NON-COLLISION,1,PICKUP,W,38,1,GOING STRAIGHT,APPARENTLY NORMAL,Null,Null,Null,CATTLE,Null,Null,Null,Null,Null,Null,Null,Null,Null,Null,Null,Null,DRY,DAYLIGHT,DRY,NHP,2396539,Null,Null,Null,2017-08-25T12:30:00.000Z,{8949E0FD-4D7E-45E2-A879-9E000058B3E4}
415806,705859.1056,4281491.368,38.66,-114.6,2017-12-01,ELK,PROPERTY DAMAGE ONLY,LINCOLN,Fri Dec 01 00:00:00 PST 2017,Sun Dec 31 23:35:00 PST 1899,23:35:00,US93N,2500,S,MILE MARKER 172,CLOUDY,-9999,-9999,PDO,O,NON-COLLISION,1,"TRACTOR TRUCK, DIESEL",S,56,1,GOING STRAIGHT,APPARENTLY NORMAL,Null,Null,Null,ELK,Null,Null,Null,Null,Null,Null,Null,Null,Null,Null,Null,Null,DRY,DARK - NO LIGHTING,DRY,NHP,2416468,Null,Null,Null,2017-12-02T07:35:00.000Z,{D806A6E3-39A1-4DFE-BAD6-5551D7DC02D5}
417270,720729.9883,4170405.624,37.65,-114.5,2017-12-01,DEER,PROPERTY DAMAGE ONLY,LINCOLN,Fri Dec 01 00:00:00 PST 2017,Sun Dec 31 22:13:00 PST 1899,22:13:00,US93N,1000,N,MILE MARKER 97,CLOUDY,-9999,-9999,PDO,O,NON-COLLISION,1,VAN,N,38,1,GOING STRAIGHT,APPARENTLY NORMAL,Null,Null,Null,DEER,Null,Null,Null,Null,Null,Null,Null,Null,Null,Null,Null,Null,DRY,DARK - NO LIGHTING,DRY,NHP,2416463,Null,Null,Null,2017-12-02T06:13:00.000Z,{24B197F4-CD80-4F40-BAF4-0498342F8D36}
419741,405278.2961,4275045.022,38.62,-118.1,2017-12-01,CATTLE,PROPERTY DAMAGE ONLY,MINERAL,Fri Dec 01 00:00:00 PST 2017,Sun Dec 31 17:05:00 PST 1899,17:05:00,SR361,0,Null,MILE MARKER 11,UNKNOWN,-9999,-9999,PDO,O,NON-COLLISION,1,CARRY-ALL,S,48,1,GOING STRAIGHT,UNKNOWN,Null,UNKNOWN,Null,CATTLE,Null,Null,Null,Null,Null,Null,Null,Null,Null,Null,Null,Null,DRY,DUSK,DRY,NHP,2416477,Null,Null,Null,2017-12-02T01:05:00.000Z,{1BD3B599-58FB-49AB-BAA6-FA35254AA7C9}