OBJECTID,X,Y,Latitude,Longitude,Date,AnimalType,Crash_Seve,County,Crash_Date_Original,Crash_Time_Original,Crash_Time,Primary_St,Distance,Dir,Secondary_,Weather,Fatalities,Injured,Property_D,Injury_Typ,Crash_Type,Total_Vehi,V1_Type,V1_Dir,V1_Driver_,V1_Lane_Nu,V1_Action,V1_Driver1,V1_Drive_1,V1_Vehicle,V1_Most_Ha,V1_All_Eve,V2_Type,V2_Dir,V2_Driver_,V2_Lane_Nu,V2_Action,V2_Driver1,V2_Drive_1,V2_Vehicle,V2_Most_Ha,V2_All_Eve,First_Harm,Nonmotoris,Factors_Ro,Lighting,HWY_Factor,Agency,Accident_R,Pedalcycli,Pedestrian,Motorcycli,CrashDateT,GlobalID
417025,587527.7562,4019840.538,36.32,-116,2017-12-01,BURRO,PROPERTY DAMAGE ONLY,NYE,Fri Dec 01 00:00:00 PST 2017,Sun Dec 31 18:30:00 PST 1899,18:30:00,SR160N,1500,S,CARROL ST,CLEAR,-9999,-9999,PDO,O,NON-COLLISION,1,"SEDAN, 4 DOOR",S,60,1,GOING STRAIGHT,APPARENTLY NORMAL,Null,Null,Null,BURRO,Null,Null,Null,Null,Null,Null,Null,Null,Null,Null,Null,Null,DRY,DARK - NO LIGHTING,DRY,NHP,2416459,Null,Null,Null,2017-12-02T02:30:00.000Z,{9F360FF3-9EFC-4F28-BC52-AAD0DCB40F69}
416141,588893.2201,4018309.109,36.31,-116,2017-12-01,BURRO,PROPERTY DAMAGE ONLY,NYE,Fri Dec 01 00:00:00 PST 2017,Sun Dec 31 17:10:00 PST 1899,17:10:00,SR160N,528,N,REDELSPERGER RD,CLEAR,-9999,-9999,PDO,O,NON-COLLISION,1,PICKUP,N,52,1,GOING STRAIGHT,APPARENTLY NORMAL,Null,Null,Null,BURRO,Null,Null,Null,Null,Null,Null,Null,Null,Null,Null,Null,Null,DRY,DARK - NO LIGHTING,DRY,NHP,2416435,Null,Null,Null,2017-12-02T01:10:00.000Z,{A78F3192-1333-481C-A028-7132D84B474D}
417532,640714.6203,3992619.235,36.07,-115.4,2017-12-08,BURRO,PROPERTY DAMAGE ONLY,CLARK,Fri Dec 08 00:00:00 PST 2017,Sun Dec 31 21:29:00 PST 1899,21:29:00,SR159,1056,W,MILE MARKER 5,CLEAR,-9999,-9999,PDO,O,NON-COLLISION,1,VAN,W,40,1,GOING STRAIGHT,APPARENTLY NORMAL,Null,Null,Null,BURRO,Null,Null,Null,Null,Null,Null,Null,Null,Null,Null,Null,Null,DRY,DARK - NO LIGHTING,DRY,NHP,2416920,Null,Null,Null,2017-12-09T05:29:00.000Z,{2D6FF015-10B6-44C7-AA13-0EB70539C573}
423377,310486.7177,4315607.37,38.97,-119.2,2017-12-15,DEER,PROPERTY DAMAGE ONLY,LYON,Fri Dec 15 00:00:00 PST 2017,Sun Dec 31 21:48:00 PST 1899,21:48:00,SR339,1200,S,MILE MARKER 10,CLEAR,-9999,-9999,PDO,O,NON-COLLISION,1,UTILITY,S,69,1,GOING STRAIGHT,APPARENTLY NORMAL,Null,UNKNOWN,Null,DEER,Null,Null,Null,Null,Null,Null,Null,Null,Null,Null,Null,Null,DRY,DARK - NO LIGHTING,DRY,NHP,2417358,Null,Null,Null,2017-12-16T05:48:00.000Z,{2415441B-C628-4E05-9A26-F6945626DCFC}
417175,272280.6356,4347071.197,39.24,-119.6,2017-12-22,HORSE,PROPERTY DAMAGE ONLY,LYON,Fri Dec 22 00:00:00 PST 2017,Sun Dec 31 15:09:00 PST 1899,15:09:00,SR341,1200,S,MILE MARKER 2,CLOUDY,-9999,-9999,PDO,O,NON-COLLISION,1,PICKUP,S,83,1,GOING STRAIGHT,APPARENTLY NORMAL,Null,Null,Null,HORSE,Null,Null,Null,Null,Null,Null,Null,Null,Null,Null,Null,Null,DRY,DAYLIGHT,DRY,NHP,2417826,Null,Null,Null,2017-12-22T23:09:00.000Z,{6C31595F-3596-4B1C-8C49-5768B88EF45E}
423308,272317.3816,4357944.954,39.34,-119.6,2017-12-22,HORSE,PROPERTY DAMAGE ONLY,STOREY,Fri Dec 22 00:00:00 PST 2017,Sun Dec 31 17:18:00 PST 1899,17:18:00,SR341,15840,S,TOLL RD,CLEAR,-9999,-9999,PDO,O,NON-COLLISION,1,"SEDAN, 4 DOOR",S,26,1,GOING STRAIGHT,APPARENTLY NORMAL,Null,OBJECT AVOIDANCE,Null,HORSE,Null,Null,Null,Null,Null,Null,Null,Null,Null,Null,Null,Null,DRY,DARK - NO LIGHTING,DRY,STSO,2423680,Null,Null,Null,2017-12-23T01:18:00.000Z,{3CB36014-7E31-4556-9C79-485A48E848DA}
413936,490631.0449,4414886.373,39.88,-117.1,2017-12-29,DEER,PROPERTY DAMAGE ONLY,LANDER,Fri Dec 29 00:00:00 PST 2017,Sun Dec 31 08:35:00 PST 1899,8:35:00,SR305,3168,N,MILE MARKER 59,CLEAR,-9999,-9999,PDO,O,NON-COLLISION,1,STATION WAGON,S,-9999,-9999,GOING STRAIGHT,APPARENTLY NORMAL,Null,Null,Null,DEER,Null,Null,Null,Null,Null,Null,Null,Null,Null,Null,Null,Null,Null,Null,Null,LASO,2405376,Null,Null,Null,2017-12-29T16:35:00.000Z,{09B6C022-E3F8-4F74-8C62-9BC0C7F1A5C9}
417862,269832.9339,4303699.425,38.85,-119.7,2017-12-29,DEER,PROPERTY DAMAGE ONLY,DOUGLAS,Fri Dec 29 00:00:00 PST 2017,Sun Dec 31 17:00:00 PST 1899,17:00:00,US395N,50,S,MILE MARKER 13,CLEAR,-9999,-9999,PDO,O,NON-COLLISION,1,PICKUP,N,53,1,GOING STRAIGHT,APPARENTLY NORMAL,Null,Null,Null,DEER,Null,Null,Null,Null,Null,Null,Null,Null,Null,Null,Null,Null,DRY,DARK - NO LIGHTING,DRY,NHP,2418211,Null,Null,Null,2017-12-30T01:00:00.000Z,{8F741AD3-586D-4D05-8C55-DFB9E09F3432}
423814,647549.3965,4525133.607,40.86,-115.2,2017-12-29,DEER,PROPERTY DAMAGE ONLY,ELKO,Fri Dec 29 00:00:00 PST 2017,Sun Dec 31 20:13:00 PST 1899,20:13:00,SR229,0,Null,MILE MARKER 16,CLOUDY,-9999,-9999,PDO,O,NON-COLLISION,1,"SEDAN, 4 DOOR",N,56,1,GOING STRAIGHT,APPARENTLY NORMAL,Null,UNKNOWN,Null,DEER,Null,Null,Null,Null,Null,Null,Null,Null,Null,Null,Null,Null,DRY,DARK - NO LIGHTING,DRY,NHP,2418235,Null,Null,Null,2017-12-30T04:13:00.000Z,{12ACF60A-D792-4EF5-8739-16F16D3E6D95}
415450,363977.7195,4359424.581,39.37,-118.6,2017-12-29,CATTLE,PROPERTY DAMAGE ONLY,CHURCHILL,Fri Dec 29 00:00:00 PST 2017,Sun Dec 31 17:18:00 PST 1899,17:18:00,US50E,1000,E,MILE MARKER 35,CLOUDY,-9999,-9999,PDO,O,NON-COLLISION,1,"TRACTOR TRUCK, DIESEL",E,43,1,GOING STRAIGHT,APPARENTLY NORMAL,Null,UNKNOWN,Null,CATTLE,Null,Null,Null,Null,Null,Null,Null,Null,Null,Null,Null,Null,DRY,DARK - NO LIGHTING,DRY,NHP,2418214,Null,Null,Null,2017-12-30T01:18:00.000Z,{32DDAA81-D007-4379-8149-9A411AF2D601}
417245,652195.8417,4153703.611,37.52,-115.3,2017-12-29,CATTLE,PROPERTY DAMAGE ONLY,LINCOLN,Fri Dec 29 00:00:00 PST 2017,Sun Dec 31 18:00:00 PST 1899,18:00:00,SR375,850,E,MILE MARKER 46,CLEAR,-9999,-9999,PDO,O,NON-COLLISION,1,"SEDAN, 4 DOOR",E,42,1,GOING STRAIGHT,APPARENTLY NORMAL,Null,Null,Null,CATTLE,Null,Null,Null,Null,Null,Null,Null,Null,Null,Null,Null,Null,DRY,DARK - NO LIGHTING,DRY,NHP,2418226,Null,Null,Null,2017-12-30T02:00:00.000Z,{AFF66FA1-DC0F-4F2F-8CAC-E2BF161C5414}
417307,651695.9378,4153438.942,37.52,-115.3,2017-12-29,CATTLE,INJURY CRASH,LINCOLN,Fri Dec 29 00:00:00 PST 2017,Sun Dec 31 18:02:00 PST 1899,18:02:00,SR375,1000,W,MILE MARKER 46,CLOUDY,-9999,1,Null,C,NON-COLLISION,1,SEDAN,E,64,1,GOING STRAIGHT,APPARENTLY NORMAL,Null,Null,Null,CATTLE,Null,Null,Null,Null,Null,Null,Null,Null,Null,Null,Null,Null,DRY,DARK - NO LIGHTING,DRY,NHP,2418225,Null,Null,Null,2017-12-30T02:02:00.000Z,{B7D98490-94B1-4056-B094-861F1FD8140B}
415954,651695.9378,4153438.942,37.52,-115.3,2017-12-29,CATTLE,INJURY CRASH,LINCOLN,Fri Dec 29 00:00:00 PST 2017,Sun Dec 31 18:02:00 PST 1899,18:02:00,SR375,1000,W,MILE MARKER 46,CLOUDY,-9999,1,Null,C,NON-COLLISION,1,SEDAN,E,39,1,GOING STRAIGHT,APPARENTLY NORMAL,Null,Null,Null,CATTLE,Null,Null,Null,Null,Null,Null,Null,Null,Null,Null,Null,Null,DRY,DARK - NO LIGHTING,DRY,NHP,2418220,Null,Null,Null,2017-12-30T02:02:00.000Z,{CDC11A4E-1A8F-4301-A2F5-4063044604B4}
421346,363977.7195,4359424.581,39.37,-118.6,2017-12-29,CATTLE,PROPERTY DAMAGE ONLY,CHURCHILL,Fri Dec 29 00:00:00 PST 2017,Sun Dec 31 17:18:00 PST 1899,17:18:00,US50E,1000,E,MILE MARKER 35,CLOUDY,-9999,-9999,PDO,O,NON-COLLISION,1,PICKUP,W,44,1,GOING STRAIGHT,APPARENTLY NORMAL,Null,OBJECT AVOIDANCE,Null,CATTLE,Null,Null,Null,Null,Null,Null,Null,Null,Null,Null,Null,Null,DRY,DARK - NO LIGHTING,DRY,NHP,2418221,Null,Null,Null,2017-12-30T01:18:00.000Z,{CBC922CE-9ADB-4259-B991-CA5945FD30B6}
423733,363977.7195,4359424.581,39.37,-118.6,2017-12-29,CATTLE,INJURY CRASH,CHURCHILL,Fri Dec 29 00:00:00 PST 2017,Sun Dec 31 17:18:00 PST 1899,17:18:00,US50E,1000,E,MILE MARKER 35,CLOUDY,-9999,2,Null,C,REAR-END,2,UTILITY,W,25,1,GOING STRAIGHT,APPARENTLY NORMAL,Null,FOLLOWED TOO CLOSELY,Null,SLOW/STOPPED VEHICLE: RAN OFF ROAD RIGHT: OVERTURN/ROLLOVER,PICKUP,W,44,1,STOPPED,APPARENTLY NORMAL,Null,Null,Null,Null,Null,Null,DRY,DARK - NO LIGHTING,DRY,NHP,2418222,Null,Null,Null,2017-12-30T01:18:00.000Z,{FA86ABF4-0FD6-4402-870E-571811010B6D}
376685,262671.6535,4381165.05,39.55,-119.8,2017-02-03,DOG/COYOTE,PROPERTY DAMAGE ONLY,WASHOE,Fri Feb 03 00:00:00 PST 2017,Sun Dec 31 18:00:00 PST 1899,18:00:00,ROCK BLVD,0,Null,GREENBRAE DR,"BLOWING SAND, SOIL, DIRT, SNOW",-9999,-9999,PDO,O,NON-COLLISION,1,"SEDAN, 4 DOOR",W,47,1,GOING STRAIGHT,APPARENTLY NORMAL,Null,OBJECT AVOIDANCE,Null,DOG/COYOTE,Null,Null,Null,Null,Null,Null,Null,Null,Null,Null,Null,Null,DRY,DARK - UNKNOWN LIGHTING,DRY,SPPD,2368757,Null,Null,Null,2017-02-04T02:00:00.000Z,{866A1C2E-C52B-4948-8C0F-1F549AE2BE2B}
371562,329900.6517,4377621.604,39.53,-119,2017-02-03,CATTLE,PROPERTY DAMAGE ONLY,CHURCHILL,Fri Feb 03 00:00:00 PST 2017,Sun Dec 31 00:42:00 PST 1899,0:42:00,US50A,1584,W,MILE MARKER 7,CLEAR,-9999,-9999,PDO,O,NON-COLLISION,1,"TRACTOR TRUCK, DIESEL",W,51,2,GOING STRAIGHT,APPARENTLY NORMAL,Null,UNKNOWN,Null,CATTLE,Null,Null,Null,Null,Null,Null,Null,Null,Null,Null,Null,Null,DRY,DARK - NO LIGHTING,DRY,NHP,2359647,Null,Null,Null,2017-02-03T08:42:00.000Z,{9EC5485B-C06C-4831-ADFD-6F98999CAB24}
375850,671295.6304,4538954.702,40.98,-115,2017-02-24,OTHER ANIMAL,PROPERTY DAMAGE ONLY,ELKO,Fri Feb 24 00:00:00 PST 2017,Sun Dec 31 14:00:00 PST 1899,14:00:00,US93N,528,S,MILE MARKER 66,CLEAR,-9999,-9999,PDO,O,NON-COLLISION,1,PICKUP,S,74,1,GOING STRAIGHT,APPARENTLY NORMAL,Null,Null,Null,OTHER ANIMAL,Null,Null,Null,Null,Null,Null,Null,Null,Null,Null,Null,Null,DRY,DAYLIGHT,DRY,NHP,2366218,Null,Null,Null,2017-02-24T22:00:00.000Z,{DBEC3971-8BA1-4771-9C31-BF414E4A3E37}
374136,668007.2739,4331530.625,39.12,-115.1,2017-01-06,ELK,PROPERTY DAMAGE ONLY,WHITE PINE,Fri Jan 06 00:00:00 PST 2017,Sun Dec 31 21:10:00 PST 1899,21:10:00,US6,500,W,MILE MARKER 23,CLEAR,-9999,-9999,PDO,O,NON-COLLISION,1,PICKUP,W,59,1,GOING STRAIGHT,APPARENTLY NORMAL,Null,OBJECT AVOIDANCE,Null,ELK,Null,Null,Null,Null,Null,Null,Null,Null,Null,Null,Null,Null,DRY,DARK - NO LIGHTING,DRY,NHP,2358047,Null,Null,Null,2017-01-07T05:10:00.000Z,{1F09A8A8-4568-4BFD-9645-88C73FC49FD8}
371312,588938.1193,4018254.605,36.31,-116,2017-01-13,BURRO,PROPERTY DAMAGE ONLY,NYE,Fri Jan 13 00:00:00 PST 2017,Sun Dec 31 18:42:00 PST 1899,18:42:00,SR160,300,N,REDELSPERGER RD,CLEAR,-9999,-9999,PDO,O,NON-COLLISION,1,PICKUP,N,49,1,GOING STRAIGHT,APPARENTLY NORMAL,Null,Null,Null,BURRO,Null,Null,Null,Null,Null,Null,Null,Null,Null,Null,Null,Null,DRY,DARK - NO LIGHTING,DRY,NHP,2358589,Null,Null,Null,2017-01-14T02:42:00.000Z,{A339B617-AEE8-4FF3-9F52-F054F09F1086}
372025,736428.1919,4204158.01,37.95,-114.3,2017-01-20,DEER,PROPERTY DAMAGE ONLY,LINCOLN,Fri Jan 20 00:00:00 PST 2017,Sun Dec 31 06:03:00 PST 1899,6:03:00,SR322,2112,W,MILE MARKER 9,"BLOWING SAND, SOIL, DIRT, SNOW",-9999,-9999,PDO,O,NON-COLLISION,1,PICKUP,E,67,1,GOING STRAIGHT,APPARENTLY NORMAL,Null,Null,Null,DEER,Null,Null,Null,Null,Null,Null,Null,Null,Null,Null,Null,Null,DRY,DARK - NO LIGHTING,DRY,NHP,2358866,Null,Null,Null,2017-01-20T14:03:00.000Z,{360CA391-9E42-4E2C-B15B-CFAC36A2BC27}
373360,499088.273,4214606.643,38.08,-117,2017-01-27,CATTLE,PROPERTY DAMAGE ONLY,NYE,Fri Jan 27 00:00:00 PST 2017,Sun Dec 31 18:30:00 PST 1899,18:30:00,ARNY44,17,S,US6,CLEAR,-9999,-9999,PDO,O,NON-COLLISION,1,VAN,S,47,-9999,GOING STRAIGHT,APPARENTLY NORMAL,Null,UNKNOWN,Null,CATTLE,Null,Null,Null,Null,Null,Null,Null,Null,Null,Null,Null,Null,DRY,DARK - NO LIGHTING,DRY,NYSO,2360252,Null,Null,Null,2017-01-28T02:30:00.000Z,{A6FE075D-2859-42DC-9B29-E90F1338CEB2}
393429,661251.7813,4143879.492,37.43,-115.2,2017-07-07,DEER,PROPERTY DAMAGE ONLY,LINCOLN,Fri Jul 07 00:00:00 PDT 2017,Sun Dec 31 01:40:00 PST 1899,1:40:00,US93N,528,N,MILE MARKER 43,CLOUDY,-9999,-9999,PDO,O,NON-COLLISION,1,"SEDAN, 4 DOOR",N,16,1,GOING STRAIGHT,APPARENTLY NORMAL,Null,Null,Null,DEER,Null,Null,Null,Null,Null,Null,Null,Null,Null,Null,Null,Null,DRY,DARK - NO LIGHTING,DRY,NHP,2384470,Null,Null,Null,2017-07-07T08:40:00.000Z,{AF26F517-B246-4501-8EFF-D648A23C7E49}
402331,344908.138,4371604.225,39.48,-118.8,2017-07-07,DEER,PROPERTY DAMAGE ONLY,CHURCHILL,Fri Jul 07 00:00:00 PDT 2017,Sun Dec 31 05:00:00 PST 1899,5:00:00,COLEMAN RD,528,W,PEACEFUL WAY,CLEAR,-9999,-9999,PDO,O,NON-COLLISION,1,"HATCHBACK, 4 DOOR",W,34,1,GOING STRAIGHT,APPARENTLY NORMAL,Null,OBJECT AVOIDANCE,Null,DEER,Null,Null,Null,Null,Null,Null,Null,Null,Null,Null,Null,Null,DRY,DAWN,DRY,CHSO,2387489,Null,Null,Null,2017-07-07T12:00:00.000Z,{1A42068B-1315-44D8-BB9E-B37FB8D06FFD}
394962,298128.8209,4443342.906,40.12,-119.4,2017-07-07,CATTLE,PROPERTY DAMAGE ONLY,WASHOE,Fri Jul 07 00:00:00 PDT 2017,Sun Dec 31 22:25:00 PST 1899,22:25:00,SR447,1056,S,MILE MARKER 37,CLEAR,-9999,-9999,PDO,O,NON-COLLISION,1,SEMI,S,54,1,GOING STRAIGHT,APPARENTLY NORMAL,Null,OBJECT AVOIDANCE,Null,CATTLE: CATTLE,Null,Null,Null,Null,Null,Null,Null,Null,Null,Null,Null,Null,DRY,DARK - NO LIGHTING,DRY,NHP,2384500,Null,Null,Null,2017-07-08T05:25:00.000Z,{F6425EC6-B665-4942-8283-A3888B159967}
408199,665052.2739,4015695.699,36.27,-115.2,2017-07-14,OTHER ANIMAL,PROPERTY DAMAGE ONLY,CLARK,Fri Jul 14 00:00:00 PDT 2017,Sun Dec 31 09:42:00 PST 1899,9:42:00,CAMINO ELDORADO,150,N,SINGING BIRD LN,CLEAR,-9999,-9999,PDO,O,REAR-END,2,VAN,N,37,2,NOT REPORTED,OTHER IMPROPER DRIVING,Null,FAILURE TO KEEP IN PROPER LANE OR RUNNING OFF ROAD: UNSAFE LANE CHANGE: OBJECT AVOIDANCE,Null,OTHER ANIMAL: RAN OFF ROAD RIGHT: PARKED MOTOR VEHICLE,CONSTRUCTION VEHICLE,Null,Null,2,PARKED,Null,Null,Null,Null,PARKED MOTOR VEHICLE,Null,Null,DRY,DAYLIGHT,DRY,NLPD,2399417,Null,Null,Null,2017-07-14T16:42:00.000Z,{3229346E-16A0-459A-8C9D-67165C4219CD}
401815,429491.3859,4535161.976,40.96,-117.8,2017-07-14,CATTLE,PROPERTY DAMAGE ONLY,HUMBOLDT,Fri Jul 14 00:00:00 PDT 2017,Sun Dec 31 22:30:00 PST 1899,22:30:00,JUNGO RD,1200,E,TURF FARM RD,Null,-9999,-9999,PDO,O,NON-COLLISION,1,PICKUP,E,58,1,GOING STRAIGHT,APPARENTLY NORMAL,Null,OBJECT AVOIDANCE,Null,CATTLE,Null,Null,Null,Null,Null,Null,Null,Null,Null,Null,Null,Null,DRY,DARK - NO LIGHTING,DRY,HUSO,2388055,Null,Null,Null,2017-07-15T05:30:00.000Z,{4C4AF1AC-3250-4882-BD53-B33969ED14EE}
406319,710356.7125,4240156.15,38.28,-114.6,2017-07-21,ELK,PROPERTY DAMAGE ONLY,LINCOLN,Fri Jul 21 00:00:00 PDT 2017,Sun Dec 31 05:30:00 PST 1899,5:30:00,US93N,2000,N,MILE MARKER 145,CLEAR,-9999,-9999,PDO,O,NON-COLLISION,1,SEDAN,N,18,1,GOING STRAIGHT,APPARENTLY NORMAL,Null,UNKNOWN,Null,ELK,Null,Null,Null,Null,Null,Null,Null,Null,Null,Null,Null,Null,DRY,DAWN,DRY,NHP,2394503,Null,Null,Null,2017-07-21T12:30:00.000Z,{6C5511AF-D1F4-4697-907B-8823C4E5616C}
406212,660525.4623,3988508.178,36.03,-115.2,2017-07-21,DOG/COYOTE,INJURY CRASH,CLARK,Fri Jul 21 00:00:00 PDT 2017,Sun Dec 31 02:21:00 PST 1899,2:21:00,SR160,500,W,LINDELL RD,CLEAR,-9999,2,Null,C,NON-COLLISION,1,"SEDAN, 4 DOOR",W,44,2,GOING STRAIGHT,HAD BEEN DRINKING,Null,FAILURE TO KEEP IN PROPER LANE OR RUNNING OFF ROAD: UNSAFE LANE CHANGE,Null,DOG/COYOTE: BRIDGE RAIL: OVERTURN/ROLLOVER,Null,Null,Null,Null,Null,Null,Null,Null,Null,Null,Null,Null,DRY,DARK - SPOT LIGHTING,DRY,NHP,2394495,Null,Null,Null,2017-07-21T09:21:00.000Z,{43B4919D-FAC6-4852-AA2E-02DB05973C05}
405702,664669.9269,4314584.421,38.96,-115.1,2017-07-21,DEER,PROPERTY DAMAGE ONLY,WHITE PINE,Fri Jul 21 00:00:00 PDT 2017,Sun Dec 31 04:59:00 PST 1899,4:59:00,SR318,350,S,MILE MARKER 20,CLEAR,-9999,-9999,PDO,O,NON-COLLISION,1,"HATCHBACK, 4 DOOR",S,28,-9999,GOING STRAIGHT,APPARENTLY NORMAL,Null,Null,Null,DEER,Null,Null,Null,Null,Null,Null,Null,Null,Null,Null,Null,Null,DRY,DARK - NO LIGHTING,DRY,NHP,2394501,Null,Null,Null,2017-07-21T11:59:00.000Z,{E77F8585-106C-493E-9652-67F21790C01E}
405847,722212.5422,4173025.296,37.68,-114.5,2017-07-21,DEER,INJURY CRASH,LINCOLN,Fri Jul 21 00:00:00 PDT 2017,Sun Dec 31 22:00:00 PST 1899,22:00:00,US93N,500,N,MILE MARKER 99,CLEAR,-9999,1,Null,C,NON-COLLISION,1,CARRY-ALL,S,55,1,GOING STRAIGHT,APPARENTLY NORMAL,Null,Null,Null,DEER,Null,Null,Null,Null,Null,Null,Null,Null,Null,Null,Null,Null,DRY,DARK - NO LIGHTING,DRY,NHP,2394556,Null,Null,Null,2017-07-22T05:00:00.000Z,{D738EDE0-FD35-464A-BA75-E26E90B37657}
413329,656235.4196,4159078.712,37.57,-115.2,2017-07-28,OTHER ANIMAL,PROPERTY DAMAGE ONLY,LINCOLN,Fri Jul 28 00:00:00 PDT 2017,Sun Dec 31 22:03:00 PST 1899,22:03:00,SR318,500,N,MILE MARKER 3,CLOUDY,-9999,-9999,PDO,O,NON-COLLISION,1,SEDAN,S,63,1,GOING STRAIGHT,APPARENTLY NORMAL,Null,Null,Null,OTHER ANIMAL,Null,Null,Null,Null,Null,Null,Null,Null,Null,Null,Null,Null,ICE,DARK - NO LIGHTING,ICE,NHP,2394982,Null,Null,Null,2017-07-29T05:03:00.000Z,{7A8670A5-BF81-4DE2-B923-ABA267BA892E}
405962,302496.5597,4362692.702,39.39,-119.3,2017-07-28,HORSE,INJURY CRASH,LYON,Fri Jul 28 00:00:00 PDT 2017,Sun Dec 31 04:45:00 PST 1899,4:45:00,US50,900,E,ROCKY RD,CLOUDY,-9999,1,Null,B,NON-COLLISION,1,"SEDAN, 4 DOOR",W,19,1,GOING STRAIGHT,APPARENTLY NORMAL,Null,Null,Null,HORSE,Null,Null,Null,Null,Null,Null,Null,Null,Null,Null,Null,Null,DRY,DARK - SPOT LIGHTING,DRY,NHP,2394923,Null,Null,Null,2017-07-28T11:45:00.000Z,{01E9957F-E566-4008-987C-F7406E24EF13}
419764,272509.1944,4357520.966,39.34,-119.6,2017-07-28,HORSE,PROPERTY DAMAGE ONLY,STOREY,Fri Jul 28 00:00:00 PDT 2017,Sun Dec 31 20:58:00 PST 1899,20:58:00,SR341,0,Null,LOUSETOWN RD,CLEAR,-9999,-9999,PDO,O,NON-COLLISION,1,"SEDAN, 2 DOOR",S,54,-9999,UNKNOWN,APPARENTLY NORMAL,Null,UNKNOWN,Null,HORSE,Null,Null,Null,Null,Null,Null,Null,Null,Null,Null,Null,Null,DRY,DARK - NO LIGHTING,DRY,STSO,2423691,Null,Null,Null,2017-07-29T03:58:00.000Z,{A372F9EB-C7CE-4091-B809-CBCA7F214027}
407627,322417.89,4381257.465,39.56,-119.1,2017-07-28,DEER,INJURY CRASH,CHURCHILL,Fri Jul 28 00:00:00 PDT 2017,Sun Dec 31 09:19:00 PST 1899,9:19:00,US50A,1500,W,MASON RD,CLEAR,-9999,1,Null,B,NON-COLLISION,1,"HATCHBACK, 4 DOOR",W,60,2,GOING STRAIGHT,APPARENTLY NORMAL,Null,UNKNOWN,Null,DEER,Null,Null,Null,Null,Null,Null,Null,Null,Null,Null,Null,Null,DRY,DAYLIGHT,DRY,NHP,2394932,Null,Null,Null,2017-07-28T16:19:00.000Z,{DBAB72C8-B3BB-4A59-AC1A-881D772D469D}
394094,374232.05,4443977.315,40.14,-118.5,2017-06-02,DEER,PROPERTY DAMAGE ONLY,PERSHING,Fri Jun 02 00:00:00 PDT 2017,Sun Dec 31 22:05:00 PST 1899,22:05:00,SR397,2640,N,MILE MARKER 8,UNKNOWN,-9999,-9999,PDO,O,NON-COLLISION,1,PICKUP,S,70,1,GOING STRAIGHT,APPARENTLY NORMAL,Null,UNKNOWN,Null,DEER,Null,Null,Null,Null,Null,Null,Null,Null,Null,Null,Null,Null,DRY,DARK - NO LIGHTING,DRY,NHP,2382591,Null,Null,Null,2017-06-03T05:05:00.000Z,{99534B67-6620-41C6-AAB3-ACD13106AC86}
393085,586482.0201,4020614.941,36.33,-116,2017-06-02,BURRO,PROPERTY DAMAGE ONLY,NYE,Fri Jun 02 00:00:00 PDT 2017,Sun Dec 31 01:15:00 PST 1899,1:15:00,SR160,60,S,MILE MARKER 19,CLEAR,-9999,-9999,PDO,O,NON-COLLISION,1,"SEDAN, 2 DOOR",S,-9999,-9999,GOING STRAIGHT,APPARENTLY NORMAL,Null,Null,Null,BURRO,Null,Null,Null,Null,Null,Null,Null,Null,Null,Null,Null,Null,Null,Null,Null,NYSO,2385549,Null,Null,Null,2017-06-02T08:15:00.000Z,{E6E92EF3-EA4B-46EB-86ED-43A9A49344F3}
392873,276625.7306,4347381.51,39.25,-119.6,2017-06-16,DEER,PROPERTY DAMAGE ONLY,LYON,Fri Jun 16 00:00:00 PDT 2017,Sun Dec 31 09:01:00 PST 1899,9:01:00,US50,1320,E,PIKE ST,CLEAR,-9999,-9999,PDO,O,NON-COLLISION,1,PICKUP,W,50,1,GOING STRAIGHT,APPARENTLY NORMAL,Null,Null,Null,DEER,Null,Null,Null,Null,Null,Null,Null,Null,Null,Null,Null,Null,DRY,DAYLIGHT,DRY,NHP,2383355,Null,Null,Null,2017-06-16T16:01:00.000Z,{DAB71B69-2E87-4438-80F8-403DEB7553DF}
395237,347579.6005,4375252.284,39.51,-118.8,2017-06-16,DEER,PROPERTY DAMAGE ONLY,CHURCHILL,Fri Jun 16 00:00:00 PDT 2017,Sun Dec 31 05:49:00 PST 1899,5:49:00,US95N,1200,S,WINCHESTER RD,CLEAR,-9999,-9999,PDO,O,NON-COLLISION,1,"SEDAN, 4 DOOR",N,54,1,GOING STRAIGHT,APPARENTLY NORMAL,Null,UNKNOWN,Null,DEER,Null,Null,Null,Null,Null,Null,Null,Null,Null,Null,Null,Null,DRY,DAWN,DRY,NHP,2383347,Null,Null,Null,2017-06-16T12:49:00.000Z,{8EBE33B0-5B2E-444D-907F-9AB9769B5F3B}