OBJECTID,X,Y,Latitude,Longitude,Date,AnimalType,Crash_Seve,County,Crash_Date_Original,Crash_Time_Original,Crash_Time,Primary_St,Distance,Dir,Secondary_,Weather,Fatalities,Injured,Property_D,Injury_Typ,Crash_Type,Total_Vehi,V1_Type,V1_Dir,V1_Driver_,V1_Lane_Nu,V1_Action,V1_Driver1,V1_Drive_1,V1_Vehicle,V1_Most_Ha,V1_All_Eve,V2_Type,V2_Dir,V2_Driver_,V2_Lane_Nu,V2_Action,V2_Driver1,V2_Drive_1,V2_Vehicle,V2_Most_Ha,V2_All_Eve,First_Harm,Nonmotoris,Factors_Ro,Lighting,HWY_Factor,Agency,Accident_R,Pedalcycli,Pedestrian,Motorcycli,CrashDateT,GlobalID
386747,342744.4832,4371057.394,39.47,-118.8,2017-06-23,OTHER ANIMAL,PROPERTY DAMAGE ONLY,CHURCHILL,Fri Jun 23 00:00:00 PDT 2017,Sun Dec 31 09:14:00 PST 1899,9:14:00,ALCORN RD,942,E,ARROWHEAD LN,CLEAR,-9999,-9999,PDO,O,NON-COLLISION,1,CARRY-ALL,E,38,-9999,NOT REPORTED,APPARENTLY NORMAL,Null,OBJECT AVOIDANCE,Null,OTHER ANIMAL: RAN OFF ROAD RIGHT: OTHER MOVABLE OBJECT,Null,Null,Null,Null,Null,Null,Null,Null,Null,Null,Null,Null,DRY,DAYLIGHT,DRY,CHSO,2372778,Null,Null,Null,2017-06-23T16:14:00.000Z,{DF8344BF-9A39-40EF-A67E-8CF8A088DE94}
393735,620668.8044,4301200.77,38.85,-115.6,2017-06-23,DEER,PROPERTY DAMAGE ONLY,NYE,Fri Jun 23 00:00:00 PDT 2017,Sun Dec 31 09:00:00 PST 1899,9:00:00,BRADSHAW RD,0,Null,SR379,CLEAR,-9999,-9999,PDO,N,NON-COLLISION,1,PICKUP,N,-9999,-9999,GOING STRAIGHT,UNKNOWN,Null,UNKNOWN,Null,DEER,Null,Null,Null,Null,Null,Null,Null,Null,Null,Null,Null,Null,Null,Null,Null,NYSO,2385567,Null,Null,Null,2017-06-23T16:00:00.000Z,{95D5033E-7D9A-4DB2-A6A9-97D25DBDE6AF}
392943,598769.9409,4593270.528,41.48,-115.8,2017-06-30,DEER,PROPERTY DAMAGE ONLY,ELKO,Fri Jun 30 00:00:00 PDT 2017,Sun Dec 31 00:00:00 PST 1899,0:00:00,SR225,1,S,MILE MARKER 78,CLEAR,-9999,-9999,PDO,O,NON-COLLISION,1,VAN,N,49,1,GOING STRAIGHT,APPARENTLY NORMAL,Null,Null,Null,DEER,Null,Null,Null,Null,Null,Null,Null,Null,Null,Null,Null,Null,DRY,DAYLIGHT,DRY,NHP,2384200,Null,Null,Null,2017-06-30T07:00:00.000Z,{D20197E4-5EBD-4163-87CA-331B3C1AAF68}
393647,647967.58,3989085.396,36.04,-115.4,2017-06-30,BURRO,PROPERTY DAMAGE ONLY,CLARK,Fri Jun 30 00:00:00 PDT 2017,Sun Dec 31 00:35:00 PST 1899,0:35:00,SR160,400,N,SR159,CLEAR,-9999,-9999,PDO,O,NON-COLLISION,1,PICKUP,N,40,2,GOING STRAIGHT,APPARENTLY NORMAL,Null,Null,Null,BURRO,Null,Null,Null,Null,Null,Null,Null,Null,Null,Null,Null,Null,DRY,DARK - SPOT LIGHTING,DRY,NHP,2384185,Null,Null,Null,2017-06-30T07:35:00.000Z,{7935A56A-4FFE-4A86-BC95-A4580E13F426}
375015,683151.4697,4476717.245,40.42,-114.8,2017-03-03,ELK,PROPERTY DAMAGE ONLY,ELKO,Fri Mar 03 00:00:00 PST 2017,Sun Dec 31 18:50:00 PST 1899,18:50:00,US93N,1200,S,MILE MARKER 24,CLEAR,-9999,-9999,PDO,O,NON-COLLISION,1,"SEDAN, 4 DOOR",N,38,1,GOING STRAIGHT,APPARENTLY NORMAL,Null,Null,Null,ELK,Null,Null,Null,Null,Null,Null,Null,Null,Null,Null,Null,Null,DRY,DARK - NO LIGHTING,DRY,NHP,2366634,Null,Null,Null,2017-03-04T02:50:00.000Z,{6510FF56-EF7B-4238-8174-FD2F75AEAE2A}
376408,706033.0524,4283817.236,38.68,-114.6,2017-03-03,ELK,PROPERTY DAMAGE ONLY,WHITE PINE,Fri Mar 03 00:00:00 PST 2017,Sun Dec 31 21:45:00 PST 1899,21:45:00,US93N,583,N,MILE MARKER 0,CLOUDY,-9999,-9999,PDO,O,NON-COLLISION,1,SEMI,S,44,1,GOING STRAIGHT,APPARENTLY NORMAL,Null,Null,Null,ELK,Null,Null,Null,Null,Null,Null,Null,Null,Null,Null,Null,Null,DRY,DARK - NO LIGHTING,DRY,NHP,2366643,Null,Null,Null,2017-03-04T05:45:00.000Z,{94B4C8C3-D39C-4388-9D75-DA983C0C3A02}
376309,262136.3035,4341493.005,39.19,-119.8,2017-03-03,DOG/COYOTE,PROPERTY DAMAGE ONLY,CARSON CITY,Fri Mar 03 00:00:00 PST 2017,Sun Dec 31 23:50:00 PST 1899,23:50:00,IR580N,1257,N,MILE MARKER 6,CLEAR,-9999,-9999,PDO,O,NON-COLLISION,1,"SEDAN, 4 DOOR",N,39,2,GOING STRAIGHT,APPARENTLY NORMAL,Null,Null,Null,DOG/COYOTE,Null,Null,Null,Null,Null,Null,Null,Null,Null,Null,Null,Null,DRY,DARK - SPOT LIGHTING,DRY,NHP,2366570,Null,Null,Null,2017-03-04T07:50:00.000Z,{6B595BAF-18DB-40CD-859C-8A075783592C}
371095,245532.3267,4328435.674,39.07,-119.9,2017-03-03,DEER,PROPERTY DAMAGE ONLY,DOUGLAS,Fri Mar 03 00:00:00 PST 2017,Sun Dec 31 23:15:00 PST 1899,23:15:00,US50,1500,S,MILE MARKER 9,CLEAR,-9999,-9999,PDO,O,NON-COLLISION,1,"SEDAN, 4 DOOR",S,35,-9999,GOING STRAIGHT,APPARENTLY NORMAL,Null,DROVE LEFT OF CENTER,Null,DEER: GUARDRAIL FACE,Null,Null,Null,Null,Null,Null,Null,Null,Null,Null,Null,Null,DRY,DARK - NO LIGHTING,DRY,NHP,2366646,Null,Null,Null,2017-03-04T07:15:00.000Z,{8EF1D2BE-4606-41AE-8453-735FF6FC9C3A}
375785,684946.1897,4623523.394,41.74,-114.8,2017-03-03,DEER,PROPERTY DAMAGE ONLY,ELKO,Fri Mar 03 00:00:00 PST 2017,Sun Dec 31 21:45:00 PST 1899,21:45:00,US93N,1000,N,MILE MARKER 123,CLEAR,-9999,-9999,PDO,O,NON-COLLISION,1,PICKUP,S,58,1,GOING STRAIGHT,APPARENTLY NORMAL,Null,Null,Null,DEER,Null,Null,Null,Null,Null,Null,Null,Null,Null,Null,Null,Null,DRY,DARK - NO LIGHTING,DRY,NHP,2366644,Null,Null,Null,2017-03-04T05:45:00.000Z,{1C5DA27B-CBEB-4BE5-B976-4686665D3E99}
380605,706093.8897,3894684.55,35.17,-114.7,2017-03-03,DEER,PROPERTY DAMAGE ONLY,CLARK,Fri Mar 03 00:00:00 PST 2017,Sun Dec 31 04:06:00 PST 1899,4:06:00,SR163,400,W,MILE MARKER 7,CLEAR,-9999,-9999,PDO,O,NON-COLLISION,1,SEDAN,W,39,1,GOING STRAIGHT,APPARENTLY NORMAL,Null,UNKNOWN,Null,DEER,Null,Null,Null,Null,Null,Null,Null,Null,Null,Null,Null,Null,DRY,DARK - NO LIGHTING,DRY,NHP,2366576,Null,Null,Null,2017-03-03T12:06:00.000Z,{AAB493D4-A767-4B81-A72B-F310848DFD06}
375494,276731.3242,4417625.26,39.88,-119.6,2017-03-10,HORSE,PROPERTY DAMAGE ONLY,WASHOE,Fri Mar 10 00:00:00 PST 2017,Sun Dec 31 00:41:00 PST 1899,0:41:00,SR445,1584,N,MILE MARKER 26,CLEAR,-9999,-9999,PDO,O,NON-COLLISION,1,PICKUP,N,60,1,GOING STRAIGHT,APPARENTLY NORMAL,Null,OBJECT AVOIDANCE,Null,HORSE,Null,Null,Null,Null,Null,Null,Null,Null,Null,Null,Null,Null,DRY,DARK - NO LIGHTING,DRY,NHP,2366974,Null,Null,Null,2017-03-10T08:41:00.000Z,{5DD58A23-41BA-40D4-BD85-A350220840CD}
379650,248620.9311,4390527.213,39.63,-119.9,2017-03-10,DEER,PROPERTY DAMAGE ONLY,WASHOE,Fri Mar 10 00:00:00 PST 2017,Sun Dec 31 09:35:00 PST 1899,9:35:00,US395S,3696,N,MILE MARKER 36.255,CLEAR,-9999,-9999,PDO,O,NON-COLLISION,1,"SEDAN, 4 DOOR",S,66,2,GOING STRAIGHT,APPARENTLY NORMAL,Null,OBJECT AVOIDANCE,Null,DEER,Null,Null,Null,Null,Null,Null,Null,Null,Null,Null,Null,Null,WET,DAYLIGHT,WET,NHP,2367127,Null,Null,Null,2017-03-10T17:35:00.000Z,{0D858E54-EBBE-43BF-A860-1F96B10F3E1B}
376223,411413.1662,4334574.912,39.16,-118,2017-03-10,CATTLE,PROPERTY DAMAGE ONLY,CHURCHILL,Fri Mar 10 00:00:00 PST 2017,Sun Dec 31 00:25:00 PST 1899,0:25:00,SR361,200,N,MILE MARKER 6,CLEAR,-9999,-9999,PDO,O,NON-COLLISION,1,"SEDAN, 2 DOOR",S,32,1,GOING STRAIGHT,APPARENTLY NORMAL,Null,Null,Null,CATTLE,Null,Null,Null,Null,Null,Null,Null,Null,Null,Null,Null,Null,DRY,DARK - NO LIGHTING,DRY,NHP,2366971,Null,Null,Null,2017-03-10T08:25:00.000Z,{C69FC54C-E14F-4188-B570-6952B84D39FA}
380361,309972.8412,4311689.929,38.93,-119.2,2017-03-10,CATTLE,PROPERTY DAMAGE ONLY,LYON,Fri Mar 10 00:00:00 PST 2017,Sun Dec 31 00:38:00 PST 1899,0:38:00,SR339,1584,N,MILE MARKER 7,CLEAR,-9999,-9999,PDO,O,NON-COLLISION,1,CARRY-ALL,S,41,1,GOING STRAIGHT,APPARENTLY NORMAL,Null,RAN OFF ROAD: OBJECT AVOIDANCE,Null,CATTLE: RAN OFF ROAD RIGHT,Null,Null,Null,Null,Null,Null,Null,Null,Null,Null,Null,Null,DRY,DARK - NO LIGHTING,DRY,NHP,2366975,Null,Null,Null,2017-03-10T08:38:00.000Z,{E9FA6A3D-03EA-4533-A1EC-6DAC78B9E49E}
375893,671136.5137,3990301.93,36.04,-115.1,2017-03-17,OTHER ANIMAL,INJURY CRASH,CLARK,Fri Mar 17 00:00:00 PDT 2017,Sun Dec 31 19:35:00 PST 1899,19:35:00,N PECOS RD,0,Null,WINDMILL PKWY,CLEAR,-9999,2,Null,A,ANGLE,2,CARRY-ALL,N,24,-9999,TURNING LEFT,OTHER IMPROPER DRIVING,Null,FAILED TO YIELD RIGHT OF WAY,Null,Null,"SEDAN, 4 DOOR",S,26,Null,GOING STRAIGHT,APPARENTLY NORMAL,Null,OTHER,Null,OTHER ANIMAL,OVERTURN/ROLLOVER,Null,DRY,DARK - CONTINUOUS LIGHTING,DRY,HEPD,2361251,Null,Null,Null,2017-03-18T02:35:00.000Z,{49D72388-AD2C-482F-9756-3F893C786C5A}
376578,685895.7759,4624636.276,41.75,-114.8,2017-03-17,DEER,PROPERTY DAMAGE ONLY,ELKO,Fri Mar 17 00:00:00 PDT 2017,Sun Dec 31 05:29:00 PST 1899,5:29:00,US93N,528,N,MILE MARKER 124,CLEAR,-9999,-9999,PDO,O,NON-COLLISION,1,"SEDAN, 4 DOOR",S,27,1,GOING STRAIGHT,APPARENTLY NORMAL,Null,Null,Null,DEER,Null,Null,Null,Null,Null,Null,Null,Null,Null,Null,Null,Null,DRY,DARK - NO LIGHTING,DRY,NHP,2367348,Null,Null,Null,2017-03-17T12:29:00.000Z,{578C3C02-C9CF-41CD-92C5-25555C23CD12}
376598,686514.7556,4625930.44,41.76,-114.8,2017-03-17,DEER,PROPERTY DAMAGE ONLY,ELKO,Fri Mar 17 00:00:00 PDT 2017,Sun Dec 31 05:34:00 PST 1899,5:34:00,US93N,0,Null,MILE MARKER 125,CLEAR,-9999,-9999,PDO,O,NON-COLLISION,1,"SEDAN, 4 DOOR",S,73,1,GOING STRAIGHT,APPARENTLY NORMAL,Null,Null,Null,DEER,Null,Null,Null,Null,Null,Null,Null,Null,Null,Null,Null,Null,DRY,DARK - NO LIGHTING,DRY,NHP,2367363,Null,Null,Null,2017-03-17T12:34:00.000Z,{864CA602-500B-431C-98F5-4469A4B8C56F}
381639,636641.5624,4543801.223,41.03,-115.4,2017-03-24,DOG/COYOTE,PROPERTY DAMAGE ONLY,ELKO,Fri Mar 24 00:00:00 PDT 2017,Sun Dec 31 04:48:00 PST 1899,4:48:00,IR80E,135,W,MILE MARKER 51,CLEAR,-9999,-9999,PDO,O,NON-COLLISION,1,SEDAN,E,31,2,GOING STRAIGHT,APPARENTLY NORMAL,Null,Null,Null,DOG/COYOTE,Null,Null,Null,Null,Null,Null,Null,Null,Null,Null,Null,Null,DRY,DARK - NO LIGHTING,DRY,NHP,2367658,Null,Null,Null,2017-03-24T11:48:00.000Z,{525C5AF7-1C5D-40BD-9839-B01797014AC1}
381422,379523.4818,4607830.537,41.61,-118.4,2017-03-24,DEER,PROPERTY DAMAGE ONLY,HUMBOLDT,Fri Mar 24 00:00:00 PDT 2017,Sun Dec 31 19:30:00 PST 1899,19:30:00,SR140,0,Null,MILE MARKER 40,CLEAR,-9999,-9999,PDO,O,NON-COLLISION,1,"SEDAN, 4 DOOR",S,27,1,GOING STRAIGHT,APPARENTLY NORMAL,Null,Null,Null,DEER,Null,Null,Null,Null,Null,Null,Null,Null,Null,Null,Null,Null,DRY,DARK - NO LIGHTING,DRY,NHP,2367722,Null,Null,Null,2017-03-25T02:30:00.000Z,{A21789DA-D638-493E-9ABA-AB1146655A43}
384568,707693.9342,4548778.309,41.06,-114.5,2017-03-24,DEER,PROPERTY DAMAGE ONLY,ELKO,Fri Mar 24 00:00:00 PDT 2017,Sun Dec 31 08:39:00 PST 1899,8:39:00,IR80W,1056,W,MILE MARKER 98,CLEAR,-9999,-9999,PDO,O,NON-COLLISION,1,CARRY-ALL,W,67,2,GOING STRAIGHT,APPARENTLY NORMAL,Null,Null,Null,DEER,Null,Null,Null,Null,Null,Null,Null,Null,Null,Null,Null,Null,DRY,DAYLIGHT,DRY,NHP,2378870,Null,Null,Null,2017-03-24T15:39:00.000Z,{AB0330C3-6D33-4043-ACB2-51D70CBD479B}
384798,709095.417,4547251.136,41.05,-114.5,2017-03-24,DEER,PROPERTY DAMAGE ONLY,ELKO,Fri Mar 24 00:00:00 PDT 2017,Sun Dec 31 07:15:00 PST 1899,7:15:00,IR80E,150,E,MILE MARKER 99,CLEAR,-9999,-9999,PDO,O,NON-COLLISION,1,"TRACTOR TRUCK, DIESEL",E,59,2,GOING STRAIGHT,APPARENTLY NORMAL,Null,Null,Null,DEER,Null,Null,Null,Null,Null,Null,Null,Null,Null,Null,Null,Null,DRY,DAYLIGHT,DRY,NHP,2378868,Null,Null,Null,2017-03-24T14:15:00.000Z,{5A0EB0F4-A84C-4768-80F9-4470284AD479}
382312,516218.6579,4081668.298,36.88,-116.8,2017-03-24,BURRO,PROPERTY DAMAGE ONLY,NYE,Fri Mar 24 00:00:00 PDT 2017,Sun Dec 31 19:52:00 PST 1899,19:52:00,SR374,6,W,RHYOLITE RD,CLEAR,-9999,-9999,PDO,N,NON-COLLISION,1,CARRY-ALL,W,-9999,-9999,UNKNOWN,APPARENTLY NORMAL,Null,UNKNOWN,Null,BURRO,Null,Null,Null,Null,Null,Null,Null,Null,Null,Null,Null,Null,Null,Null,Null,NYSO,2368424,Null,Null,Null,2017-03-25T02:52:00.000Z,{899DD72B-7285-443F-8274-FB3923FF2386}
381887,700404.9712,3987445.137,36.01,-114.8,2017-03-24,BIG HORN SHEEP,PROPERTY DAMAGE ONLY,CLARK,Fri Mar 24 00:00:00 PDT 2017,Sun Dec 31 15:42:00 PST 1899,15:42:00,US93N,600,N,MILE MARKER 3,CLEAR,-9999,-9999,PDO,O,NON-COLLISION,1,"SEDAN, 4 DOOR",N,37,1,GOING STRAIGHT,APPARENTLY NORMAL,Null,OBJECT AVOIDANCE,Null,BIG HORN SHEEP,Null,Null,Null,Null,Null,Null,Null,Null,Null,Null,Null,Null,DRY,DAYLIGHT,DRY,NHP,2367692,Null,Null,Null,2017-03-24T22:42:00.000Z,{73E3DF29-B281-449F-8367-261541ED1169}
384644,669556.7633,4500773.045,40.64,-115,2017-03-31,DEER,PROPERTY DAMAGE ONLY,ELKO,Fri Mar 31 00:00:00 PDT 2017,Sun Dec 31 20:30:00 PST 1899,20:30:00,US93N,528,N,MILE MARKER 41,Null,-9999,-9999,PDO,O,NON-COLLISION,1,VAN,N,58,1,GOING STRAIGHT,APPARENTLY NORMAL,Null,Null,Null,DEER,Null,Null,Null,Null,Null,Null,Null,Null,Null,Null,Null,Null,DRY,DARK - NO LIGHTING,DRY,NHP,2379100,Null,Null,Null,2017-04-01T03:30:00.000Z,{8E06D9AA-A7A2-42B1-8AFE-B0E78B7479A2}
381601,441217.6197,4637453.034,41.89,-117.7,2017-03-31,CATTLE,PROPERTY DAMAGE ONLY,HUMBOLDT,Fri Mar 31 00:00:00 PDT 2017,Sun Dec 31 05:55:00 PST 1899,5:55:00,US95N,15,S,MILE MARKER 66,CLOUDY,-9999,-9999,PDO,O,NON-COLLISION,1,SEDAN,S,64,1,GOING STRAIGHT,APPARENTLY NORMAL,Null,Null,Null,CATTLE,Null,Null,Null,Null,Null,Null,Null,Null,Null,Null,Null,Null,DRY,DARK - NO LIGHTING,DRY,NHP,2367881,Null,Null,Null,2017-03-31T12:55:00.000Z,{02567C04-D0C6-4B17-A6E3-EFD00B14C001}
383879,268278.0051,4304765.942,38.86,-119.7,2017-05-05,DEER,PROPERTY DAMAGE ONLY,DOUGLAS,Fri May 05 00:00:00 PDT 2017,Sun Dec 31 03:12:00 PST 1899,3:12:00,US395N,1320,N,CHINA SPRINGS RD,CLEAR,-9999,-9999,PDO,O,NON-COLLISION,1,SEDAN,S,68,1,GOING STRAIGHT,APPARENTLY NORMAL,Null,Null,Null,DEER,Null,Null,Null,Null,Null,Null,Null,Null,Null,Null,Null,Null,DRY,DARK - NO LIGHTING,DRY,NHP,2380972,Null,Null,Null,2017-05-05T10:12:00.000Z,{7A1A5097-2604-471D-98EA-6C3105A12C23}
384561,633249.0137,3987516.2,36.02,-115.5,2017-05-05,DEER,PROPERTY DAMAGE ONLY,CLARK,Fri May 05 00:00:00 PDT 2017,Sun Dec 31 23:59:00 PST 1899,23:59:00,SR160,500,S,MILE MARKER 22,CLEAR,-9999,-9999,PDO,O,NON-COLLISION,1,CARRY-ALL,N,46,1,GOING STRAIGHT,APPARENTLY NORMAL,Null,Null,Null,DEER,Null,Null,Null,Null,Null,Null,Null,Null,Null,Null,Null,Null,DRY,DARK - NO LIGHTING,DRY,NHP,2381040,Null,Null,Null,2017-05-06T06:59:00.000Z,{6EF67F0C-4F94-4F92-B720-2D9950281505}
383008,587259.1904,4020039.012,36.32,-116,2017-05-05,BURRO,PROPERTY DAMAGE ONLY,NYE,Fri May 05 00:00:00 PDT 2017,Sun Dec 31 20:28:00 PST 1899,20:28:00,SR160,400,S,CARROL ST,CLEAR,-9999,-9999,PDO,O,NON-COLLISION,1,"SEDAN, 4 DOOR",S,43,1,GOING STRAIGHT,APPARENTLY NORMAL,Null,Null,Null,BURRO,Null,Null,Null,Null,Null,Null,Null,Null,Null,Null,Null,Null,DRY,DARK - NO LIGHTING,DRY,NHP,2381029,Null,Null,Null,2017-05-06T03:28:00.000Z,{9E13CBBC-C3F9-4975-971F-6BB0D8FB275C}
398329,287744.2058,4376665.49,39.51,-119.5,2017-05-12,HORSE,PROPERTY DAMAGE ONLY,STOREY,Fri May 12 00:00:00 PDT 2017,Sun Dec 31 21:18:00 PST 1899,21:18:00,USA PKWY,3540,S,MILE MARKER 7,CLEAR,-9999,-9999,PDO,O,NON-COLLISION,1,CARRY-ALL,N,27,1,GOING STRAIGHT,APPARENTLY NORMAL,Null,Null,Null,HORSE,Null,Null,Null,Null,Null,Null,Null,Null,Null,Null,Null,Null,DRY,DARK - SPOT LIGHTING,DRY,NHP,2381437,Null,Null,Null,2017-05-13T04:18:00.000Z,{C5F29B9F-1CA2-4B1F-8807-FAE9889A0020}
383929,657528.2177,4013488.871,36.25,-115.2,2017-05-12,DOG/COYOTE,PROPERTY DAMAGE ONLY,CLARK,Fri May 12 00:00:00 PDT 2017,Sun Dec 31 01:55:00 PST 1899,1:55:00,US95N,150,S,US95N TO ANN RD INT90B,CLEAR,-9999,-9999,PDO,O,NON-COLLISION,1,"SEDAN, 4 DOOR",S,93,2,GOING STRAIGHT,APPARENTLY NORMAL,Null,Null,Null,DOG/COYOTE,Null,Null,Null,Null,Null,Null,Null,Null,Null,Null,Null,Null,DRY,DARK - SPOT LIGHTING,DRY,NHP,2381384,Null,Null,Null,2017-05-12T08:55:00.000Z,{F0BCE077-0491-40F0-87CD-04EBD25B0302}
383654,676126.4302,4557846.964,41.15,-114.9,2017-05-12,DEER,PROPERTY DAMAGE ONLY,ELKO,Fri May 12 00:00:00 PDT 2017,Sun Dec 31 03:16:00 PST 1899,3:16:00,US93N,1584,S,MILE MARKER 79,CLEAR,-9999,-9999,PDO,O,NON-COLLISION,1,PICKUP,S,19,1,GOING STRAIGHT,APPARENTLY NORMAL,Null,Null,Null,DEER,Null,Null,Null,Null,Null,Null,Null,Null,Null,Null,Null,Null,DRY,DARK - NO LIGHTING,DRY,NHP,2381385,Null,Null,Null,2017-05-12T10:16:00.000Z,{9139D20F-A405-44B0-B136-B568F235E517}
393972,258880.5516,4363915.234,39.39,-119.8,2017-05-12,DEER,PROPERTY DAMAGE ONLY,WASHOE,Fri May 12 00:00:00 PDT 2017,Sun Dec 31 16:20:00 PST 1899,16:20:00,SR431,2640,W,THOMAS CREEK RD,CLEAR,-9999,-9999,PDO,O,NON-COLLISION,1,CARRY-ALL,E,-9999,-9999,GOING STRAIGHT,APPARENTLY NORMAL,Null,UNKNOWN,Null,DEER,Null,Null,Null,Null,Null,Null,Null,Null,Null,Null,Null,Null,Null,Null,Null,WASO,2386665,Null,Null,Null,2017-05-12T23:20:00.000Z,{8497AD37-5703-4F6B-8458-D7784F573768}
385448,257266.6004,4347209.236,39.24,-119.8,2017-05-19,DEER,PROPERTY DAMAGE ONLY,WASHOE,Fri May 19 00:00:00 PDT 2017,Sun Dec 31 00:46:00 PST 1899,0:46:00,IR580S,1584,N,MILE MARKER 2,CLOUDY,-9999,-9999,PDO,O,NON-COLLISION,1,"HATCHBACK, 4 DOOR",S,30,2,GOING STRAIGHT,APPARENTLY NORMAL,Null,OBJECT AVOIDANCE,Null,DEER,Null,Null,Null,Null,Null,Null,Null,Null,Null,Null,Null,Null,DRY,DARK - NO LIGHTING,DRY,NHP,2381763,Null,Null,Null,2017-05-19T07:46:00.000Z,{5D7C1968-1011-4981-9303-05ABA4AB0D6F}
386257,652656.4048,4512296.656,40.75,-115.2,2017-05-19,DEER,PROPERTY DAMAGE ONLY,ELKO,Fri May 19 00:00:00 PDT 2017,Sun Dec 31 18:21:00 PST 1899,18:21:00,SR229,0,Null,MILE MARKER 26,CLEAR,-9999,-9999,PDO,O,NON-COLLISION,1,CARRY-ALL,S,28,1,GOING STRAIGHT,APPARENTLY NORMAL,Null,OBJECT AVOIDANCE,Null,DEER,Null,Null,Null,Null,Null,Null,Null,Null,Null,Null,Null,Null,DRY,DAYLIGHT,DRY,NHP,2381814,Null,Null,Null,2017-05-20T01:21:00.000Z,{7FADE563-8E3C-4237-8431-89BBE81F0C37}
417674,694883.2578,4550211.033,41.08,-114.7,2017-11-03,ELK,PROPERTY DAMAGE ONLY,ELKO,Fri Nov 03 00:00:00 PDT 2017,Sun Dec 31 04:11:00 PST 1899,4:11:00,IR80E,500,E,MILE MARKER 89,CLEAR,-9999,-9999,PDO,O,NON-COLLISION,1,STATION WAGON,E,61,2,GOING STRAIGHT,APPARENTLY NORMAL,Null,Null,Null,ELK,Null,Null,Null,Null,Null,Null,Null,Null,Null,Null,Null,Null,DRY,DARK - NO LIGHTING,DRY,NHP,2414609,Null,Null,Null,2017-11-03T11:11:00.000Z,{8ED74857-4D16-4E55-8CB2-88687648167F}
415582,748081.7925,4182819.343,37.76,-114.2,2017-11-03,DEER,PROPERTY DAMAGE ONLY,LINCOLN,Fri Nov 03 00:00:00 PDT 2017,Sun Dec 31 14:45:00 PST 1899,14:45:00,SR319,422,E,MILE MARKER 13,CLEAR,-9999,-9999,PDO,O,NON-COLLISION,1,"SEDAN, 4 DOOR",E,17,1,GOING STRAIGHT,APPARENTLY NORMAL,Null,Null,Null,DEER,Null,Null,Null,Null,Null,Null,Null,Null,Null,Null,Null,Null,DRY,DAYLIGHT,DRY,NHP,2414649,Null,Null,Null,2017-11-03T21:45:00.000Z,{BC32D379-7CBF-4E7D-90F4-D6E257D2B0CD}
417302,725863.0957,4180998.935,37.75,-114.4,2017-11-03,DEER,PROPERTY DAMAGE ONLY,LINCOLN,Fri Nov 03 00:00:00 PDT 2017,Sun Dec 31 21:30:00 PST 1899,21:30:00,US93N,1953,S,MILE MARKER 105,CLEAR,-9999,-9999,PDO,O,NON-COLLISION,1,PICKUP,S,17,1,GOING STRAIGHT,APPARENTLY NORMAL,Null,Null,Null,DEER,Null,Null,Null,Null,Null,Null,Null,Null,Null,Null,Null,Null,DRY,DARK - NO LIGHTING,DRY,NHP,2414672,Null,Null,Null,2017-11-04T04:30:00.000Z,{AE264529-11C7-4384-A89C-A83E3E81DD4B}
422404,656820.9632,4012251.913,36.24,-115.3,2017-11-10,UNKNOWN,INJURY CRASH,CLARK,Fri Nov 10 00:00:00 PST 2017,Sun Dec 31 23:35:00 PST 1899,23:35:00,STANGE AVE,184,W,LILAC GLEN DR,CLEAR,-9999,1,Null,C,ANGLE,2,COUPE,E,21,1,OTHER,APPARENTLY NORMAL,Null,MADE AN IMPROPER TURN: OBJECT AVOIDANCE,Null,PARKED MOTOR VEHICLE,CARRY-ALL,Null,Null,1,PARKED,Null,Null,Null,Null,Null,Null,Null,DRY,DARK - SPOT LIGHTING,DRY,LVMPD,2407116,Null,Null,Null,2017-11-11T07:35:00.000Z,{83F1F86E-8962-4249-88F6-8052502FD18A}
421503,337159.7008,4373301.614,39.49,-118.9,2017-11-10,DEER,PROPERTY DAMAGE ONLY,CHURCHILL,Fri Nov 10 00:00:00 PST 2017,Sun Dec 31 17:15:00 PST 1899,17:15:00,US50E,1000,E,MILE MARKER 14,CLEAR,-9999,-9999,PDO,O,NON-COLLISION,1,PICKUP,W,43,2,GOING STRAIGHT,APPARENTLY NORMAL,Null,UNKNOWN,Null,DEER,Null,Null,Null,Null,Null,Null,Null,Null,Null,Null,Null,Null,DRY,DARK - NO LIGHTING,DRY,NHP,2415086,Null,Null,Null,2017-11-11T01:15:00.000Z,{FE9D4B5E-3F14-4C88-8F81-C2DCA9225412}
420607,730359.8184,4530692.299,40.89,-114.3,2017-11-10,DEER,INJURY CRASH,ELKO,Fri Nov 10 00:00:00 PST 2017,Sun Dec 31 20:35:00 PST 1899,20:35:00,IR80E,528,E,MILE MARKER 116,CLEAR,-9999,1,Null,C,NON-COLLISION,1,"SEDAN, 4 DOOR",E,26,-9999,NOT REPORTED,APPARENTLY NORMAL,Null,FAILURE TO KEEP IN PROPER LANE OR RUNNING OFF ROAD: UNSAFE LANE CHANGE: OBJECT AVOIDANCE,Null,RAN OFF ROAD RIGHT: OVERTURN/ROLLOVER,Null,Null,Null,Null,Null,Null,Null,Null,Null,Null,Null,Null,DRY,DARK - NO LIGHTING,DRY,NHP,2415101,Null,Null,Null,2017-11-11T04:35:00.000Z,{5AE738E7-0FC0-4BB2-90F6-BDE87C1A6900}