OBJECTID,X,Y,Latitude,Longitude,Date,AnimalType,Crash_Seve,County,Crash_Date_Original,Crash_Time_Original,Crash_Time,Primary_St,Distance,Dir,Secondary_,Weather,Fatalities,Injured,Property_D,Injury_Typ,Crash_Type,Total_Vehi,V1_Type,V1_Dir,V1_Driver_,V1_Lane_Nu,V1_Action,V1_Driver1,V1_Drive_1,V1_Vehicle,V1_Most_Ha,V1_All_Eve,V2_Type,V2_Dir,V2_Driver_,V2_Lane_Nu,V2_Action,V2_Driver1,V2_Drive_1,V2_Vehicle,V2_Most_Ha,V2_All_Eve,First_Harm,Nonmotoris,Factors_Ro,Lighting,HWY_Factor,Agency,Accident_R,Pedalcycli,Pedestrian,Motorcycli,CrashDateT,GlobalID
422035,302279.679,4387770.445,39.62,-119.3,2017-11-10,DEER,PROPERTY DAMAGE ONLY,WASHOE,Fri Nov 10 00:00:00 PST 2017,Sun Dec 31 18:58:00 PST 1899,18:58:00,IR80E,528,E,MILE MARKER 44,CLEAR,-9999,-9999,PDO,O,NON-COLLISION,1,"SEDAN, 4 DOOR",E,59,2,GOING STRAIGHT,APPARENTLY NORMAL,Null,OBJECT AVOIDANCE,Null,DEER,Null,Null,Null,Null,Null,Null,Null,Null,Null,Null,Null,Null,DRY,DARK - SPOT LIGHTING,DRY,NHP,2415099,Null,Null,Null,2017-11-11T02:58:00.000Z,{652F0EFC-EABB-45C4-BBCF-73DF04032818}
424387,662744.9668,4366047.389,39.43,-115.1,2017-11-10,DEER,PROPERTY DAMAGE ONLY,WHITE PINE,Fri Nov 10 00:00:00 PST 2017,Sun Dec 31 16:36:00 PST 1899,16:36:00,US50E,528,E,MILE MARKER 48,CLEAR,-9999,-9999,PDO,O,NON-COLLISION,1,PICKUP,E,61,1,GOING STRAIGHT,APPARENTLY NORMAL,Null,OBJECT AVOIDANCE,Null,DEER,Null,Null,Null,Null,Null,Null,Null,Null,Null,Null,Null,Null,DRY,DUSK,DRY,NHP,2415082,Null,Null,Null,2017-11-11T00:36:00.000Z,{77E3782D-F03F-4DA9-A0BF-D7158240EDCE}
417969,279275.5938,4350697,39.28,-119.6,2017-11-17,HORSE,PROPERTY DAMAGE ONLY,LYON,Fri Nov 17 00:00:00 PST 2017,Sun Dec 31 18:06:00 PST 1899,18:06:00,US50E,0,Null,ENTERPRISE WAY,CLEAR,-9999,-9999,PDO,O,NON-COLLISION,1,CARRY-ALL,W,27,1,GOING STRAIGHT,APPARENTLY NORMAL,Null,Null,Null,HORSE,Null,Null,Null,Null,Null,Null,Null,Null,Null,Null,Null,Null,DRY,DARK - NO LIGHTING,DRY,NHP,2415576,Null,Null,Null,2017-11-18T02:06:00.000Z,{1DDB68EC-E120-4C34-8C8A-E160B3BB7F2E}
417125,317071.0016,4383393.182,39.58,-119.1,2017-11-17,DOG/COYOTE,PROPERTY DAMAGE ONLY,LYON,Fri Nov 17 00:00:00 PST 2017,Sun Dec 31 17:55:00 PST 1899,17:55:00,SR828E,1000,E,LUCAS LN,CLEAR,-9999,-9999,PDO,O,NON-COLLISION,1,"SEDAN, 4 DOOR",W,36,1,GOING STRAIGHT,APPARENTLY NORMAL,Null,Null,Null,DOG/COYOTE,Null,Null,Null,Null,Null,Null,Null,Null,Null,Null,Null,Null,DRY,DARK - NO LIGHTING,DRY,NHP,2415619,Null,Null,Null,2017-11-18T01:55:00.000Z,{D0BBEE9B-230A-4A60-A0DC-D11D2DDDC490}
417603,589732.3727,4016538.512,36.29,-116,2017-11-17,BURRO,INJURY CRASH,NYE,Fri Nov 17 00:00:00 PST 2017,Sun Dec 31 06:15:00 PST 1899,6:15:00,SR160N,1320,S,HARRIS FARM RD,CLOUDY,-9999,1,Null,C,NON-COLLISION,1,"SEDAN, 4 DOOR",S,59,1,GOING STRAIGHT,APPARENTLY NORMAL,Null,Null,Null,BURRO: BURRO,Null,Null,Null,Null,Null,Null,Null,Null,Null,Null,Null,Null,DRY,DAWN,DRY,NHP,2415506,Null,Null,Null,2017-11-17T14:15:00.000Z,{454E6B81-C395-40BE-B198-FCF0AAD0EAE0}
409062,706928.645,4548938.197,41.07,-114.5,2017-10-06,DEER,PROPERTY DAMAGE ONLY,ELKO,Fri Oct 06 00:00:00 PDT 2017,Sun Dec 31 05:23:00 PST 1899,5:23:00,IR80E,1584,E,MILE MARKER 97,CLEAR,-9999,-9999,PDO,O,NON-COLLISION,1,SEMI,E,42,1,GOING STRAIGHT,APPARENTLY NORMAL,Null,Null,Null,DEER,Null,Null,Null,Null,Null,Null,Null,Null,Null,Null,Null,Null,DRY,DARK - NO LIGHTING,DRY,NHP,2398898,Null,Null,Null,2017-10-06T12:23:00.000Z,{9E4B01B3-76A2-498F-80C3-1CA2C8FF430F}
409796,686539.03,4626002.64,41.76,-114.8,2017-10-06,DEER,PROPERTY DAMAGE ONLY,ELKO,Fri Oct 06 00:00:00 PDT 2017,Sun Dec 31 18:47:00 PST 1899,18:47:00,US93N,250,N,MILE MARKER 125,CLOUDY,-9999,-9999,PDO,O,NON-COLLISION,1,PICKUP,N,32,1,GOING STRAIGHT,APPARENTLY NORMAL,Null,OBJECT AVOIDANCE,Null,DEER,Null,Null,Null,Null,Null,Null,Null,Null,Null,Null,Null,Null,DRY,DARK - NO LIGHTING,DRY,NHP,2398935,Null,Null,Null,2017-10-07T01:47:00.000Z,{01BF9606-D53F-427A-9FAA-528DDD53E5F3}
408417,617104.7052,4159619.133,37.58,-115.7,2017-10-06,CATTLE,PROPERTY DAMAGE ONLY,LINCOLN,Fri Oct 06 00:00:00 PDT 2017,Sun Dec 31 20:57:00 PST 1899,20:57:00,SR375,1000,E,MILE MARKER 16,CLOUDY,-9999,-9999,PDO,O,NON-COLLISION,1,PICKUP,E,74,1,GOING STRAIGHT,APPARENTLY NORMAL,Null,Null,Null,CATTLE,Null,Null,Null,Null,Null,Null,Null,Null,Null,Null,Null,Null,DRY,DARK - NO LIGHTING,DRY,NHP,2398940,Null,Null,Null,2017-10-07T03:57:00.000Z,{31805A9F-C623-468F-A92C-700F9A58986F}
409114,286321.9391,4379593.936,39.54,-119.5,2017-10-06,CATTLE,PROPERTY DAMAGE ONLY,STOREY,Fri Oct 06 00:00:00 PDT 2017,Sun Dec 31 19:25:00 PST 1899,19:25:00,SR439,15,N,DENMARK DR,CLEAR,-9999,-9999,PDO,O,NON-COLLISION,1,PICKUP,S,37,2,GOING STRAIGHT,APPARENTLY NORMAL,Null,Null,Null,CATTLE,Null,Null,Null,Null,Null,Null,Null,Null,Null,Null,Null,Null,DRY,DAYLIGHT,DRY,NHP,2398934,Null,Null,Null,2017-10-07T02:25:00.000Z,{0484E8A1-1E5A-469E-853E-592C0B4BDB2A}
410352,665678.6147,4008045.614,36.2,-115.2,2017-10-13,DOG/COYOTE,INJURY CRASH,CLARK,Fri Oct 13 00:00:00 PDT 2017,Sun Dec 31 01:46:00 PST 1899,1:46:00,W CAREY AVE,100,E,NORTH ST,CLEAR,-9999,1,Null,C,NON-COLLISION,1,"SEDAN, 2 DOOR",W,24,-9999,NOT REPORTED,APPARENTLY NORMAL,Null,OBJECT AVOIDANCE,Null,DOG/COYOTE,Null,Null,Null,Null,Null,Null,Null,Null,Null,Null,Null,Null,DRY,DARK - CONTINUOUS LIGHTING,DRY,NLPD,2400173,Null,Null,Null,2017-10-13T08:46:00.000Z,{4664655B-B058-493B-9C96-472F8E562953}
409615,539259.0322,4505573.029,40.7,-116.5,2017-10-13,DEER,PROPERTY DAMAGE ONLY,EUREKA,Fri Oct 13 00:00:00 PDT 2017,Sun Dec 31 00:42:00 PST 1899,0:42:00,IR80E,1056,E,MILE MARKER 3,CLEAR,-9999,-9999,PDO,O,NON-COLLISION,1,SEDAN,E,37,1,GOING STRAIGHT,APPARENTLY NORMAL,Null,FAILURE TO KEEP IN PROPER LANE OR RUNNING OFF ROAD: UNSAFE LANE CHANGE,Null,RAN OFF ROAD RIGHT: CULVERT,Null,Null,Null,Null,Null,Null,Null,Null,Null,Null,Null,Null,WET,DARK - NO LIGHTING,WET,NHP,2399211,Null,Null,Null,2017-10-13T07:42:00.000Z,{414D26EB-91E5-44BD-AF39-5E8F8A556A54}
413898,457758.0117,4144903.156,37.45,-117.5,2017-10-13,CATTLE,PROPERTY DAMAGE ONLY,ESMERALDA,Fri Oct 13 00:00:00 PDT 2017,Sun Dec 31 20:00:00 PST 1899,20:00:00,SR266,1584,E,MILE MARKER 22,CLEAR,-9999,-9999,PDO,O,NON-COLLISION,1,"HATCHBACK, 4 DOOR",W,-9999,-9999,GOING STRAIGHT,APPARENTLY NORMAL,Null,Null,Null,CATTLE,Null,Null,Null,Null,Null,Null,Null,Null,Null,Null,Null,Null,Null,Null,Null,ESSO,2405290,Null,Null,Null,2017-10-14T03:00:00.000Z,{741B2CF3-80F2-4800-94C4-9A70FED7781D}
424949,491457.6304,4265752.104,38.54,-117.1,2017-10-20,DEER,PROPERTY DAMAGE ONLY,NYE,Fri Oct 20 00:00:00 PDT 2017,Sun Dec 31 18:48:00 PST 1899,18:48:00,SR377,1030,E,MILE MARKER 5,CLEAR,-9999,-9999,PDO,O,NON-COLLISION,1,"HATCHBACK, 4 DOOR",E,53,-9999,GOING STRAIGHT,APPARENTLY NORMAL,Null,FAILURE TO KEEP IN PROPER LANE OR RUNNING OFF ROAD: OVER-CORRECTING/OVER-STEERING: RAN OFF ROAD: UNSAFE LANE CHANGE: OBJECT AVOIDANCE,Null,DEER: RAN OFF ROAD RIGHT: HIGHWAY TRAFFIC SIGN POST,Null,Null,Null,Null,Null,Null,Null,Null,Null,Null,Null,Null,DRY,DARK - NO LIGHTING,DRY,NHP,2413845,Null,Null,Null,2017-10-21T01:48:00.000Z,{4F368B36-2376-4510-815D-209FF3176C23}
417296,270687.8464,4376904.799,39.51,-119.7,2017-10-27,DEER,PROPERTY DAMAGE ONLY,WASHOE,Fri Oct 27 00:00:00 PDT 2017,Sun Dec 31 20:57:00 PST 1899,20:57:00,IR80E,1056,W,MILE MARKER 22,CLEAR,-9999,-9999,PDO,O,NON-COLLISION,1,SEDAN,E,42,1,GOING STRAIGHT,APPARENTLY NORMAL,Null,Null,Null,DEER,Null,Null,Null,Null,Null,Null,Null,Null,Null,Null,Null,Null,DRY,DARK - UNKNOWN LIGHTING,DRY,NHP,2414193,Null,Null,Null,2017-10-28T03:57:00.000Z,{12FB336F-CCF2-4F65-B707-5FD62E417CB1}
413359,588789.5944,4018434.9,36.31,-116,2017-10-27,BURRO,PROPERTY DAMAGE ONLY,NYE,Fri Oct 27 00:00:00 PDT 2017,Sun Dec 31 19:10:00 PST 1899,19:10:00,SR160N,2500,N,COUNTRY PLACE RD,CLEAR,-9999,-9999,PDO,O,NON-COLLISION,1,PICKUP,N,73,1,GOING STRAIGHT,APPARENTLY NORMAL,Null,Null,Null,BURRO,Null,Null,Null,Null,Null,Null,Null,Null,Null,Null,Null,Null,DRY,DARK - NO LIGHTING,DRY,NHP,2414186,Null,Null,Null,2017-10-28T02:10:00.000Z,{F7AC213A-E989-4603-9A98-51EB5E7BD84E}
408638,704128.1441,4163231.846,37.59,-114.7,2017-09-01,HORSE,PROPERTY DAMAGE ONLY,LINCOLN,Fri Sep 01 00:00:00 PDT 2017,Sun Dec 31 19:40:00 PST 1899,19:40:00,US93N,500,N,MILE MARKER 83,CLEAR,-9999,-9999,PDO,O,NON-COLLISION,1,PICKUP,S,60,1,GOING STRAIGHT,APPARENTLY NORMAL,Null,Null,Null,HORSE,Null,Null,Null,Null,Null,Null,Null,Null,Null,Null,Null,Null,DRY,DARK - NO LIGHTING,DRY,NHP,2396981,Null,Null,Null,2017-09-02T02:40:00.000Z,{FDC1AE3E-F02E-46DA-98FB-951EF48DB7D6}
409058,436876.8832,4621769.031,41.75,-117.8,2017-09-01,DEER,PROPERTY DAMAGE ONLY,HUMBOLDT,Fri Sep 01 00:00:00 PDT 2017,Sun Dec 31 20:40:00 PST 1899,20:40:00,US95N,1000,S,MILE MARKER 56,CLEAR,-9999,-9999,PDO,O,NON-COLLISION,1,PICKUP,S,42,1,GOING STRAIGHT,APPARENTLY NORMAL,Null,Null,Null,DEER,Null,Null,Null,Null,Null,Null,Null,Null,Null,Null,Null,Null,DRY,DARK - NO LIGHTING,DRY,NHP,2396985,Null,Null,Null,2017-09-02T03:40:00.000Z,{76990025-04C5-4FB6-B376-51BB0D3E9176}
410351,591089.0282,4368529.116,39.46,-115.9,2017-09-01,DEER,PROPERTY DAMAGE ONLY,EUREKA,Fri Sep 01 00:00:00 PDT 2017,Sun Dec 31 20:00:00 PST 1899,20:00:00,US50,0,Null,MILE MARKER 41,CLEAR,-9999,-9999,PDO,O,NON-COLLISION,1,CARRY-ALL,E,61,1,GOING STRAIGHT,APPARENTLY NORMAL,Null,OBJECT AVOIDANCE,Null,DEER,Null,Null,Null,Null,Null,Null,Null,Null,Null,Null,Null,Null,DRY,DARK - NO LIGHTING,DRY,NHP,2396987,Null,Null,Null,2017-09-02T03:00:00.000Z,{1B928F33-7446-4E16-8533-008240A63067}
410613,592235.4573,4619586.598,41.72,-115.9,2017-09-01,DEER,PROPERTY DAMAGE ONLY,ELKO,Fri Sep 01 00:00:00 PDT 2017,Sun Dec 31 20:40:00 PST 1899,20:40:00,SR225,0,Null,MILE MARKER 100,CLEAR,-9999,-9999,PDO,O,NON-COLLISION,1,PICKUP,S,49,1,GOING STRAIGHT,UNKNOWN,Null,UNKNOWN,Null,DEER,Null,Null,Null,Null,Null,Null,Null,Null,Null,Null,Null,Null,DRY,DARK - NO LIGHTING,DRY,NHP,2396990,Null,Null,Null,2017-09-02T03:40:00.000Z,{5C48949E-15AB-4EF8-B7B0-AAA8FC739141}
408835,722329.1579,4173126.17,37.68,-114.5,2017-09-08,DEER,PROPERTY DAMAGE ONLY,LINCOLN,Fri Sep 08 00:00:00 PDT 2017,Sun Dec 31 20:48:00 PST 1899,20:48:00,US93N,1000,N,MILE MARKER 99,CLOUDY,-9999,-9999,PDO,O,NON-COLLISION,1,PICKUP,S,25,1,GOING STRAIGHT,APPARENTLY NORMAL,Null,Null,Null,DEER,Null,Null,Null,Null,Null,Null,Null,Null,Null,Null,Null,Null,DRY,DARK - NO LIGHTING,DRY,NHP,2397405,Null,Null,Null,2017-09-09T03:48:00.000Z,{C99E1DD2-6D24-4E07-B897-AEF7C15707BB}
409647,257330.6029,4346723.528,39.24,-119.8,2017-09-08,DEER,PROPERTY DAMAGE ONLY,WASHOE,Fri Sep 08 00:00:00 PDT 2017,Sun Dec 31 04:35:00 PST 1899,4:35:00,IR580S,40,S,MILE MARKER 2,CLEAR,-9999,-9999,PDO,O,NON-COLLISION,1,"SEDAN, 4 DOOR",S,40,2,GOING STRAIGHT,APPARENTLY NORMAL,Null,RAN OFF ROAD,Null,DEER: RAN OFF ROAD LEFT,Null,Null,Null,Null,Null,Null,Null,Null,Null,Null,Null,Null,DRY,DAYLIGHT,DRY,NHP,2397336,Null,Null,Null,2017-09-08T11:35:00.000Z,{2D1E4B18-C2B1-4F9F-B1FF-062DA93AD038}
407937,521653.7821,4084569.566,36.91,-116.8,2017-09-08,BURRO,PROPERTY DAMAGE ONLY,NYE,Fri Sep 08 00:00:00 PDT 2017,Sun Dec 31 20:36:00 PST 1899,20:36:00,US95N,20,N,MCDONALD ST,RAIN,-9999,-9999,PDO,O,NON-COLLISION,1,"TRACTOR TRUCK, GASOLINE",S,39,1,GOING STRAIGHT,APPARENTLY NORMAL,Null,Null,Null,BURRO,Null,Null,Null,Null,Null,Null,Null,Null,Null,Null,Null,Null,DRY,DARK - SPOT LIGHTING,DRY,NYSO,2400266,Null,Null,Null,2017-09-09T03:36:00.000Z,{E6CA47FE-1F15-447E-9BDF-64EEC4129EBA}
410668,351429.2093,4362675.347,39.4,-118.7,2017-09-15,OTHER ANIMAL,PROPERTY DAMAGE ONLY,CHURCHILL,Fri Sep 15 00:00:00 PDT 2017,Sun Dec 31 04:38:00 PST 1899,4:38:00,SR120,500,W,SR119,CLEAR,-9999,-9999,PDO,O,NON-COLLISION,1,"TRACTOR TRUCK, DIESEL",E,58,1,GOING STRAIGHT,APPARENTLY NORMAL,Null,UNKNOWN,Null,OTHER ANIMAL,Null,Null,Null,Null,Null,Null,Null,Null,Null,Null,Null,Null,DRY,DARK - NO LIGHTING,DRY,NHP,2397722,Null,Null,Null,2017-09-15T11:38:00.000Z,{12873E6B-2D8D-48F0-BA66-85E3FFAB061F}
408420,709680.2178,4242519.261,38.31,-114.6,2017-09-15,ELK,PROPERTY DAMAGE ONLY,LINCOLN,Fri Sep 15 00:00:00 PDT 2017,Sun Dec 31 19:30:00 PST 1899,19:30:00,US93N,399,S,MILE MARKER 147,CLEAR,-9999,-9999,PDO,O,NON-COLLISION,1,UTILITY,S,53,1,GOING STRAIGHT,APPARENTLY NORMAL,Null,Null,Null,ELK: RAN OFF ROAD LEFT,Null,Null,Null,Null,Null,Null,Null,Null,Null,Null,Null,Null,DRY,DARK - NO LIGHTING,DRY,NHP,2397779,Null,Null,Null,2017-09-16T02:30:00.000Z,{543DD42A-0FD3-405F-A0EB-8D2E761CDFF4}
409205,667442.1111,4126204.49,37.27,-115.1,2017-09-15,ELK,PROPERTY DAMAGE ONLY,LINCOLN,Fri Sep 15 00:00:00 PDT 2017,Sun Dec 31 19:05:00 PST 1899,19:05:00,US93N,1052,N,MILE MARKER 31,CLEAR,-9999,-9999,PDO,O,NON-COLLISION,1,"SEDAN, 4 DOOR",N,36,1,GOING STRAIGHT,APPARENTLY NORMAL,Null,Null,Null,ELK,Null,Null,Null,Null,Null,Null,Null,Null,Null,Null,Null,Null,DRY,DARK - NO LIGHTING,DRY,NHP,2397816,Null,Null,Null,2017-09-16T02:05:00.000Z,{F70D3AA1-A612-4057-8AEB-6D9FD9DABE0B}
408903,602280.5496,4047964.587,36.57,-115.9,2017-09-15,DOG/COYOTE,PROPERTY DAMAGE ONLY,CLARK,Fri Sep 15 00:00:00 PDT 2017,Sun Dec 31 21:37:00 PST 1899,21:37:00,US95S,500,S,MILE MARKER 130,CLEAR,-9999,-9999,PDO,O,NON-COLLISION,1,"HATCHBACK, 4 DOOR",S,71,2,GOING STRAIGHT,APPARENTLY NORMAL,Null,Null,Null,DOG/COYOTE,Null,Null,Null,Null,Null,Null,Null,Null,Null,Null,Null,Null,DRY,DARK - NO LIGHTING,DRY,NHP,2397789,Null,Null,Null,2017-09-16T04:37:00.000Z,{EB85FA28-3532-4E28-9603-44CF27AEBB3B}
408827,619319.0793,4508884.953,40.72,-115.6,2017-09-15,DEER,PROPERTY DAMAGE ONLY,ELKO,Fri Sep 15 00:00:00 PDT 2017,Sun Dec 31 20:43:00 PST 1899,20:43:00,SR227,1000,N,PALACE PKWY,CLOUDY,-9999,-9999,PDO,O,NON-COLLISION,1,"SEDAN, 4 DOOR",N,20,1,GOING STRAIGHT,APPARENTLY NORMAL,Null,Null,Null,DEER,Null,Null,Null,Null,Null,Null,Null,Null,Null,Null,Null,Null,DRY,DARK - NO LIGHTING,DRY,NHP,2397781,Null,Null,Null,2017-09-16T03:43:00.000Z,{09972EB6-4462-4C3A-B96F-FDA65ADED8C4}
411279,267787.1828,4342227.464,39.2,-119.7,2017-09-22,HORSE,PROPERTY DAMAGE ONLY,CARSON CITY,Fri Sep 22 00:00:00 PDT 2017,Sun Dec 31 06:07:00 PST 1899,6:07:00,US50,1200,W,MILE MARKER 16,CLEAR,-9999,-9999,PDO,O,NON-COLLISION,1,UTILITY,E,52,1,GOING STRAIGHT,APPARENTLY NORMAL,Null,OBJECT AVOIDANCE,Null,HORSE,Null,Null,Null,Null,Null,Null,Null,Null,Null,Null,Null,Null,DRY,DARK - NO LIGHTING,DRY,NHP,2398129,Null,Null,Null,2017-09-22T13:07:00.000Z,{B049E075-9123-4104-9EC5-61AA4E54501A}
408051,400861.2738,4254614.215,38.43,-118.1,2017-09-22,CATTLE,PROPERTY DAMAGE ONLY,MINERAL,Fri Sep 22 00:00:00 PDT 2017,Sun Dec 31 23:17:00 PST 1899,23:17:00,US95N,800,N,MILE MARKER 19,CLEAR,-9999,-9999,PDO,O,NON-COLLISION,1,"TRACTOR TRUCK, DIESEL",N,60,1,GOING STRAIGHT,APPARENTLY NORMAL,Null,OBJECT AVOIDANCE,Null,CATTLE,Null,Null,Null,Null,Null,Null,Null,Null,Null,Null,Null,Null,DRY,DARK - NO LIGHTING,DRY,NHP,2398204,Null,Null,Null,2017-09-23T06:17:00.000Z,{C378550F-496A-42AE-8A84-5DE9BC4DE4F2}
411013,260181.0763,4384100.664,39.57,-119.8,2017-09-29,OTHER ANIMAL,PROPERTY DAMAGE ONLY,WASHOE,Fri Sep 29 00:00:00 PDT 2017,Sun Dec 31 16:59:00 PST 1899,16:59:00,RAGGIO PKWY E,500,S,DANDINI BLVD,CLOUDY,-9999,-9999,PDO,O,NON-COLLISION,1,"HARDTOP, 2 DOOR",N,20,1,OTHER,APPARENTLY NORMAL,Null,OBJECT AVOIDANCE,Null,OTHER ANIMAL,Null,Null,Null,Null,Null,Null,Null,Null,Null,Null,Null,Null,DRY,DAYLIGHT,DRY,UNRPD,2401376,Null,Null,Null,2017-09-29T23:59:00.000Z,{51A80C9C-3D04-4B56-8CDE-1982AEC2D6FB}
409275,719700.0736,4166014.975,37.62,-114.5,2017-09-29,DEER,PROPERTY DAMAGE ONLY,LINCOLN,Fri Sep 29 00:00:00 PDT 2017,Sun Dec 31 19:13:00 PST 1899,19:13:00,US93N,1000,N,MILE MARKER 94,CLOUDY,-9999,-9999,PDO,O,NON-COLLISION,1,VAN,N,50,1,GOING STRAIGHT,APPARENTLY NORMAL,Null,Null,Null,DEER,Null,Null,Null,Null,Null,Null,Null,Null,Null,Null,Null,Null,DRY,DARK - NO LIGHTING,DRY,NHP,2398570,Null,Null,Null,2017-09-30T02:13:00.000Z,{A115A969-C430-4DE8-8B94-840446148988}
409294,726363.43,4181753.429,37.76,-114.4,2017-09-29,DEER,PROPERTY DAMAGE ONLY,LINCOLN,Fri Sep 29 00:00:00 PDT 2017,Sun Dec 31 19:20:00 PST 1899,19:20:00,US93N,1000,N,MILE MARKER 105,CLOUDY,-9999,-9999,PDO,O,NON-COLLISION,1,PICKUP,N,40,1,GOING STRAIGHT,APPARENTLY NORMAL,Null,Null,Null,DEER,Null,Null,Null,Null,Null,Null,Null,Null,Null,Null,Null,Null,DRY,DARK - NO LIGHTING,DRY,NHP,2398572,Null,Null,Null,2017-09-30T02:20:00.000Z,{D8EEE754-80E0-44DC-AC62-DB6FA3F28098}
398873,481172.5407,4147995.576,37.48,-117.2,2017-09-29,CATTLE,PROPERTY DAMAGE ONLY,ESMERALDA,Fri Sep 29 00:00:00 PDT 2017,Sun Dec 31 20:42:00 PST 1899,20:42:00,SR266,400,E,MILE MARKER 38,CLEAR,-9999,-9999,PDO,O,NON-COLLISION,1,SEDAN,W,-9999,-9999,GOING STRAIGHT,APPARENTLY NORMAL,Null,UNKNOWN,Null,CATTLE,Null,Null,Null,Null,Null,Null,Null,Null,Null,Null,Null,Null,Null,Null,Null,ESSO,2388003,Null,Null,Null,2017-09-30T03:42:00.000Z,{23ACC1CE-D939-42C1-89EF-49BB46843167}
408019,440816.7578,4647324.436,41.98,-117.7,2017-09-29,CATTLE,PROPERTY DAMAGE ONLY,HUMBOLDT,Fri Sep 29 00:00:00 PDT 2017,Sun Dec 31 19:05:00 PST 1899,19:05:00,US95N,900,N,MILE MARKER 72,CLEAR,-9999,-9999,PDO,O,NON-COLLISION,1,"SEDAN, 4 DOOR",N,32,1,GOING STRAIGHT,APPARENTLY NORMAL,Null,OBJECT AVOIDANCE,Null,CATTLE,Null,Null,Null,Null,Null,Null,Null,Null,Null,Null,Null,Null,DRY,DARK - NO LIGHTING,DRY,NHP,2398576,Null,Null,Null,2017-09-30T02:05:00.000Z,{D90646D6-0C81-4FD7-911C-49C68EF84A88}
409225,272571.8035,4413342.345,39.84,-119.7,2017-09-29,CATTLE,PROPERTY DAMAGE ONLY,WASHOE,Fri Sep 29 00:00:00 PDT 2017,Sun Dec 31 02:37:00 PST 1899,2:37:00,SR445,1056,N,MILE MARKER 22,CLEAR,-9999,-9999,PDO,O,NON-COLLISION,1,SEDAN,S,51,1,GOING STRAIGHT,APPARENTLY NORMAL,Null,Null,Null,CATTLE,Null,Null,Null,Null,Null,Null,Null,Null,Null,Null,Null,Null,DRY,DARK - NO LIGHTING,DRY,NHP,2398505,Null,Null,Null,2017-09-29T09:37:00.000Z,{22486E21-E6AA-46AB-A1B8-1359E3E4DE9F}
413302,752075.1876,4180456.358,37.74,-114.1,2017-04-03,ELK,PROPERTY DAMAGE ONLY,LINCOLN,Mon Apr 03 00:00:00 PDT 2017,Sun Dec 31 20:59:00 PST 1899,20:59:00,SR319,100,W,MILE MARKER 66,CLOUDY,-9999,-9999,PDO,O,NON-COLLISION,1,"SEDAN, 4 DOOR",W,18,1,GOING STRAIGHT,APPARENTLY NORMAL,Null,Null,Null,ELK,Null,Null,Null,Null,Null,Null,Null,Null,Null,Null,Null,Null,DRY,DARK - NO LIGHTING,DRY,NHP,2379245,Null,Null,Null,2017-04-04T03:59:00.000Z,{DDC86C4B-2A4D-4C60-BB47-CE749AFE4B2B}
390170,340811.0002,4371583.927,39.48,-118.9,2017-04-03,DEER,PROPERTY DAMAGE ONLY,CHURCHILL,Mon Apr 03 00:00:00 PDT 2017,Sun Dec 31 21:36:00 PST 1899,21:36:00,SR715,2000,N,ALCORN RD,CLEAR,-9999,-9999,PDO,O,NON-COLLISION,1,SEDAN,S,22,1,GOING STRAIGHT,APPARENTLY NORMAL,Null,UNKNOWN,Null,DEER,Null,Null,Null,Null,Null,Null,Null,Null,Null,Null,Null,Null,DRY,DARK - NO LIGHTING,DRY,NHP,2379247,Null,Null,Null,2017-04-04T04:36:00.000Z,{FE38FAAC-E502-4A45-B308-1F1D4A101FAA}
390709,260944.5389,4306194.689,38.87,-119.8,2017-04-10,OTHER ANIMAL,INJURY CRASH,DOUGLAS,Mon Apr 10 00:00:00 PDT 2017,Sun Dec 31 22:00:00 PST 1899,22:00:00,HERITAGE LN,100,E,MUDLAKE RD,CLEAR,-9999,1,Null,C,NON-COLLISION,1,UNKNOWN,W,30,-9999,NOT REPORTED,HAD BEEN DRINKING: OTHER IMPROPER DRIVING,Null,DRIVING TOO FAST FOR CONDITIONS: RAN OFF ROAD: OBJECT AVOIDANCE,Null,"OTHER ANIMAL: RAN OFF ROAD RIGHT: OTHER POST, POLE OR SUPPORT: TREE/SHRUB",Null,Null,Null,Null,Null,Null,Null,Null,Null,Null,Null,Null,ICE,DARK - NO LIGHTING,ICE,DCSO,2372808,Null,Null,Null,2017-04-11T05:00:00.000Z,{5BA6B3C8-CDF5-44CC-B396-68196188F160}
384976,717636.9812,4165904.661,37.61,-114.5,2017-04-10,ELK,PROPERTY DAMAGE ONLY,LINCOLN,Mon Apr 10 00:00:00 PDT 2017,Sun Dec 31 02:00:00 PST 1899,2:00:00,US93N,2112,N,SR317,CLEAR,-9999,-9999,PDO,O,NON-COLLISION,1,PICKUP,N,64,1,GOING STRAIGHT,APPARENTLY NORMAL,Null,Null,Null,ELK,Null,Null,Null,Null,Null,Null,Null,Null,Null,Null,Null,Null,DRY,DARK - NO LIGHTING,DRY,NHP,2379568,Null,Null,Null,2017-04-10T09:00:00.000Z,{C9852B99-92AE-455B-89CE-C2ECC97D18D1}