OBJECTID,X,Y,Latitude,Longitude,Date,AnimalType,Crash_Seve,County,Crash_Date_Original,Crash_Time_Original,Crash_Time,Primary_St,Distance,Dir,Secondary_,Weather,Fatalities,Injured,Property_D,Injury_Typ,Crash_Type,Total_Vehi,V1_Type,V1_Dir,V1_Driver_,V1_Lane_Nu,V1_Action,V1_Driver1,V1_Drive_1,V1_Vehicle,V1_Most_Ha,V1_All_Eve,V2_Type,V2_Dir,V2_Driver_,V2_Lane_Nu,V2_Action,V2_Driver1,V2_Drive_1,V2_Vehicle,V2_Most_Ha,V2_All_Eve,First_Harm,Nonmotoris,Factors_Ro,Lighting,HWY_Factor,Agency,Accident_R,Pedalcycli,Pedestrian,Motorcycli,CrashDateT,GlobalID
386855,326553.4118,4373226.103,39.49,-119,2017-04-10,DEER,PROPERTY DAMAGE ONLY,CHURCHILL,Mon Apr 10 00:00:00 PDT 2017,Sun Dec 31 20:49:00 PST 1899,20:49:00,US50,1800,E,CADET RD,CLEAR,-9999,-9999,PDO,O,NON-COLLISION,1,PICKUP,W,23,1,GOING STRAIGHT,APPARENTLY NORMAL,Null,UNKNOWN,Null,DEER,Null,Null,Null,Null,Null,Null,Null,Null,Null,Null,Null,Null,DRY,DARK - NO LIGHTING,DRY,NHP,2379619,Null,Null,Null,2017-04-11T03:49:00.000Z,{E594BBEA-08FF-4B62-9D1E-ED4DFC7902E3}
390314,354846.241,4268802.703,38.56,-118.7,2017-04-10,DEER,PROPERTY DAMAGE ONLY,MINERAL,Mon Apr 10 00:00:00 PDT 2017,Sun Dec 31 17:47:00 PST 1899,17:47:00,US95N,750,N,MILE MARKER 53,CLEAR,-9999,-9999,PDO,O,NON-COLLISION,1,"TRACTOR TRUCK, GASOLINE",S,23,1,NOT REPORTED,APPARENTLY NORMAL,Null,FAILURE TO KEEP IN PROPER LANE OR RUNNING OFF ROAD: OVER-CORRECTING/OVER-STEERING: RAN OFF ROAD: UNSAFE LANE CHANGE: OBJECT AVOIDANCE,Null,DEER: RAN OFF ROAD RIGHT: RAN OFF ROAD LEFT,Null,Null,Null,Null,Null,Null,Null,Null,Null,Null,Null,Null,DRY,DUSK,DRY,NHP,2379616,Null,Null,Null,2017-04-11T00:47:00.000Z,{7EE1449F-42F8-4883-B1FC-046A5EDAE456}
384133,625550.8016,4153615.079,37.52,-115.6,2017-04-10,CATTLE,PROPERTY DAMAGE ONLY,LINCOLN,Mon Apr 10 00:00:00 PDT 2017,Sun Dec 31 00:12:00 PST 1899,0:12:00,SR375,1500,W,MILE MARKER 23,CLOUDY,-9999,-9999,PDO,O,NON-COLLISION,1,PICKUP,W,37,1,GOING STRAIGHT,APPARENTLY NORMAL,Null,Null,Null,CATTLE,Null,Null,Null,Null,Null,Null,Null,Null,Null,Null,Null,Null,DRY,DARK - NO LIGHTING,DRY,NHP,2379564,Null,Null,Null,2017-04-10T07:12:00.000Z,{FD7EB2CD-4805-4A89-97F1-85159F781480}
387971,671206.4514,4246780.837,38.35,-115,2017-04-17,ELK,PROPERTY DAMAGE ONLY,NYE,Mon Apr 17 00:00:00 PDT 2017,Sun Dec 31 22:43:00 PST 1899,22:43:00,SR318,1500,S,MILE MARKER 14,CLOUDY,-9999,-9999,PDO,O,NON-COLLISION,1,"TRACTOR TRUCK, DIESEL",S,39,1,GOING STRAIGHT,APPARENTLY NORMAL,Null,OBJECT AVOIDANCE,Null,ELK,Null,Null,Null,Null,Null,Null,Null,Null,Null,Null,Null,Null,DRY,DARK - NO LIGHTING,DRY,NHP,2379972,Null,Null,Null,2017-04-18T05:43:00.000Z,{6F836127-B387-4D78-8875-43267D3BAABA}
389914,419335.0116,4301178.736,38.86,-117.9,2017-04-17,CATTLE,PROPERTY DAMAGE ONLY,NYE,Mon Apr 17 00:00:00 PDT 2017,Sun Dec 31 21:40:00 PST 1899,21:40:00,SR361,200,S,MILE MARKER 8,CLEAR,-9999,-9999,PDO,O,NON-COLLISION,1,UTILITY,N,88,1,GOING STRAIGHT,APPARENTLY NORMAL,Null,OBJECT AVOIDANCE,Null,CATTLE,Null,Null,Null,Null,Null,Null,Null,Null,Null,Null,Null,Null,DRY,DARK - NO LIGHTING,DRY,NHP,2379970,Null,Null,Null,2017-04-18T04:40:00.000Z,{14243404-0957-431D-A7F0-1C9B58F617CD}
399000,392899.6844,4591152.271,41.46,-118.3,2017-08-07,ANTELOPE,INJURY CRASH,HUMBOLDT,Mon Aug 07 00:00:00 PDT 2017,Sun Dec 31 06:50:00 PST 1899,6:50:00,SAND PASS RD,244,N,SR140,CLEAR,-9999,1,Null,C,NON-COLLISION,1,GARBAGE OR REFUSE,S,55,-9999,OTHER,APPARENTLY NORMAL,Null,DROVE LEFT OF CENTER,Null,ANTELOPE: RAN OFF ROAD LEFT: OVERTURN/ROLLOVER,Null,Null,Null,Null,Null,Null,Null,Null,Null,Null,Null,Null,SNOW,DAYLIGHT,SNOW,HUSO,2388058,Null,Null,Null,2017-08-07T13:50:00.000Z,{6A62E1FE-F9C9-466A-B68C-DC0C8A5D5822}
406233,394529.2033,4348909.522,39.28,-118.2,2017-08-14,OTHER ANIMAL,INJURY CRASH,CHURCHILL,Mon Aug 14 00:00:00 PDT 2017,Sun Dec 31 05:26:00 PST 1899,5:26:00,US50,1320,E,MILE MARKER 57,CLEAR,-9999,1,Null,B,NON-COLLISION,1,"HARDTOP, 4 DOOR",E,30,-9999,GOING STRAIGHT,APPARENTLY NORMAL,Null,DROVE LEFT OF CENTER,Null,OTHER ANIMAL: RAN OFF ROAD LEFT: OVERTURN/ROLLOVER,Null,Null,Null,Null,Null,Null,Null,Null,Null,Null,Null,Null,DRY,DARK - NO LIGHTING,DRY,NHP,2395896,Null,Null,Null,2017-08-14T12:26:00.000Z,{B18ECB31-432F-48A9-A638-ABEBA5902FE5}
405701,302033.7724,4362488.257,39.39,-119.3,2017-08-14,HORSE,PROPERTY DAMAGE ONLY,LYON,Mon Aug 14 00:00:00 PDT 2017,Sun Dec 31 05:20:00 PST 1899,5:20:00,US50,150,E,MILE MARKER 25,CLOUDY,-9999,-9999,PDO,O,NON-COLLISION,1,PICKUP,W,37,1,GOING STRAIGHT,APPARENTLY NORMAL,Null,Null,Null,HORSE,Null,Null,Null,Null,Null,Null,Null,Null,Null,Null,Null,Null,DRY,DARK - NO LIGHTING,DRY,NHP,2395895,Null,Null,Null,2017-08-14T12:20:00.000Z,{65ADCCA7-2E6B-4A12-ADA7-BF9B3C3AD8F2}
406075,576595.2406,4508620.795,40.72,-116.1,2017-08-14,DEER,PROPERTY DAMAGE ONLY,ELKO,Mon Aug 14 00:00:00 PDT 2017,Sun Dec 31 04:40:00 PST 1899,4:40:00,IR80W,2640,E,MILE MARKER 3,CLOUDY,-9999,-9999,PDO,O,NON-COLLISION,1,"SEDAN, 4 DOOR",W,54,-9999,GOING STRAIGHT,APPARENTLY NORMAL,Null,Null,Null,"RAN OFF ROAD RIGHT: OTHER POST, POLE OR SUPPORT",Null,Null,Null,Null,Null,Null,Null,Null,Null,Null,Null,Null,DRY,DARK - UNKNOWN LIGHTING,DRY,NHP,2395894,Null,Null,Null,2017-08-14T11:40:00.000Z,{CC3F8350-FFCB-4890-A300-3A02C48F1691}
409680,592895.5544,4364291.095,39.42,-115.9,2017-08-28,DEER,PROPERTY DAMAGE ONLY,EUREKA,Mon Aug 28 00:00:00 PDT 2017,Sun Dec 31 07:40:00 PST 1899,7:40:00,US50,230,E,MILE MARKER 44,CLEAR,-9999,-9999,PDO,O,NON-COLLISION,1,"SEDAN, 2 DOOR",E,56,1,GOING STRAIGHT,APPARENTLY NORMAL,Null,OBJECT AVOIDANCE,Null,DEER,Null,Null,Null,Null,Null,Null,Null,Null,Null,Null,Null,Null,DRY,DAYLIGHT,DRY,NHP,2396696,Null,Null,Null,2017-08-28T14:40:00.000Z,{5C140A6F-BA75-4B68-AE6F-C35277E83CA8}
417974,433809.5148,4588457.999,41.44,-117.8,2017-12-11,DEER,PROPERTY DAMAGE ONLY,HUMBOLDT,Mon Dec 11 00:00:00 PST 2017,Sun Dec 31 17:56:00 PST 1899,17:56:00,US95N,300,S,MILE MARKER 35,CLEAR,-9999,-9999,PDO,O,NON-COLLISION,1,"HATCHBACK, 2 DOOR",S,34,1,GOING STRAIGHT,APPARENTLY NORMAL,Null,Null,Null,DEER,Null,Null,Null,Null,Null,Null,Null,Null,Null,Null,Null,Null,DRY,DARK - NO LIGHTING,DRY,NHP,2417060,Null,Null,Null,2017-12-12T01:56:00.000Z,{48605A6D-EFB4-4B95-8208-AA7FD4CBF033}
423526,348358.8507,4370076.982,39.47,-118.8,2017-12-11,DEER,PROPERTY DAMAGE ONLY,CHURCHILL,Mon Dec 11 00:00:00 PST 2017,Sun Dec 31 21:34:00 PST 1899,21:34:00,SR115,538,N,BEEGHLY DR,CLEAR,-9999,-9999,PDO,O,NON-COLLISION,1,PICKUP,N,35,1,GOING STRAIGHT,APPARENTLY NORMAL,Null,OBJECT AVOIDANCE,Null,DEER,Null,Null,Null,Null,Null,Null,Null,Null,Null,Null,Null,Null,DRY,DARK - NO LIGHTING,DRY,NHP,2417062,Null,Null,Null,2017-12-12T05:34:00.000Z,{C39388ED-8C76-447B-B7F4-14D4728E1799}
375784,269304.9659,4343841.543,39.21,-119.7,2017-02-06,HORSE,PROPERTY DAMAGE ONLY,LYON,Mon Feb 06 00:00:00 PST 2017,Sun Dec 31 14:15:00 PST 1899,14:15:00,US50,2112,W,MILE MARKER 1,Null,-9999,-9999,PDO,O,NON-COLLISION,1,CARRY-ALL,E,56,2,GOING STRAIGHT,APPARENTLY NORMAL,Null,Null,Null,HORSE,Null,Null,Null,Null,Null,Null,Null,Null,Null,Null,Null,Null,DRY,DAYLIGHT,DRY,NHP,2365004,Null,Null,Null,2017-02-06T22:15:00.000Z,{B44E7F3D-2455-4655-967A-C8F8FB21A4F9}
376221,275978.2806,4345477.636,39.23,-119.6,2017-02-13,HORSE,PROPERTY DAMAGE ONLY,LYON,Mon Feb 13 00:00:00 PST 2017,Sun Dec 31 18:02:00 PST 1899,18:02:00,US50,12,W,MILE MARKER 5,CLOUDY,-9999,-9999,PDO,O,NON-COLLISION,1,"SEDAN, 4 DOOR",E,57,2,GOING STRAIGHT,APPARENTLY NORMAL,Null,Null,Null,HORSE,Null,Null,Null,Null,Null,Null,Null,Null,Null,Null,Null,Null,DRY,DARK - NO LIGHTING,DRY,NHP,2365424,Null,Null,Null,2017-02-14T02:02:00.000Z,{AD972D8E-9D05-4533-B774-785265383735}
380055,411705.7021,4340736.992,39.21,-118,2017-02-13,CATTLE,PROPERTY DAMAGE ONLY,CHURCHILL,Mon Feb 13 00:00:00 PST 2017,Sun Dec 31 18:20:00 PST 1899,18:20:00,SR361,30,S,MILE MARKER 10,CLEAR,-9999,-9999,PDO,O,NON-COLLISION,1,PICKUP,S,54,1,GOING STRAIGHT,APPARENTLY NORMAL,Null,UNKNOWN,Null,CATTLE,Null,Null,Null,Null,Null,Null,Null,Null,Null,Null,Null,Null,DRY,DARK - NO LIGHTING,DRY,NHP,2365431,Null,Null,Null,2017-02-14T02:20:00.000Z,{B45520DC-3564-4739-892C-CD28BE33FFEB}
376709,260308.5258,4357667.152,39.34,-119.8,2017-02-27,HORSE,PROPERTY DAMAGE ONLY,WASHOE,Mon Feb 27 00:00:00 PST 2017,Sun Dec 31 22:20:00 PST 1899,22:20:00,US395A,2112,S,MILE MARKER 11,CLEAR,-9999,-9999,PDO,O,NON-COLLISION,1,PICKUP,N,30,2,OTHER,APPARENTLY NORMAL,Null,OBJECT AVOIDANCE,Null,HORSE,Null,Null,Null,Null,Null,Null,Null,Null,Null,Null,Null,Null,DRY,DARK - NO LIGHTING,DRY,NHP,2366398,Null,Null,Null,2017-02-28T06:20:00.000Z,{8C1A0D26-E483-4AC3-BF85-ECA61DC09690}
375480,659426.3279,4013329.605,36.25,-115.2,2017-02-27,CATTLE,PROPERTY DAMAGE ONLY,CLARK,Mon Feb 27 00:00:00 PST 2017,Sun Dec 31 15:27:00 PST 1899,15:27:00,JONES BLVD,0,Null,W ROSADA WAY,CLOUDY,-9999,-9999,PDO,O,NON-COLLISION,1,PICKUP,N,-9999,-9999,GOING STRAIGHT,APPARENTLY NORMAL,Null,Null,Null,CATTLE,Null,Null,Null,Null,Null,Null,Null,Null,Null,Null,Null,Null,Null,Null,Null,LVMPD,2363046,Null,Null,Null,2017-02-27T23:27:00.000Z,{DFFB3D6F-D2FC-47E4-9FB5-8B5BC2079DF9}
373675,631099.8519,4015086.719,36.27,-115.5,2017-01-02,DEER,PROPERTY DAMAGE ONLY,CLARK,Mon Jan 02 00:00:00 PST 2017,Sun Dec 31 23:01:00 PST 1899,23:01:00,SR157,600,E,MILE MARKER 7,CLEAR,-9999,-9999,PDO,O,NON-COLLISION,1,"SEDAN, 4 DOOR",E,21,1,OTHER,APPARENTLY NORMAL,Null,OBJECT AVOIDANCE,Null,DEER,Null,Null,Null,Null,Null,Null,Null,Null,Null,Null,Null,Null,DRY,DARK - NO LIGHTING,DRY,NHP,2357728,Null,Null,Null,2017-01-03T07:01:00.000Z,{7D26C89C-BFF5-4B36-9B6F-CEE06460900A}
371919,704235.8746,4163183.313,37.59,-114.7,2017-01-09,HORSE,PROPERTY DAMAGE ONLY,LINCOLN,Mon Jan 09 00:00:00 PST 2017,Sun Dec 31 17:05:00 PST 1899,17:05:00,US93N,100,N,MILE MARKER 83,CLEAR,-9999,-9999,PDO,O,NON-COLLISION,1,"HARDTOP, 4 DOOR",S,64,1,GOING STRAIGHT,APPARENTLY NORMAL,Null,Null,Null,HORSE,Null,Null,Null,Null,Null,Null,Null,Null,Null,Null,Null,Null,DRY,DARK - NO LIGHTING,DRY,NHP,2358208,Null,Null,Null,2017-01-10T01:05:00.000Z,{4736C559-AFAF-452B-9854-C021C9B5186E}
371271,699711.3843,4322537.267,39.03,-114.7,2017-01-09,ELK,PROPERTY DAMAGE ONLY,WHITE PINE,Mon Jan 09 00:00:00 PST 2017,Sun Dec 31 19:02:00 PST 1899,19:02:00,US6,75,E,MILE MARKER 57,CLOUDY,-9999,-9999,PDO,O,NON-COLLISION,1,CARRY-ALL,W,32,1,GOING STRAIGHT,APPARENTLY NORMAL,Null,Null,Null,ELK,Null,Null,Null,Null,Null,Null,Null,Null,Null,Null,Null,Null,DRY,DARK - NO LIGHTING,DRY,NHP,2358215,Null,Null,Null,2017-01-10T03:02:00.000Z,{17A6FCB7-F05E-467F-B4DD-7829A7A752C4}
371993,667457.8467,4330452.731,39.11,-115.1,2017-01-09,ELK,PROPERTY DAMAGE ONLY,WHITE PINE,Mon Jan 09 00:00:00 PST 2017,Sun Dec 31 21:33:00 PST 1899,21:33:00,US6,722,E,MILE MARKER 22,CLOUDY,-9999,-9999,PDO,O,NON-COLLISION,1,CARRY-ALL,W,26,1,GOING STRAIGHT,APPARENTLY NORMAL,Null,Null,Null,ELK,Null,Null,Null,Null,Null,Null,Null,Null,Null,Null,Null,Null,DRY,DARK - NO LIGHTING,DRY,NHP,2358220,Null,Null,Null,2017-01-10T05:33:00.000Z,{CC543F3F-AF47-4999-9E0E-C5B7F54E64D0}
371948,738466.5803,4204416.897,37.96,-114.3,2017-01-09,DEER,PROPERTY DAMAGE ONLY,LINCOLN,Mon Jan 09 00:00:00 PST 2017,Sun Dec 31 16:20:00 PST 1899,16:20:00,SR322,528,W,MILE MARKER 10,CLEAR,-9999,-9999,PDO,O,NON-COLLISION,1,PICKUP,W,67,1,GOING STRAIGHT,APPARENTLY NORMAL,Null,Null,Null,DEER,Null,Null,Null,Null,Null,Null,Null,Null,Null,Null,Null,Null,DRY,DUSK,DRY,NHP,2358229,Null,Null,Null,2017-01-10T00:20:00.000Z,{FCC576FC-D09B-4E14-8419-5B7ED38F3D59}
372657,627177.8531,4028895.943,36.4,-115.6,2017-01-09,DEER,PROPERTY DAMAGE ONLY,CLARK,Mon Jan 09 00:00:00 PST 2017,Sun Dec 31 16:26:00 PST 1899,16:26:00,SR156,500,E,MILE MARKER 9,CLEAR,-9999,-9999,PDO,O,NON-COLLISION,1,"HATCHBACK, 4 DOOR",E,20,1,GOING STRAIGHT,APPARENTLY NORMAL,Null,OBJECT AVOIDANCE,Null,DEER,Null,Null,Null,Null,Null,Null,Null,Null,Null,Null,Null,Null,DRY,DAYLIGHT,DRY,NHP,2358193,Null,Null,Null,2017-01-10T00:26:00.000Z,{12C5ACDF-10AB-432E-8B3B-12B502852F4D}
373387,260112.2045,4357553.898,39.33,-119.8,2017-01-16,HORSE,INJURY CRASH,WASHOE,Mon Jan 16 00:00:00 PST 2017,Sun Dec 31 01:02:00 PST 1899,1:02:00,US395A,2640,N,EASTLAKE BLVD,CLOUDY,-9999,1,Null,C,NON-COLLISION,1,"SEDAN, 4 DOOR",N,22,2,GOING STRAIGHT,APPARENTLY NORMAL,Null,OBJECT AVOIDANCE,Null,HORSE,Null,Null,Null,Null,Null,Null,Null,Null,Null,Null,Null,Null,DRY,DARK - NO LIGHTING,DRY,NHP,2358613,Null,Null,Null,2017-01-16T09:02:00.000Z,{C784F1C0-72CA-49D5-908E-5EDB9D3FD3B7}
370771,345400.2003,4371877.615,39.48,-118.8,2017-01-16,DEER,PROPERTY DAMAGE ONLY,CHURCHILL,Mon Jan 16 00:00:00 PST 2017,Sun Dec 31 17:22:00 PST 1899,17:22:00,COLEMAN RD,1320,E,PEACEFUL WAY,CLEAR,-9999,-9999,PDO,O,NON-COLLISION,1,"SEDAN, 4 DOOR",W,39,-9999,PASSING OTHER VEHICLE,APPARENTLY NORMAL,Null,OBJECT AVOIDANCE,Null,DEER,Null,Null,Null,Null,Null,Null,Null,Null,Null,Null,Null,Null,DRY,DARK - NO LIGHTING,DRY,CHSO,2352959,Null,Null,Null,2017-01-17T01:22:00.000Z,{4973A561-D84B-4DA0-A08F-9900A3C093CE}
371566,673169.3515,4353053.877,39.31,-115,2017-01-16,DEER,PROPERTY DAMAGE ONLY,WHITE PINE,Mon Jan 16 00:00:00 PST 2017,Sun Dec 31 23:45:00 PST 1899,23:45:00,US50,1056,E,MILE MARKER 59,"FOG, SMOG, SMOKE",-9999,-9999,PDO,O,NON-COLLISION,1,PICKUP,E,32,-9999,GOING STRAIGHT,APPARENTLY NORMAL,Null,Null,Null,RAN OFF ROAD RIGHT: FENCE/WALL,Null,Null,Null,Null,Null,Null,Null,Null,Null,Null,Null,Null,DRY,DARK - NO LIGHTING,DRY,NHP,2358651,Null,Null,Null,2017-01-17T07:45:00.000Z,{6D30CCB7-BFB6-4D91-95B4-7B20B4414777}
372093,726857.0881,4195585.82,37.88,-114.4,2017-01-23,DEER,PROPERTY DAMAGE ONLY,LINCOLN,Mon Jan 23 00:00:00 PST 2017,Sun Dec 31 18:16:00 PST 1899,18:16:00,US93N,1000,N,MILE MARKER 114,"BLOWING SAND, SOIL, DIRT, SNOW",-9999,-9999,PDO,O,NON-COLLISION,1,SEDAN,N,47,1,GOING STRAIGHT,APPARENTLY NORMAL,Null,Null,Null,DEER,Null,Null,Null,Null,Null,Null,Null,Null,Null,Null,Null,Null,DRY,DARK - NO LIGHTING,DRY,NHP,2359145,Null,Null,Null,2017-01-24T02:16:00.000Z,{730584A4-DE1F-42FE-8204-1A8DF75E6DBA}
398299,289764.4442,4376688.186,39.51,-119.4,2017-01-30,CATTLE,PROPERTY DAMAGE ONLY,STOREY,Mon Jan 30 00:00:00 PST 2017,Sun Dec 31 18:13:00 PST 1899,18:13:00,USA PKWY,533,E,MILE MARKER 5,CLEAR,-9999,-9999,PDO,O,NON-COLLISION,1,PICKUP,N,57,1,GOING STRAIGHT,APPARENTLY NORMAL,Null,Null,Null,CATTLE: CATTLE: CATTLE,Null,Null,Null,Null,Null,Null,Null,Null,Null,Null,Null,Null,DRY,DARK - NO LIGHTING,DRY,NHP,2359515,Null,Null,Null,2017-01-31T02:13:00.000Z,{5CF07294-6EA1-41A1-A485-4308470CA1D5}
393090,625149.7664,4153935.819,37.52,-115.6,2017-07-03,CATTLE,PROPERTY DAMAGE ONLY,LINCOLN,Mon Jul 03 00:00:00 PDT 2017,Sun Dec 31 01:00:00 PST 1899,1:00:00,SR375,2096,E,MILE MARKER 22,UNKNOWN,-9999,-9999,PDO,O,NON-COLLISION,1,PICKUP,W,55,1,GOING STRAIGHT,APPARENTLY NORMAL,Null,Null,Null,CATTLE,Null,Null,Null,Null,Null,Null,Null,Null,Null,Null,Null,Null,DRY,DARK - NO LIGHTING,DRY,NHP,2384310,Null,Null,Null,2017-07-03T08:00:00.000Z,{9227845C-2712-45B0-8BA6-9C496CD462A3}
403396,286055.8574,4381456.153,39.56,-119.5,2017-07-10,HORSE,PROPERTY DAMAGE ONLY,STOREY,Mon Jul 10 00:00:00 PDT 2017,Sun Dec 31 22:49:00 PST 1899,22:49:00,SR439,1,N,ELECTRIC AVE N,CLEAR,-9999,-9999,PDO,O,NON-COLLISION,1,"SEDAN, 4 DOOR",N,62,1,UNKNOWN,APPARENTLY NORMAL,Null,HIT AND RUN,Null,HORSE,Null,Null,Null,Null,Null,Null,Null,Null,Null,Null,Null,Null,DRY,DARK - NO LIGHTING,DRY,NHP,2393937,Null,Null,Null,2017-07-11T05:49:00.000Z,{309E6CF2-E17C-48EA-A92E-ECEDDCEF35DE}
407645,341996.9289,4369444.44,39.46,-118.8,2017-07-17,DEER,PROPERTY DAMAGE ONLY,CHURCHILL,Mon Jul 17 00:00:00 PDT 2017,Sun Dec 31 08:35:00 PST 1899,8:35:00,SR117,500,W,MILE MARKER 4,CLEAR,-9999,-9999,PDO,O,NON-COLLISION,1,PICKUP,E,56,1,GOING STRAIGHT,APPARENTLY NORMAL,Null,UNKNOWN,Null,DEER,Null,Null,Null,Null,Null,Null,Null,Null,Null,Null,Null,Null,DRY,DAYLIGHT,DRY,NHP,2394263,Null,Null,Null,2017-07-17T15:35:00.000Z,{87F3BB1C-476E-4FD3-8C0F-4597E92AA716}
402269,263005.4579,4312835.719,38.93,-119.7,2017-07-24,DEER,PROPERTY DAMAGE ONLY,DOUGLAS,Mon Jul 24 00:00:00 PDT 2017,Sun Dec 31 10:01:00 PST 1899,10:01:00,US395N,134,S,STODICK PY,CLOUDY,-9999,-9999,PDO,O,NON-COLLISION,1,CARRY-ALL,N,-9999,-9999,GOING STRAIGHT,APPARENTLY NORMAL,Null,OBJECT AVOIDANCE,Null,DEER,Null,Null,Null,Null,Null,Null,Null,Null,Null,Null,Null,Null,Null,Null,Null,DCSO,2387548,Null,Null,Null,2017-07-24T17:01:00.000Z,{4DF354CC-8D40-473F-89DF-3A3552F0C103}
405411,261036.8297,4341890.311,39.19,-119.8,2017-07-24,DEER,PROPERTY DAMAGE ONLY,CARSON CITY,Mon Jul 24 00:00:00 PDT 2017,Sun Dec 31 01:00:00 PST 1899,1:00:00,IR580S,0,Null,MILE MARKER 7,CLOUDY,-9999,-9999,PDO,O,NON-COLLISION,1,"SEDAN, 4 DOOR",S,22,1,GOING STRAIGHT,UNKNOWN,Null,Null,Null,DEER,Null,Null,Null,Null,Null,Null,Null,Null,Null,Null,Null,Null,DRY,DARK - NO LIGHTING,DRY,NHP,2394690,Null,Null,Null,2017-07-24T08:00:00.000Z,{C54ED3C8-CB27-4E32-A7CB-18FF01556F84}
399586,253529.8778,4313890.729,38.94,-119.8,2017-07-31,DEER,PROPERTY DAMAGE ONLY,DOUGLAS,Mon Jul 31 00:00:00 PDT 2017,Sun Dec 31 20:13:00 PST 1899,20:13:00,SR206,100,S,HANSON LN,CLEAR,-9999,-9999,PDO,O,NON-COLLISION,1,CARRY-ALL,N,-9999,-9999,GOING STRAIGHT,APPARENTLY NORMAL,Null,UNKNOWN,Null,DEER,Null,Null,Null,Null,Null,Null,Null,Null,Null,Null,Null,Null,Null,Null,Null,DCSO,2387556,Null,Null,Null,2017-08-01T03:13:00.000Z,{A7BE2DDF-F95B-4E6B-BDE4-0FA220C94B80}
408548,588193.582,4019157.649,36.31,-116,2017-07-31,BURRO,PROPERTY DAMAGE ONLY,NYE,Mon Jul 31 00:00:00 PDT 2017,Sun Dec 31 21:09:00 PST 1899,21:09:00,SR160,200,N,LESLIE ST,CLEAR,-9999,-9999,PDO,O,NON-COLLISION,1,UTILITY,S,-9999,-9999,GOING STRAIGHT,APPARENTLY NORMAL,Null,Null,Null,BURRO,Null,Null,Null,Null,Null,Null,Null,Null,Null,Null,Null,Null,Null,Null,Null,NYSO,2400236,Null,Null,Null,2017-08-01T04:09:00.000Z,{6AFA27CF-BDF6-4EFB-AF8D-AEA9AB4DFBBD}
395500,648926.8517,3988995.727,36.03,-115.3,2017-06-12,BURRO,PROPERTY DAMAGE ONLY,CLARK,Mon Jun 12 00:00:00 PDT 2017,Sun Dec 31 03:32:00 PST 1899,3:32:00,SR160,300,W,W COUGAR AVE,CLEAR,-9999,-9999,PDO,O,NON-COLLISION,1,PICKUP,E,56,1,GOING STRAIGHT,APPARENTLY NORMAL,Null,OBJECT AVOIDANCE,Null,BURRO,Null,Null,Null,Null,Null,Null,Null,Null,Null,Null,Null,Null,DRY,DARK - NO LIGHTING,DRY,NHP,2383067,Null,Null,Null,2017-06-12T10:32:00.000Z,{6F91B90B-FC58-4B2F-9E82-C06A3B77F07E}
381867,471863.9672,4220938.713,38.14,-117.3,2017-03-06,CATTLE,PROPERTY DAMAGE ONLY,ESMERALDA,Mon Mar 06 00:00:00 PST 2017,Sun Dec 31 18:49:00 PST 1899,18:49:00,POLE LINE RD,15840,N,US6,CLEAR,-9999,-9999,PDO,O,NON-COLLISION,1,SEDAN,E,37,1,GOING STRAIGHT,APPARENTLY NORMAL,Null,DRIVING TOO FAST FOR CONDITIONS,Null,CATTLE: RAN OFF ROAD LEFT,Null,Null,Null,Null,Null,Null,Null,Null,Null,Null,Null,Null,DRY,DARK - NO LIGHTING,DRY,NHP,2366804,Null,Null,Null,2017-03-07T02:49:00.000Z,{D66D2E82-95AC-4F30-9A11-619A045D1AE6}
380602,508039.0381,4217807.99,38.11,-116.9,2017-03-13,OTHER ANIMAL,PROPERTY DAMAGE ONLY,NYE,Mon Mar 13 00:00:00 PDT 2017,Sun Dec 31 22:00:00 PST 1899,22:00:00,US6,528,W,MILE MARKER 20,CLEAR,-9999,-9999,PDO,O,NON-COLLISION,1,UTILITY,W,32,1,GOING STRAIGHT,APPARENTLY NORMAL,Null,UNKNOWN,Null,OTHER ANIMAL,Null,Null,Null,Null,Null,Null,Null,Null,Null,Null,Null,Null,DRY,DARK - NO LIGHTING,DRY,NHP,2367152,Null,Null,Null,2017-03-14T05:00:00.000Z,{D7B550EE-205F-4CC2-8FA4-AD28D5CFC828}
375791,265398.9144,4387786.909,39.61,-119.7,2017-03-13,DOG/COYOTE,PROPERTY DAMAGE ONLY,WASHOE,Mon Mar 13 00:00:00 PDT 2017,Sun Dec 31 04:21:00 PST 1899,4:21:00,SR445,300,S,SPARKS BLVD,CLEAR,-9999,-9999,PDO,O,NON-COLLISION,1,COUPE,S,60,1,GOING STRAIGHT,APPARENTLY NORMAL,Null,Null,Null,DOG/COYOTE,Null,Null,Null,Null,Null,Null,Null,Null,Null,Null,Null,Null,DRY,DARK - UNKNOWN LIGHTING,DRY,NHP,2367107,Null,Null,Null,2017-03-13T11:21:00.000Z,{00C906D1-D71B-412A-AFE4-AF295BCE5167}