OBJECTID,X,Y,Latitude,Longitude,Date,AnimalType,Crash_Seve,County,Crash_Date_Original,Crash_Time_Original,Crash_Time,Primary_St,Distance,Dir,Secondary_,Weather,Fatalities,Injured,Property_D,Injury_Typ,Crash_Type,Total_Vehi,V1_Type,V1_Dir,V1_Driver_,V1_Lane_Nu,V1_Action,V1_Driver1,V1_Drive_1,V1_Vehicle,V1_Most_Ha,V1_All_Eve,V2_Type,V2_Dir,V2_Driver_,V2_Lane_Nu,V2_Action,V2_Driver1,V2_Drive_1,V2_Vehicle,V2_Most_Ha,V2_All_Eve,First_Harm,Nonmotoris,Factors_Ro,Lighting,HWY_Factor,Agency,Accident_R,Pedalcycli,Pedestrian,Motorcycli,CrashDateT,GlobalID
376813,666944.4915,4006150.393,36.19,-115.1,2017-03-13,DOG/COYOTE,PROPERTY DAMAGE ONLY,CLARK,Mon Mar 13 00:00:00 PDT 2017,Sun Dec 31 07:11:00 PST 1899,7:11:00,IR15N,50,N,SR578 W/E TO IR15N INT43,CLEAR,-9999,-9999,PDO,O,NON-COLLISION,1,PICKUP,N,26,5,GOING STRAIGHT,APPARENTLY NORMAL,Null,OVER-CORRECTING/OVER-STEERING: MECHANICAL DEFECTS: ROAD DEFECT,Null,"EQUIPMENT FAILURE (BLOWN TIRE, BRAKE FAILURE, ETC.): DOG/COYOTE",Null,Null,Null,Null,Null,Null,Null,Null,Null,Null,Null,Null,DRY,DAYLIGHT,DRY,NHP,2367110,Null,Null,Null,2017-03-13T14:11:00.000Z,{4AA27B05-E8AF-43E1-980F-00C86E697CC5}
374806,249410.4435,4390338,39.63,-119.9,2017-03-13,DEER,PROPERTY DAMAGE ONLY,WASHOE,Mon Mar 13 00:00:00 PDT 2017,Sun Dec 31 10:05:00 PST 1899,10:05:00,US395S,1000,N,MILE MARKER 36.255,CLEAR,-9999,-9999,PDO,O,NON-COLLISION,1,CARRY-ALL,S,35,1,GOING STRAIGHT,APPARENTLY NORMAL,Null,OBJECT AVOIDANCE,Null,DEER: RAN OFF ROAD LEFT,Null,Null,Null,Null,Null,Null,Null,Null,Null,Null,Null,Null,DRY,DAYLIGHT,DRY,NHP,2367126,Null,Null,Null,2017-03-13T17:05:00.000Z,{C1BFA794-6EA4-418F-8A81-2B344D0C2FA4}
375495,701370.6875,4548924.808,41.07,-114.6,2017-03-13,DEER,PROPERTY DAMAGE ONLY,ELKO,Mon Mar 13 00:00:00 PDT 2017,Sun Dec 31 10:50:00 PST 1899,10:50:00,IR80E,1584,E,MILE MARKER 93,CLEAR,-9999,-9999,PDO,O,NON-COLLISION,1,"SEDAN, 4 DOOR",E,80,2,GOING STRAIGHT,APPARENTLY NORMAL,Null,Null,Null,DEER,Null,Null,Null,Null,Null,Null,Null,Null,Null,Null,Null,Null,DRY,DAYLIGHT,DRY,NHP,2367131,Null,Null,Null,2017-03-13T17:50:00.000Z,{2D767579-A4D2-4DF1-8ADD-18A254CB93D8}
378964,605910.2624,4499617.558,40.64,-115.7,2017-03-13,DEER,PROPERTY DAMAGE ONLY,ELKO,Mon Mar 13 00:00:00 PDT 2017,Sun Dec 31 22:34:00 PST 1899,22:34:00,CHUKAR ST,2640,S,PATTON AVE,UNKNOWN,-9999,-9999,PDO,O,NON-COLLISION,1,PICKUP,S,-9999,1,GOING STRAIGHT,APPARENTLY NORMAL,Null,UNKNOWN,Null,DEER,Null,Null,Null,Null,Null,Null,Null,Null,Null,Null,Null,Null,ICE,DARK - UNKNOWN LIGHTING,ICE,NHP,2367154,Null,Null,Null,2017-03-14T05:34:00.000Z,{3DB7C5D7-A6CA-43C3-B2CA-C1D8C236B905}
379164,434778.4869,4606057.915,41.6,-117.8,2017-03-13,DEER,INJURY CRASH,HUMBOLDT,Mon Mar 13 00:00:00 PDT 2017,Sun Dec 31 02:10:00 PST 1899,2:10:00,US95N,528,S,MILE MARKER 46,CLEAR,-9999,1,Null,C,NON-COLLISION,1,CARRY-ALL,S,23,1,GOING STRAIGHT,"FELL ASLEEP, FAINTED, FATIGUED, ETC.: DRUG INVOLVEMENT",Null,OVER-CORRECTING/OVER-STEERING: DROVE LEFT OF CENTER: OBJECT AVOIDANCE,Null,RAN OFF ROAD LEFT: OVERTURN/ROLLOVER,Null,Null,Null,Null,Null,Null,Null,Null,Null,Null,Null,Null,DRY,DARK - NO LIGHTING,DRY,NHP,2367106,Null,Null,Null,2017-03-13T09:10:00.000Z,{1D4BA279-B1B5-46C0-ABE3-BE6E967557AA}
398311,260275.5061,4333815.286,39.12,-119.8,2017-03-20,DEER,PROPERTY DAMAGE ONLY,CARSON CITY,Mon Mar 20 00:00:00 PDT 2017,Sun Dec 31 03:19:00 PST 1899,3:19:00,US50,300,W,US395N,CLEAR,-9999,-9999,PDO,O,NON-COLLISION,1,"HARDTOP, 4 DOOR",E,58,-9999,GOING STRAIGHT,APPARENTLY NORMAL,Null,Null,Null,DEER,Null,Null,Null,Null,Null,Null,Null,Null,Null,Null,Null,Null,DRY,DARK - NO LIGHTING,DRY,CCSO,2361622,Null,Null,Null,2017-03-20T10:19:00.000Z,{76E10AB1-50A5-40E0-A06B-B18CE649F15A}
378762,637057.4144,4038140.468,36.48,-115.5,2017-03-20,BURRO,PROPERTY DAMAGE ONLY,CLARK,Mon Mar 20 00:00:00 PDT 2017,Sun Dec 31 05:56:00 PST 1899,5:56:00,US95N,800,N,MILE MARKER 106,CLEAR,-9999,-9999,PDO,O,NON-COLLISION,1,"HARDTOP, 4 DOOR",N,64,1,GOING STRAIGHT,APPARENTLY NORMAL,Null,OBJECT AVOIDANCE,Null,BURRO: RAN OFF ROAD RIGHT,Null,Null,Null,Null,Null,Null,Null,Null,Null,Null,Null,Null,DRY,DARK - NO LIGHTING,DRY,NHP,2367476,Null,Null,Null,2017-03-20T12:56:00.000Z,{897B0AEC-18D6-4012-B88D-FAC7D19C813E}
393298,499085.4007,4214609.8,38.08,-117,2017-05-01,HORSE,INJURY CRASH,NYE,Mon May 01 00:00:00 PDT 2017,Sun Dec 31 05:14:00 PST 1899,5:14:00,ARNY44,3,S,US6,CLEAR,-9999,1,Null,C,NON-COLLISION,1,"SEDAN, 4 DOOR",S,26,-9999,GOING STRAIGHT,APPARENTLY NORMAL,Null,Null,Null,HORSE,Null,Null,Null,Null,Null,Null,Null,Null,Null,Null,Null,Null,DRY,DARK - NO LIGHTING,DRY,NYSO,2385520,Null,Null,Null,2017-05-01T12:14:00.000Z,{A979EC3C-E33E-4E35-875F-028A36253D17}
384559,711129.2242,4230228.188,38.2,-114.6,2017-05-01,ELK,PROPERTY DAMAGE ONLY,LINCOLN,Mon May 01 00:00:00 PDT 2017,Sun Dec 31 20:17:00 PST 1899,20:17:00,US93N,1000,N,MILE MARKER 139,CLOUDY,-9999,-9999,PDO,O,NON-COLLISION,1,UTILITY,N,64,1,GOING STRAIGHT,APPARENTLY NORMAL,Null,Null,Null,ELK,Null,Null,Null,Null,Null,Null,Null,Null,Null,Null,Null,Null,DRY,DARK - NO LIGHTING,DRY,NHP,2380768,Null,Null,Null,2017-05-02T03:17:00.000Z,{5746CEE9-1C6B-41EE-AA2C-30BD9E183865}
387876,286671.2223,4416890.026,39.88,-119.5,2017-05-08,DEER,PROPERTY DAMAGE ONLY,WASHOE,Mon May 08 00:00:00 PDT 2017,Sun Dec 31 04:42:00 PST 1899,4:42:00,SR446,150,N,MILE MARKER 5,CLEAR,-9999,-9999,PDO,O,NON-COLLISION,1,UTILITY,N,20,-9999,GOING STRAIGHT,APPARENTLY NORMAL,Null,RAN OFF ROAD,Null,RAN OFF ROAD RIGHT: OVERTURN/ROLLOVER,Null,Null,Null,Null,Null,Null,Null,Null,Null,Null,Null,Null,DRY,DARK - NO LIGHTING,DRY,NHP,2381143,Null,Null,Null,2017-05-08T11:42:00.000Z,{46D809CC-6652-4866-8C2B-23D3E430BEE0}
384558,242380.0626,4374282.437,39.48,-120,2017-05-15,DEER,PROPERTY DAMAGE ONLY,WASHOE,Mon May 15 00:00:00 PDT 2017,Sun Dec 31 05:28:00 PST 1899,5:28:00,IR80W,500,W,MILE MARKER 1,CLEAR,-9999,-9999,PDO,O,NON-COLLISION,1,UTILITY,W,35,1,GOING STRAIGHT,APPARENTLY NORMAL,Null,Null,Null,DEER,Null,Null,Null,Null,Null,Null,Null,Null,Null,Null,Null,Null,DRY,DARK - NO LIGHTING,DRY,NHP,2381531,Null,Null,Null,2017-05-15T12:28:00.000Z,{1C99E6CE-DE86-4E4D-8FC1-8C6E985BA68E}
384573,684842.7766,4553590.48,41.11,-114.8,2017-05-15,DEER,PROPERTY DAMAGE ONLY,ELKO,Mon May 15 00:00:00 PDT 2017,Sun Dec 31 05:30:00 PST 1899,5:30:00,IR80E,2640,E,MILE MARKER 82,CLOUDY,-9999,-9999,PDO,O,NON-COLLISION,1,VAN,E,59,2,GOING STRAIGHT,APPARENTLY NORMAL,Null,Null,Null,DEER,Null,Null,Null,Null,Null,Null,Null,Null,Null,Null,Null,Null,DRY,DAWN,DRY,NHP,2381549,Null,Null,Null,2017-05-15T12:30:00.000Z,{8BC19756-B568-4381-9D36-7F5D6F6EFB42}
386262,347583.5155,4277777.149,38.64,-118.8,2017-05-15,BURRO,PROPERTY DAMAGE ONLY,MINERAL,Mon May 15 00:00:00 PDT 2017,Sun Dec 31 21:12:00 PST 1899,21:12:00,US95N,700,S,MILE MARKER 61,CLEAR,-9999,-9999,PDO,O,NON-COLLISION,1,SEDAN,S,22,1,GOING STRAIGHT,APPARENTLY NORMAL,Null,UNKNOWN,Null,BURRO,Null,Null,Null,Null,Null,Null,Null,Null,Null,Null,Null,Null,DRY,DARK - NO LIGHTING,DRY,NHP,2381580,Null,Null,Null,2017-05-16T04:12:00.000Z,{5E7D4DFE-5A24-44AC-AD02-AACA64834530}
419196,699595.9464,4322682.643,39.03,-114.7,2017-11-06,ELK,INJURY CRASH,WHITE PINE,Mon Nov 06 00:00:00 PST 2017,Sun Dec 31 20:12:00 PST 1899,20:12:00,US6,528,W,MILE MARKER 57,CLEAR,-9999,1,Null,B,NON-COLLISION,1,CARRY-ALL,W,23,1,OTHER,APPARENTLY NORMAL,Null,OVER-CORRECTING/OVER-STEERING: DROVE LEFT OF CENTER,Null,OVERTURN/ROLLOVER,Null,Null,Null,Null,Null,Null,Null,Null,Null,Null,Null,Null,DRY,DARK - NO LIGHTING,DRY,NHP,2403533,Null,Null,Null,2017-11-07T04:12:00.000Z,{124F537C-0349-4F70-B462-102F28BF12B0}
417130,273408.0906,4298697.81,38.81,-119.6,2017-11-06,DEER,PROPERTY DAMAGE ONLY,DOUGLAS,Mon Nov 06 00:00:00 PST 2017,Sun Dec 31 16:44:00 PST 1899,16:44:00,US395N,500,N,MILE MARKER 9,CLOUDY,-9999,-9999,PDO,O,NON-COLLISION,1,PICKUP,S,59,1,GOING STRAIGHT,APPARENTLY NORMAL,Null,Null,Null,DEER,Null,Null,Null,Null,Null,Null,Null,Null,Null,Null,Null,Null,DRY,DAWN,DRY,NHP,2414800,Null,Null,Null,2017-11-07T00:44:00.000Z,{816A429E-03AF-40EE-A967-4163556C69DC}
419649,303472.2607,4387895.815,39.62,-119.3,2017-11-06,DEER,PROPERTY DAMAGE ONLY,WASHOE,Mon Nov 06 00:00:00 PST 2017,Sun Dec 31 04:45:00 PST 1899,4:45:00,IR80W,0,W,MILE MARKER 44.88,CLEAR,-9999,-9999,PDO,O,NON-COLLISION,1,CARRY-ALL,W,46,2,GOING STRAIGHT,APPARENTLY NORMAL,Null,UNKNOWN,Null,DEER,Null,Null,Null,Null,Null,Null,Null,Null,Null,Null,Null,Null,DRY,DARK - NO LIGHTING,DRY,NHP,2414763,Null,Null,Null,2017-11-06T12:45:00.000Z,{2795F7C1-63D7-48BC-AA73-F8446235435E}
423167,730550.214,4530662.942,40.89,-114.3,2017-11-06,DEER,PROPERTY DAMAGE ONLY,ELKO,Mon Nov 06 00:00:00 PST 2017,Sun Dec 31 23:10:00 PST 1899,23:10:00,IR80W,1000,E,MILE MARKER 116,CLOUDY,-9999,-9999,PDO,O,NON-COLLISION,1,PICKUP,W,27,2,GOING STRAIGHT,APPARENTLY NORMAL,Null,OBJECT AVOIDANCE,Null,DEER,Null,Null,Null,Null,Null,Null,Null,Null,Null,Null,Null,Null,DRY,DARK - NO LIGHTING,DRY,NHP,2414818,Null,Null,Null,2017-11-07T07:10:00.000Z,{9D6541DA-5FA5-4A5F-89F6-146D8D406F79}
425150,302242.0837,4387801.991,39.62,-119.3,2017-11-06,DEER,PROPERTY DAMAGE ONLY,WASHOE,Mon Nov 06 00:00:00 PST 2017,Sun Dec 31 02:18:00 PST 1899,2:18:00,IR80W,400,E,MILE MARKER 44,CLEAR,-9999,-9999,PDO,O,NON-COLLISION,1,PICKUP,W,19,1,GOING STRAIGHT,APPARENTLY NORMAL,Null,UNKNOWN,Null,DEER,Null,Null,Null,Null,Null,Null,Null,Null,Null,Null,Null,Null,DRY,DARK - NO LIGHTING,DRY,NHP,2414760,Null,Null,Null,2017-11-06T10:18:00.000Z,{7AAEFD2B-E913-4FCF-BD27-FC08227A7FF7}
413949,621519.7515,4507420.884,40.71,-115.6,2017-11-13,DEER,PROPERTY DAMAGE ONLY,ELKO,Mon Nov 13 00:00:00 PST 2017,Sun Dec 31 17:00:00 PST 1899,17:00:00,PARKRIDGE PKWY,100,W,ALPINE DR,CLEAR,-9999,-9999,PDO,N,NON-COLLISION,1,"SEDAN, 4 DOOR",E,-9999,-9999,GOING STRAIGHT,APPARENTLY NORMAL,Null,Null,Null,DEER,Null,Null,Null,Null,Null,Null,Null,Null,Null,Null,Null,Null,Null,Null,Null,ECSO,2405247,Null,Null,Null,2017-11-14T01:00:00.000Z,{15DDBC3B-3D42-470B-8020-092B094F4867}
416890,540627.6057,4505435.634,40.7,-116.5,2017-11-13,DEER,PROPERTY DAMAGE ONLY,EUREKA,Mon Nov 13 00:00:00 PST 2017,Sun Dec 31 21:00:00 PST 1899,21:00:00,IR80W,211,E,MILE MARKER 4,CLEAR,-9999,-9999,PDO,O,NON-COLLISION,1,"SEDAN, 4 DOOR",W,25,2,GOING STRAIGHT,APPARENTLY NORMAL,Null,Null,Null,DEER,Null,Null,Null,Null,Null,Null,Null,Null,Null,Null,Null,Null,DRY,DARK - NO LIGHTING,DRY,NHP,2415288,Null,Null,Null,2017-11-14T05:00:00.000Z,{33100D0D-EE1A-467F-ABFF-28E4E6FED1ED}
417489,713085.0334,4217013.931,38.08,-114.6,2017-11-13,DEER,PROPERTY DAMAGE ONLY,LINCOLN,Mon Nov 13 00:00:00 PST 2017,Sun Dec 31 06:57:00 PST 1899,6:57:00,US93N,1056,S,MILE MARKER 131,CLEAR,-9999,-9999,PDO,O,NON-COLLISION,1,PICKUP,N,26,1,GOING STRAIGHT,APPARENTLY NORMAL,Null,Null,Null,DEER,Null,Null,Null,Null,Null,Null,Null,Null,Null,Null,Null,Null,DRY,DAYLIGHT,DRY,NHP,2415230,Null,Null,Null,2017-11-13T14:57:00.000Z,{4315D08F-3A49-4623-B863-5979F5232244}
417248,588463.8468,4018829.766,36.31,-116,2017-11-13,BURRO,PROPERTY DAMAGE ONLY,NYE,Mon Nov 13 00:00:00 PST 2017,Sun Dec 31 17:37:00 PST 1899,17:37:00,PARK RETIRO,0,Null,SR160N,CLEAR,-9999,-9999,PDO,O,NON-COLLISION,1,"SEDAN, 2 DOOR",S,66,-9999,GOING STRAIGHT,UNKNOWN,Null,Null,Null,BURRO,Null,Null,Null,Null,Null,Null,Null,Null,Null,Null,Null,Null,Null,DARK - NO LIGHTING,Null,NYSO,2423129,Null,Null,Null,2017-11-14T01:37:00.000Z,{DE67F0CF-5485-41B1-9C8A-B927303F7FF1}
423177,277729.7973,4349590.699,39.27,-119.6,2017-11-20,HORSE,PROPERTY DAMAGE ONLY,LYON,Mon Nov 20 00:00:00 PST 2017,Sun Dec 31 05:30:00 PST 1899,5:30:00,US50E,500,W,MILE MARKER 8,CLEAR,-9999,-9999,PDO,O,NON-COLLISION,1,CARRY-ALL,W,58,2,GOING STRAIGHT,APPARENTLY NORMAL,Null,UNKNOWN,Null,HORSE: HORSE,Null,Null,Null,Null,Null,Null,Null,Null,Null,Null,Null,Null,DRY,DARK - NO LIGHTING,DRY,NHP,2415687,Null,Null,Null,2017-11-20T13:30:00.000Z,{94560A31-77E3-4237-9B6B-9A40355942F8}
414950,616184.9844,4511368.161,40.75,-115.6,2017-11-20,DEER,PROPERTY DAMAGE ONLY,ELKO,Mon Nov 20 00:00:00 PST 2017,Sun Dec 31 05:57:00 PST 1899,5:57:00,SR227,2640,N,LICHT PKWY,CLEAR,-9999,-9999,PDO,O,NON-COLLISION,1,PICKUP,S,51,1,GOING STRAIGHT,APPARENTLY NORMAL,Null,OBJECT AVOIDANCE,Null,DEER,Null,Null,Null,Null,Null,Null,Null,Null,Null,Null,Null,Null,DRY,DARK - NO LIGHTING,DRY,ECSO,2405249,Null,Null,Null,2017-11-20T13:57:00.000Z,{A8B03F7A-5D19-43A4-A295-4ADC73D1FE39}
415524,715808.1863,4058699.904,36.65,-114.6,2017-11-20,CATTLE,PROPERTY DAMAGE ONLY,CLARK,Mon Nov 20 00:00:00 PST 2017,Sun Dec 31 05:05:00 PST 1899,5:05:00,IR15N,750,S,MILE MARKER 90,CLEAR,-9999,-9999,PDO,O,NON-COLLISION,1,PALLET,N,27,2,GOING STRAIGHT,APPARENTLY NORMAL,Null,Null,Null,CATTLE,Null,Null,Null,Null,Null,Null,Null,Null,Null,Null,Null,Null,DRY,DARK - NO LIGHTING,DRY,NHP,2415688,Null,Null,Null,2017-11-20T13:05:00.000Z,{6E981F6E-28C2-4BBF-AE8E-CA627AA565F7}
417508,245627.6719,4330040.45,39.08,-119.9,2017-11-27,DEER,PROPERTY DAMAGE ONLY,DOUGLAS,Mon Nov 27 00:00:00 PST 2017,Sun Dec 31 10:07:00 PST 1899,10:07:00,US50E,4224,E,MILE MARKER 9,CLOUDY,-9999,-9999,PDO,O,NON-COLLISION,1,"HATCHBACK, 2 DOOR",W,21,1,GOING STRAIGHT,APPARENTLY NORMAL,Null,Null,Null,DEER,Null,Null,Null,Null,Null,Null,Null,Null,Null,Null,Null,Null,DRY,DAYLIGHT,DRY,NHP,2416103,Null,Null,Null,2017-11-27T18:07:00.000Z,{7BE88BC9-13B2-4A7F-AB58-55DF1CBD2C15}
424547,716069.4731,4160575.276,37.57,-114.6,2017-11-27,DEER,PROPERTY DAMAGE ONLY,LINCOLN,Mon Nov 27 00:00:00 PST 2017,Sun Dec 31 14:30:00 PST 1899,14:30:00,SR317,25,S,MILE MARKER 55,CLEAR,-9999,-9999,PDO,O,NON-COLLISION,1,"SEDAN, 4 DOOR",S,69,1,GOING STRAIGHT,APPARENTLY NORMAL,Null,Null,Null,DEER,Null,Null,Null,Null,Null,Null,Null,Null,Null,Null,Null,Null,DRY,DAYLIGHT,DRY,NHP,2416219,Null,Null,Null,2017-11-27T22:30:00.000Z,{E0C69F14-3980-4A97-BBAD-AFE0891A65EC}
420458,589254.7563,4017870.084,36.3,-116,2017-11-27,BURRO,PROPERTY DAMAGE ONLY,NYE,Mon Nov 27 00:00:00 PST 2017,Sun Dec 31 05:46:00 PST 1899,5:46:00,SR160N,100,N,COUNTRY PLACE RD,Null,-9999,-9999,PDO,O,NON-COLLISION,1,"SEDAN, 2 DOOR",N,30,-9999,GOING STRAIGHT,APPARENTLY NORMAL,Null,Null,Null,BURRO,Null,Null,Null,Null,Null,Null,Null,Null,Null,Null,Null,Null,DRY,DARK - NO LIGHTING,DRY,NYSO,2423142,Null,Null,Null,2017-11-27T13:46:00.000Z,{A365D14C-66E3-4988-9FD6-637EE55FC18B}
411995,686514.7556,4625930.44,41.76,-114.8,2017-10-02,DEER,PROPERTY DAMAGE ONLY,ELKO,Mon Oct 02 00:00:00 PDT 2017,Sun Dec 31 11:45:00 PST 1899,11:45:00,US93N,0,Null,MILE MARKER 125,CLOUDY,-9999,-9999,PDO,O,NON-COLLISION,1,PICKUP,N,65,1,GOING STRAIGHT,APPARENTLY NORMAL,Null,OBJECT AVOIDANCE,Null,DEER,Null,Null,Null,Null,Null,Null,Null,Null,Null,Null,Null,Null,DRY,DAYLIGHT,DRY,NHP,2398685,Null,Null,Null,2017-10-02T18:45:00.000Z,{2175CCF6-1853-4C7E-B4F1-11B7F36623E9}
410512,623387.0384,4298517.26,38.83,-115.6,2017-10-02,CATTLE,INJURY CRASH,NYE,Mon Oct 02 00:00:00 PDT 2017,Sun Dec 31 21:10:00 PST 1899,21:10:00,SR379,528,N,MILE MARKER 8,CLEAR,-9999,1,Null,C,NON-COLLISION,1,PICKUP,N,37,1,GOING STRAIGHT,APPARENTLY NORMAL,Null,OBJECT AVOIDANCE,Null,CATTLE,Null,Null,Null,Null,Null,Null,Null,Null,Null,Null,Null,Null,DRY,DARK - NO LIGHTING,DRY,NHP,2398717,Null,Null,Null,2017-10-03T04:10:00.000Z,{3A3FE315-1BFF-4E70-BB56-713499E7BE0F}
410453,693482.7699,4410792.676,39.83,-114.7,2017-10-09,UNKNOWN,PROPERTY DAMAGE ONLY,WHITE PINE,Mon Oct 09 00:00:00 PDT 2017,Sun Dec 31 01:50:00 PST 1899,1:50:00,US93N,2640,N,MILE MARKER 94,CLEAR,-9999,-9999,PDO,O,NON-COLLISION,1,"HARDTOP, 4 DOOR",S,39,1,GOING STRAIGHT,APPARENTLY NORMAL,Null,EXCEEDED AUTHORIZED SPEED LIMIT: OVER-CORRECTING/OVER-STEERING: DROVE LEFT OF CENTER: RAN OFF ROAD,Null,RAN OFF ROAD LEFT: OVERTURN/ROLLOVER,Null,Null,Null,Null,Null,Null,Null,Null,Null,Null,Null,Null,DRY,DARK - NO LIGHTING,DRY,NHP,2399020,Null,Null,Null,2017-10-09T08:50:00.000Z,{773F50DE-5EF8-44E9-B0E3-8535B1899813}
419343,715496.6564,4549849.057,41.07,-114.4,2017-10-09,DEER,PROPERTY DAMAGE ONLY,ELKO,Mon Oct 09 00:00:00 PDT 2017,Sun Dec 31 08:45:00 PST 1899,8:45:00,SR233,200,N,Null,CLEAR,-9999,-9999,PDO,O,NON-COLLISION,1,SEDAN,S,30,1,GOING STRAIGHT,APPARENTLY NORMAL,Null,OBJECT AVOIDANCE,Null,DEER,Null,Null,Null,Null,Null,Null,Null,Null,Null,Null,Null,Null,DRY,DAYLIGHT,DRY,NHP,2413416,Null,Null,Null,2017-10-09T15:45:00.000Z,{B9DDA07F-43E9-44E8-B49E-4BBD8AFD8CAC}
408060,719987.357,4199640.301,37.92,-114.5,2017-10-09,CATTLE,INJURY CRASH,LINCOLN,Mon Oct 09 00:00:00 PDT 2017,Sun Dec 31 19:14:00 PST 1899,19:14:00,SR320,458,N,MILE MARKER 6,CLEAR,-9999,1,Null,C,NON-COLLISION,1,OTHER,N,48,1,GOING STRAIGHT,APPARENTLY NORMAL,Null,Null,Null,CATTLE,Null,Null,Null,Null,Null,Null,Null,Null,Null,Null,Null,Null,DRY,DARK - NO LIGHTING,DRY,NHP,2399061,Null,Null,Null,2017-10-10T02:14:00.000Z,{744C7E16-8EAB-4C0C-B9B8-29414953E072}
417031,595351.8055,3998681.577,36.13,-115.9,2017-10-16,DOG/COYOTE,PROPERTY DAMAGE ONLY,NYE,Mon Oct 16 00:00:00 PDT 2017,Sun Dec 31 06:24:00 PST 1899,6:24:00,QUARTER HORSE AVE,0,Null,SUSQUEHANNA ST,CLEAR,-9999,-9999,PDO,Null,NON-COLLISION,1,"SEDAN, 4 DOOR",U,-9999,-9999,NOT REPORTED,UNKNOWN,Null,Null,Null,"DOG/COYOTE: RAN OFF ROAD LEFT: OTHER POST, POLE OR SUPPORT",Null,Null,Null,Null,Null,Null,Null,Null,Null,Null,Null,Null,Null,Null,Null,NYSO,2423105,Null,Null,Null,2017-10-16T13:24:00.000Z,{99985627-B635-42B4-B988-F476B4648934}
408596,637080.9808,4530748.697,40.92,-115.4,2017-10-16,DEER,PROPERTY DAMAGE ONLY,ELKO,Mon Oct 16 00:00:00 PDT 2017,Sun Dec 31 18:47:00 PST 1899,18:47:00,SR229,0,Null,MILE MARKER 6,CLOUDY,-9999,-9999,PDO,O,NON-COLLISION,1,PICKUP,S,27,1,GOING STRAIGHT,APPARENTLY NORMAL,Null,OBJECT AVOIDANCE,Null,DEER,Null,Null,Null,Null,Null,Null,Null,Null,Null,Null,Null,Null,DRY,DARK - NO LIGHTING,DRY,NHP,2399307,Null,Null,Null,2017-10-17T01:47:00.000Z,{10971705-5597-4832-8F11-5153D19BB131}
424672,691424.2051,4459806.256,40.27,-114.7,2017-10-16,DEER,PROPERTY DAMAGE ONLY,ELKO,Mon Oct 16 00:00:00 PDT 2017,Sun Dec 31 18:41:00 PST 1899,18:41:00,US93N,250,S,MILE MARKER 12,CLOUDY,-9999,-9999,PDO,O,NON-COLLISION,1,CARRY-ALL,S,22,1,GOING STRAIGHT,APPARENTLY NORMAL,Null,OBJECT AVOIDANCE,Null,DEER,Null,Null,Null,Null,Null,Null,Null,Null,Null,Null,Null,Null,DRY,DARK - NO LIGHTING,DRY,NHP,2413578,Null,Null,Null,2017-10-17T01:41:00.000Z,{C1AC3F26-00C5-4AC5-8494-0354FE0F34C3}
417299,607028.5834,4408767.621,39.82,-115.7,2017-10-23,CATTLE,PROPERTY DAMAGE ONLY,WHITE PINE,Mon Oct 23 00:00:00 PDT 2017,Sun Dec 31 09:00:00 PST 1899,9:00:00,SR892,0,Null,MILE MARKER 32,Null,-9999,-9999,PDO,Null,NON-COLLISION,1,OTHER,U,-9999,-9999,UNKNOWN,UNKNOWN,Null,Null,Null,CATTLE,Null,Null,Null,Null,Null,Null,Null,Null,Null,Null,Null,Null,DRY,UNKNOWN,DRY,NHP,2413890,Null,Null,Null,2017-10-23T16:00:00.000Z,{DEC4463F-1265-4AA9-A51B-A571B79DE6B4}
422164,348116.3717,4410686.055,39.83,-118.8,2017-10-30,DOG/COYOTE,PROPERTY DAMAGE ONLY,CHURCHILL,Mon Oct 30 00:00:00 PDT 2017,Sun Dec 31 05:28:00 PST 1899,5:28:00,US95N,300,N,MILE MARKER 51,CLEAR,-9999,-9999,PDO,O,NON-COLLISION,1,"SEDAN, 4 DOOR",S,40,1,GOING STRAIGHT,APPARENTLY NORMAL,Null,FAILURE TO KEEP IN PROPER LANE OR RUNNING OFF ROAD: UNSAFE LANE CHANGE,Null,RAN OFF ROAD LEFT: GUARDRAIL FACE,Null,Null,Null,Null,Null,Null,Null,Null,Null,Null,Null,Null,DRY,DARK - NO LIGHTING,DRY,NHP,2414300,Null,Null,Null,2017-10-30T12:28:00.000Z,{ADC99583-323A-4696-9E18-5A8A3555244E}
414661,597150.4311,4516589.064,40.79,-115.8,2017-10-30,DEER,PROPERTY DAMAGE ONLY,ELKO,Mon Oct 30 00:00:00 PDT 2017,Sun Dec 31 03:30:00 PST 1899,3:30:00,IR80W,21120,E,MILE MARKER 15,CLEAR,-9999,-9999,PDO,N,NON-COLLISION,1,"SEDAN, 4 DOOR",W,-9999,-9999,GOING STRAIGHT,APPARENTLY NORMAL,Null,OBJECT AVOIDANCE,Null,DEER,Null,Null,Null,Null,Null,Null,Null,Null,Null,Null,Null,Null,Null,Null,Null,ECSO,2405232,Null,Null,Null,2017-10-30T10:30:00.000Z,{F445AF43-E3D3-4063-BC67-721ED0294AF2}