OBJECTID,X,Y,Latitude,Longitude,Date,AnimalType,Crash_Seve,County,Crash_Date_Original,Crash_Time_Original,Crash_Time,Primary_St,Distance,Dir,Secondary_,Weather,Fatalities,Injured,Property_D,Injury_Typ,Crash_Type,Total_Vehi,V1_Type,V1_Dir,V1_Driver_,V1_Lane_Nu,V1_Action,V1_Driver1,V1_Drive_1,V1_Vehicle,V1_Most_Ha,V1_All_Eve,V2_Type,V2_Dir,V2_Driver_,V2_Lane_Nu,V2_Action,V2_Driver1,V2_Drive_1,V2_Vehicle,V2_Most_Ha,V2_All_Eve,First_Harm,Nonmotoris,Factors_Ro,Lighting,HWY_Factor,Agency,Accident_R,Pedalcycli,Pedestrian,Motorcycli,CrashDateT,GlobalID
417724,677417.6628,4215563.486,38.07,-115,2017-10-30,DEER,INJURY CRASH,LINCOLN,Mon Oct 30 00:00:00 PDT 2017,Sun Dec 31 19:15:00 PST 1899,19:15:00,SR318,0,Null,MILE MARKER 43,UNKNOWN,-9999,1,Null,C,NON-COLLISION,1,UTILITY,N,59,1,GOING STRAIGHT,APPARENTLY NORMAL,Null,Null,Null,DEER,Null,Null,Null,Null,Null,Null,Null,Null,Null,Null,Null,Null,DRY,UNKNOWN,DRY,NHP,2414384,Null,Null,Null,2017-10-31T02:15:00.000Z,{F826BACF-C4FA-4CEE-ADDB-018DAFF89B7D}
410028,257337.5253,4346933.62,39.24,-119.8,2017-09-04,DEER,PROPERTY DAMAGE ONLY,WASHOE,Mon Sep 04 00:00:00 PDT 2017,Sun Dec 31 00:11:00 PST 1899,0:11:00,IR580N,642,N,MILE MARKER 2,CLOUDY,-9999,-9999,PDO,O,NON-COLLISION,1,PICKUP,N,31,2,GOING STRAIGHT,APPARENTLY NORMAL,Null,OBJECT AVOIDANCE,Null,DEER,Null,Null,Null,Null,Null,Null,Null,Null,Null,Null,Null,Null,DRY,DARK - SPOT LIGHTING,DRY,NHP,2397084,Null,Null,Null,2017-09-04T07:11:00.000Z,{AEE8F30C-447F-43B8-AC7B-84CA04F3E36C}
411607,599881.5916,4590844.484,41.46,-115.8,2017-09-04,DEER,PROPERTY DAMAGE ONLY,ELKO,Mon Sep 04 00:00:00 PDT 2017,Sun Dec 31 20:05:00 PST 1899,20:05:00,SR225,2000,N,MILE MARKER 76,CLOUDY,-9999,-9999,PDO,O,NON-COLLISION,1,CARRY-ALL,S,25,1,GOING STRAIGHT,APPARENTLY NORMAL,Null,OBJECT AVOIDANCE,Null,DEER,Null,Null,Null,Null,Null,Null,Null,Null,Null,Null,Null,Null,DRY,DARK - NO LIGHTING,DRY,NHP,2397130,Null,Null,Null,2017-09-05T03:05:00.000Z,{195A7E6D-7980-457C-81CB-BC5AE0C6264C}
411696,714152.6364,4548414.403,41.06,-114.5,2017-09-04,CATTLE,PROPERTY DAMAGE ONLY,ELKO,Mon Sep 04 00:00:00 PDT 2017,Sun Dec 31 00:52:00 PST 1899,0:52:00,SR233,1056,S,MILE MARKER 3,CLEAR,-9999,-9999,PDO,O,NON-COLLISION,1,CARRY-ALL,N,28,1,GOING STRAIGHT,APPARENTLY NORMAL,Null,OBJECT AVOIDANCE,Null,CATTLE,Null,Null,Null,Null,Null,Null,Null,Null,Null,Null,Null,Null,DRY,DARK - NO LIGHTING,DRY,NHP,2397087,Null,Null,Null,2017-09-04T07:52:00.000Z,{4E1C8E31-F240-4F06-AE11-D0DC2491B622}
408571,592788.3402,4002290.125,36.16,-116,2017-09-11,HORSE,PROPERTY DAMAGE ONLY,NYE,Mon Sep 11 00:00:00 PDT 2017,Sun Dec 31 23:00:00 PST 1899,23:00:00,GAMEBIRD RD,0,Null,PARK RIDGE AVE,CLEAR,-9999,-9999,PDO,O,NON-COLLISION,1,"SEDAN, 2 DOOR",W,-9999,-9999,GOING STRAIGHT,APPARENTLY NORMAL,Null,Null,Null,HORSE,Null,Null,Null,Null,Null,Null,Null,Null,Null,Null,Null,Null,Null,Null,Null,NYSO,2400270,Null,Null,Null,2017-09-12T06:00:00.000Z,{A614B60A-4F2D-4789-94A3-509CF26B5E8A}
421347,248647.3191,4413328.512,39.83,-119.9,2017-09-11,CATTLE,PROPERTY DAMAGE ONLY,WASHOE,Mon Sep 11 00:00:00 PDT 2017,Sun Dec 31 02:00:00 PST 1899,2:00:00,N RED ROCK RD,4400,S,CHUCKWAGON RD,CLEAR,-9999,-9999,PDO,N,NON-COLLISION,1,PICKUP,N,-9999,-9999,GOING STRAIGHT,UNKNOWN,Null,OBJECT AVOIDANCE,Null,CATTLE,Null,Null,Null,Null,Null,Null,Null,Null,Null,Null,Null,Null,Null,Null,Null,WASO,2423743,Null,Null,Null,2017-09-11T09:00:00.000Z,{1C9A75B2-A26B-4FA4-8066-E0BF6B56E6A1}
411763,721025.7108,4536754.594,40.95,-114.4,2017-09-18,DOG/COYOTE,PROPERTY DAMAGE ONLY,ELKO,Mon Sep 18 00:00:00 PDT 2017,Sun Dec 31 00:34:00 PST 1899,0:34:00,IR80W,15,W,MILE MARKER 109,CLOUDY,-9999,-9999,PDO,O,NON-COLLISION,1,CARRY-ALL,W,45,1,GOING STRAIGHT,APPARENTLY NORMAL,Null,OBJECT AVOIDANCE,Null,DOG/COYOTE,Null,Null,Null,Null,Null,Null,Null,Null,Null,Null,Null,Null,DRY,DARK - NO LIGHTING,DRY,NHP,2397861,Null,Null,Null,2017-09-18T07:34:00.000Z,{832D6B85-ED0E-4358-94E9-68A448701B6C}
408636,621447.9916,4509231.146,40.73,-115.6,2017-09-18,DEER,PROPERTY DAMAGE ONLY,ELKO,Mon Sep 18 00:00:00 PDT 2017,Sun Dec 31 16:30:00 PST 1899,16:30:00,SR227,528,N,MILE MARKER 15,CLOUDY,-9999,-9999,PDO,O,NON-COLLISION,1,"SEDAN, 4 DOOR",N,24,1,GOING STRAIGHT,APPARENTLY NORMAL,Null,Null,Null,DEER,Null,Null,Null,Null,Null,Null,Null,Null,Null,Null,Null,Null,DRY,DAYLIGHT,DRY,NHP,2397904,Null,Null,Null,2017-09-18T23:30:00.000Z,{411822FA-620E-430D-9603-F6865749AD4E}
409147,607789.19,4525866.498,40.88,-115.7,2017-09-18,DEER,INJURY CRASH,ELKO,Mon Sep 18 00:00:00 PDT 2017,Sun Dec 31 15:10:00 PST 1899,15:10:00,IR80E,200,W,MILE MARKER 28,CLEAR,-9999,1,Null,C,NON-COLLISION,1,PICKUP,E,36,1,GOING STRAIGHT,APPARENTLY NORMAL,Null,Null,Null,DEER,Null,Null,Null,Null,Null,Null,Null,Null,Null,Null,Null,Null,DRY,DAYLIGHT,DRY,NHP,2397901,Null,Null,Null,2017-09-18T22:10:00.000Z,{6F452B97-849C-49F4-B1A8-18EEA4159312}
392333,546399.1021,4495863.018,40.61,-116.5,2017-04-01,CATTLE,PROPERTY DAMAGE ONLY,EUREKA,Sat Apr 01 00:00:00 PDT 2017,Sun Dec 31 02:11:00 PST 1899,2:11:00,SR306,500,S,MILE MARKER 17,CLEAR,-9999,-9999,PDO,O,NON-COLLISION,1,VAN,N,58,1,GOING STRAIGHT,APPARENTLY NORMAL,Null,UNKNOWN,Null,CATTLE: FIRE/EXPLOSION,Null,Null,Null,Null,Null,Null,Null,Null,Null,Null,Null,Null,DRY,DARK - NO LIGHTING,DRY,NHP,2379108,Null,Null,Null,2017-04-01T09:11:00.000Z,{FD4C7570-3831-46F4-8615-5B017C540655}
384313,594787.1545,4515192.987,40.78,-115.9,2017-04-22,DEER,PROPERTY DAMAGE ONLY,ELKO,Sat Apr 22 00:00:00 PDT 2017,Sun Dec 31 18:40:00 PST 1899,18:40:00,IR80W,1056,E,MILE MARKER 17,CLOUDY,-9999,-9999,PDO,O,NON-COLLISION,1,UTILITY,W,49,1,GOING STRAIGHT,APPARENTLY NORMAL,Null,Null,Null,DEER,Null,Null,Null,Null,Null,Null,Null,Null,Null,Null,Null,Null,DRY,DAYLIGHT,DRY,NHP,2380273,Null,Null,Null,2017-04-23T01:40:00.000Z,{9D0F6764-BA15-4253-A3A5-32831749F3FF}
387036,346466.9552,4357344.822,39.35,-118.8,2017-04-22,CATTLE,INJURY CRASH,CHURCHILL,Sat Apr 22 00:00:00 PDT 2017,Sun Dec 31 22:21:00 PST 1899,22:21:00,US95N,2640,S,MILE MARKER 18,CLEAR,-9999,1,Null,B,NON-COLLISION,1,CARRY-ALL,S,67,1,GOING STRAIGHT,APPARENTLY NORMAL,Null,OBJECT AVOIDANCE,Null,CATTLE,Null,Null,Null,Null,Null,Null,Null,Null,Null,Null,Null,Null,DRY,DARK - NO LIGHTING,DRY,NHP,2380276,Null,Null,Null,2017-04-23T05:21:00.000Z,{EFC32269-CD2C-42CB-A8D0-E8A5AC748314}
405368,499095.1463,4214599.296,38.08,-117,2017-04-22,CATTLE,PROPERTY DAMAGE ONLY,NYE,Sat Apr 22 00:00:00 PDT 2017,Sun Dec 31 20:30:00 PST 1899,20:30:00,ARNY44,50,S,US6,CLEAR,-9999,-9999,PDO,O,NON-COLLISION,1,CARRY-ALL,S,-9999,-9999,GOING STRAIGHT,APPARENTLY NORMAL,Null,UNKNOWN,Null,CATTLE,Null,Null,Null,Null,Null,Null,Null,Null,Null,Null,Null,Null,Null,Null,Null,NYSO,2385513,Null,Null,Null,2017-04-23T03:30:00.000Z,{09463971-710E-425F-B033-747A4CC1D7CE}
406044,706635.5476,4286140.347,38.7,-114.6,2017-08-05,ELK,PROPERTY DAMAGE ONLY,WHITE PINE,Sat Aug 05 00:00:00 PDT 2017,Sun Dec 31 02:23:00 PST 1899,2:23:00,US93N,2000,S,MILE MARKER 2,CLOUDY,-9999,-9999,PDO,O,NON-COLLISION,1,UTILITY,N,65,1,GOING STRAIGHT,APPARENTLY NORMAL,Null,Null,Null,ELK,Null,Null,Null,Null,Null,Null,Null,Null,Null,Null,Null,Null,DRY,DARK - NO LIGHTING,DRY,NHP,2395389,Null,Null,Null,2017-08-05T09:23:00.000Z,{5F0F3F06-1877-4F43-8410-A27826BE2978}
405571,397653.0719,4269492.33,38.57,-118.2,2017-08-19,CATTLE,PROPERTY DAMAGE ONLY,MINERAL,Sat Aug 19 00:00:00 PDT 2017,Sun Dec 31 01:00:00 PST 1899,1:00:00,SR361,0,Null,MILE MARKER 4,UNKNOWN,-9999,-9999,PDO,O,NON-COLLISION,1,PICKUP,N,51,1,GOING STRAIGHT,UNKNOWN,Null,Null,Null,CATTLE,Null,Null,Null,Null,Null,Null,Null,Null,Null,Null,Null,Null,DRY,DARK - NO LIGHTING,DRY,NHP,2396226,Null,Null,Null,2017-08-19T08:00:00.000Z,{E6C10332-C795-42E7-AE13-6D59579C3DEA}
406027,639699.1355,3994397.199,36.08,-115.4,2017-08-19,BURRO,PROPERTY DAMAGE ONLY,CLARK,Sat Aug 19 00:00:00 PDT 2017,Sun Dec 31 22:40:00 PST 1899,22:40:00,SR159,2640,N,MILE MARKER 6,CLEAR,-9999,-9999,PDO,O,NON-COLLISION,1,PICKUP,N,34,1,GOING STRAIGHT,APPARENTLY NORMAL,Null,Null,Null,BURRO: BURRO,Null,Null,Null,Null,Null,Null,Null,Null,Null,Null,Null,Null,DRY,DARK - NO LIGHTING,DRY,NHP,2396257,Null,Null,Null,2017-08-20T05:40:00.000Z,{0DFE4FC5-D2F4-458C-8547-F5F7247C7CA6}
413278,658339.6632,4169445.162,37.66,-115.2,2017-08-26,DOG/COYOTE,PROPERTY DAMAGE ONLY,LINCOLN,Sat Aug 26 00:00:00 PDT 2017,Sun Dec 31 00:00:00 PST 1899,0:00:00,SR318,528,S,MILE MARKER 10,CLEAR,-9999,-9999,PDO,O,NON-COLLISION,1,"SEDAN, 4 DOOR",S,20,1,GOING STRAIGHT,APPARENTLY NORMAL,Null,Null,Null,DOG/COYOTE,Null,Null,Null,Null,Null,Null,Null,Null,Null,Null,Null,Null,DRY,DARK - NO LIGHTING,DRY,NHP,2396593,Null,Null,Null,2017-08-26T07:00:00.000Z,{EB12C5DF-1F1C-481B-BFD0-2243931D3906}
409060,436822.6097,4534318.572,40.96,-117.8,2017-08-26,DEER,PROPERTY DAMAGE ONLY,HUMBOLDT,Sat Aug 26 00:00:00 PDT 2017,Sun Dec 31 20:11:00 PST 1899,20:11:00,IR80W,500,W,MILE MARKER 13,CLEAR,-9999,-9999,PDO,O,NON-COLLISION,1,"TRACTOR TRUCK, DIESEL",W,30,2,GOING STRAIGHT,APPARENTLY NORMAL,Null,Null,Null,DEER,Null,Null,Null,Null,Null,Null,Null,Null,Null,Null,Null,Null,DRY,DARK - NO LIGHTING,DRY,NHP,2396635,Null,Null,Null,2017-08-27T03:11:00.000Z,{AE651C48-D2C9-4614-BD30-1C22EF3DEE83}
417536,270238.1635,4361101.803,39.37,-119.7,2017-12-02,HORSE,PROPERTY DAMAGE ONLY,STOREY,Sat Dec 02 00:00:00 PST 2017,Sun Dec 31 06:25:00 PST 1899,6:25:00,SR341,528,N,CARTWRIGHT RD,CLEAR,-9999,-9999,PDO,O,NON-COLLISION,1,PICKUP,N,34,1,GOING STRAIGHT,APPARENTLY NORMAL,Null,Null,Null,HORSE,Null,Null,Null,Null,Null,Null,Null,Null,Null,Null,Null,Null,DRY,DARK - NO LIGHTING,DRY,NHP,2416473,Null,Null,Null,2017-12-02T14:25:00.000Z,{8E561EF3-2C48-4EFA-B677-A3B404D96211}
416144,266863.2591,4341394.907,39.19,-119.7,2017-12-02,HORSE,PROPERTY DAMAGE ONLY,CARSON CITY,Sat Dec 02 00:00:00 PST 2017,Sun Dec 31 21:46:00 PST 1899,21:46:00,US50E,100,W,MILE MARKER 15,CLEAR,-9999,-9999,PDO,O,NON-COLLISION,1,SEDAN,E,31,2,GOING STRAIGHT,APPARENTLY NORMAL,Null,Null,Null,HORSE,Null,Null,Null,Null,Null,Null,Null,Null,Null,Null,Null,Null,DRY,DARK - NO LIGHTING,DRY,NHP,2416515,Null,Null,Null,2017-12-03T05:46:00.000Z,{3D6AEC66-C766-4D24-A589-68B7AB1D94AA}
416974,749953.7646,4069129.981,36.74,-114.2,2017-12-02,CATTLE,INJURY CRASH,CLARK,Sat Dec 02 00:00:00 PST 2017,Sun Dec 31 17:55:00 PST 1899,17:55:00,SR170,700,W,MILE MARKER 4,CLEAR,-9999,1,Null,B,NON-COLLISION,1,PICKUP,E,66,1,GOING STRAIGHT,APPARENTLY NORMAL,Null,Null,Null,CATTLE,Null,Null,Null,Null,Null,Null,Null,Null,Null,Null,Null,Null,DRY,DARK - NO LIGHTING,DRY,NHP,2416508,Null,Null,Null,2017-12-03T01:55:00.000Z,{1FA12605-F32C-444F-A14B-151773216F4A}
414031,473986.2323,4215835.428,38.09,-117.3,2017-12-02,ANTELOPE,PROPERTY DAMAGE ONLY,ESMERALDA,Sat Dec 02 00:00:00 PST 2017,Sun Dec 31 00:04:00 PST 1899,0:04:00,US6,200,E,MILE MARKER 55,CLEAR,-9999,-9999,PDO,O,NON-COLLISION,1,"HATCHBACK, 4 DOOR",W,-9999,-9999,GOING STRAIGHT,APPARENTLY NORMAL,Null,UNKNOWN,Null,ANTELOPE,Null,Null,Null,Null,Null,Null,Null,Null,Null,Null,Null,Null,Null,Null,Null,ESSO,2405295,Null,Null,Null,2017-12-02T08:04:00.000Z,{4D0E28D9-156A-462B-A78B-66696E0C313E}
417701,302684.1387,4362774.558,39.39,-119.3,2017-12-23,HORSE,PROPERTY DAMAGE ONLY,LYON,Sat Dec 23 00:00:00 PST 2017,Sun Dec 31 18:20:00 PST 1899,18:20:00,US50E,1320,W,TOPAZ ST,CLOUDY,-9999,-9999,PDO,O,NON-COLLISION,1,SEDAN,E,18,1,GOING STRAIGHT,APPARENTLY NORMAL,Null,Null,Null,HORSE,Null,Null,Null,Null,Null,Null,Null,Null,Null,Null,Null,Null,DRY,DUSK,DRY,NHP,2417906,Null,Null,Null,2017-12-24T02:20:00.000Z,{19C41E5B-D190-4488-80D7-E98B5512BCF3}
419859,665985.1843,4511248.024,40.74,-115,2017-12-30,DEER,INJURY CRASH,ELKO,Sat Dec 30 00:00:00 PST 2017,Sun Dec 31 19:00:00 PST 1899,19:00:00,US93N,132000,S,MILE MARKER 73,CLEAR,-9999,1,Null,C,NON-COLLISION,1,SEDAN,S,44,1,GOING STRAIGHT,APPARENTLY NORMAL,Null,OBJECT AVOIDANCE,Null,DEER,Null,Null,Null,Null,Null,Null,Null,Null,Null,Null,Null,Null,DRY,DARK - NO LIGHTING,DRY,NHP,2418273,Null,Null,Null,2017-12-31T03:00:00.000Z,{852921D0-0F75-4ABA-9759-F2DE5805E4DD}
374513,348934.4513,4370940.682,39.47,-118.8,2017-02-04,DOG/COYOTE,PROPERTY DAMAGE ONLY,CHURCHILL,Sat Feb 04 00:00:00 PST 2017,Sun Dec 31 23:57:00 PST 1899,23:57:00,US50,0,Null,RIO VISTA RD,CLEAR,-9999,-9999,PDO,O,NON-COLLISION,1,"SEDAN, 4 DOOR",E,24,-9999,TURNING LEFT,UNKNOWN,Null,RAN OFF ROAD,Null,DOG/COYOTE: RAN OFF ROAD RIGHT,Null,Null,Null,Null,Null,Null,Null,Null,Null,Null,Null,Null,DRY,DARK - NO LIGHTING,DRY,NHP,2359709,Null,Null,Null,2017-02-05T07:57:00.000Z,{0B142DDF-1145-4B18-952F-831E5B1DB99E}
398350,686879.5298,3984900.726,35.99,-114.9,2017-02-04,DOG/COYOTE,PROPERTY DAMAGE ONLY,CLARK,Sat Feb 04 00:00:00 PST 2017,Sun Dec 31 00:45:00 PST 1899,0:45:00,IR11N,0,Null,MILE MARKER 16.75,CLEAR,-9999,-9999,PDO,O,NON-COLLISION,1,"SEDAN, 4 DOOR",N,22,1,GOING STRAIGHT,APPARENTLY NORMAL,Null,Null,Null,DOG/COYOTE,Null,Null,Null,Null,Null,Null,Null,Null,Null,Null,Null,Null,DRY,DARK - NO LIGHTING,DRY,NHP,2364946,Null,Null,Null,2017-02-04T08:45:00.000Z,{1B1E5DA7-36B2-44A7-9E43-1BCF362F6C26}
376312,396119.6268,4226031.921,38.18,-118.2,2017-02-11,BURRO,PROPERTY DAMAGE ONLY,MINERAL,Sat Feb 11 00:00:00 PST 2017,Sun Dec 31 22:57:00 PST 1899,22:57:00,SR360,500,W,MILE MARKER 14,CLEAR,-9999,-9999,PDO,O,NON-COLLISION,1,"TRACTOR TRUCK, DIESEL",W,62,1,GOING STRAIGHT,APPARENTLY NORMAL,Null,Null,Null,BURRO,Null,Null,Null,Null,Null,Null,Null,Null,Null,Null,Null,Null,DRY,DARK - NO LIGHTING,DRY,NHP,2365354,Null,Null,Null,2017-02-12T06:57:00.000Z,{C265B1C9-DBD7-4E93-8345-7F88F39E6566}
375200,259470.541,4327740.523,39.07,-119.8,2017-02-25,DOG/COYOTE,PROPERTY DAMAGE ONLY,DOUGLAS,Sat Feb 25 00:00:00 PST 2017,Sun Dec 31 07:37:00 PST 1899,7:37:00,US395,0,S,SILVER CITY RV,CLEAR,-9999,-9999,PDO,O,NON-COLLISION,1,SEDAN,N,62,1,GOING STRAIGHT,APPARENTLY NORMAL,Null,Null,Null,DOG/COYOTE,Null,Null,Null,Null,Null,Null,Null,Null,Null,Null,Null,Null,DRY,DAWN,DRY,NHP,2366275,Null,Null,Null,2017-02-25T15:37:00.000Z,{5EAE9C12-8952-491E-8A27-BC10D3130778}
376585,376307.2181,4450065.382,40.19,-118.5,2017-02-25,DEER,PROPERTY DAMAGE ONLY,PERSHING,Sat Feb 25 00:00:00 PST 2017,Sun Dec 31 04:50:00 PST 1899,4:50:00,IR80E,1260,W,MILE MARKER 19,CLOUDY,-9999,-9999,PDO,O,NON-COLLISION,1,"SEDAN, 4 DOOR",E,39,1,GOING STRAIGHT,APPARENTLY NORMAL,Null,Null,Null,DEER,Null,Null,Null,Null,Null,Null,Null,Null,Null,Null,Null,Null,DRY,DARK - NO LIGHTING,DRY,NHP,2366258,Null,Null,Null,2017-02-25T12:50:00.000Z,{0E0DEAF7-8539-4C23-B6A1-92B861AB7CF0}
376908,261495.4144,4313159.812,38.93,-119.8,2017-02-25,CATTLE,INJURY CRASH,DOUGLAS,Sat Feb 25 00:00:00 PST 2017,Sun Dec 31 18:53:00 PST 1899,18:53:00,DRWY TO 1288 CENTERVILLE LN,100,S,CENTERVILLE LN,CLOUDY,-9999,1,Null,C,NON-COLLISION,1,CARRY-ALL,S,41,1,GOING STRAIGHT,APPARENTLY NORMAL,Null,OBJECT AVOIDANCE,Null,CATTLE,Null,Null,Null,Null,Null,Null,Null,Null,Null,Null,Null,Null,DRY,DARK - NO LIGHTING,DRY,DCSO,2361683,Null,Null,Null,2017-02-26T02:53:00.000Z,{57311554-84EE-4B9C-B2E8-5BD8E7530626}
373548,660448.4314,4004737.835,36.17,-115.2,2017-01-14,UNKNOWN,INJURY CRASH,CLARK,Sat Jan 14 00:00:00 PST 2017,Sun Dec 31 01:42:00 PST 1899,1:42:00,US95N,850,S,US95N TO SR596 INT80,CLEAR,-9999,1,Null,C,REAR-END,2,"SEDAN, 4 DOOR",N,31,3,GOING STRAIGHT,HAD BEEN DRINKING,Null,DRIVING TOO FAST FOR CONDITIONS,Null,Null,"SEDAN, 4 DOOR",N,21,3,GOING STRAIGHT,APPARENTLY NORMAL,Null,Null,Null,Null,Null,Null,Null,DARK - CONTINUOUS LIGHTING,Null,NHP,2358558,Null,Null,Null,2017-01-14T09:42:00.000Z,{C99AC417-1C55-465D-9312-586A20B02FEF}
371978,585713.875,4507459.5,40.71,-116,2017-01-14,DEER,PROPERTY DAMAGE ONLY,ELKO,Sat Jan 14 00:00:00 PST 2017,Sun Dec 31 17:18:00 PST 1899,17:18:00,IR80 E,2164,E,EL 9,CLEAR,-9999,-9999,PDO,O,NON-COLLISION,1,"HARDTOP, 4 DOOR",E,19,2,GOING STRAIGHT,APPARENTLY NORMAL,Null,Null,Null,DEER,Null,Null,Null,Null,Null,Null,Null,Null,Null,Null,Null,Null,DRY,DARK - NO LIGHTING,DRY,NHP,2358586,Null,Null,Null,2017-01-15T01:18:00.000Z,{B0E7D013-45E6-4F69-AA74-0F6A26C770EA}
374471,518531.8777,4497598.122,40.63,-116.8,2017-01-21,DOG/COYOTE,PROPERTY DAMAGE ONLY,LANDER,Sat Jan 21 00:00:00 PST 2017,Sun Dec 31 16:00:00 PST 1899,16:00:00,IR80E,1217,W,MILE MARKER 16,CLOUDY,-9999,-9999,PDO,O,NON-COLLISION,1,"SEDAN, 4 DOOR",E,18,-9999,GOING STRAIGHT,APPARENTLY NORMAL,Null,FAILURE TO KEEP IN PROPER LANE OR RUNNING OFF ROAD: UNSAFE LANE CHANGE,Null,DOG/COYOTE: RAN OFF ROAD LEFT: OVERTURN/ROLLOVER,Null,Null,Null,Null,Null,Null,Null,Null,Null,Null,Null,Null,WET,DAYLIGHT,WET,NHP,2358964,Null,Null,Null,2017-01-22T00:00:00.000Z,{A222D5A5-F77E-4657-B69B-D9E404CBF595}
392877,666426.9781,4509952.168,40.72,-115,2017-07-01,ELK,PROPERTY DAMAGE ONLY,ELKO,Sat Jul 01 00:00:00 PDT 2017,Sun Dec 31 20:45:00 PST 1899,20:45:00,US93N,800,N,MILE MARKER 47,CLEAR,-9999,-9999,PDO,O,NON-COLLISION,1,"SEDAN, 4 DOOR",N,49,1,GOING STRAIGHT,APPARENTLY NORMAL,Null,Null,Null,ELK,Null,Null,Null,Null,Null,Null,Null,Null,Null,Null,Null,Null,DRY,DARK - NO LIGHTING,DRY,NHP,2384281,Null,Null,Null,2017-07-02T03:45:00.000Z,{4EB1151A-FAA4-4EC0-9661-B57B2036CC67}
400192,687785.3539,4629382.157,41.79,-114.7,2017-07-01,DEER,PROPERTY DAMAGE ONLY,ELKO,Sat Jul 01 00:00:00 PDT 2017,Sun Dec 31 00:22:00 PST 1899,0:22:00,US93N,1584,N,MILE MARKER 127,CLEAR,-9999,-9999,PDO,O,NON-COLLISION,1,SEMI,S,44,1,GOING STRAIGHT,APPARENTLY NORMAL,Null,Null,Null,DEER,Null,Null,Null,Null,Null,Null,Null,Null,Null,Null,Null,Null,DRY,DARK - NO LIGHTING,DRY,ECSO,2387964,Null,Null,Null,2017-07-01T07:22:00.000Z,{934BBDEE-3A99-4009-921D-81CB7395CCB8}
408844,487505.1602,4278469.395,38.65,-117.1,2017-07-01,ANTELOPE,PROPERTY DAMAGE ONLY,NYE,Sat Jul 01 00:00:00 PDT 2017,Sun Dec 31 21:00:00 PST 1899,21:00:00,SR376,0,Null,MILE MARKER 43,CLEAR,-9999,-9999,PDO,O,NON-COLLISION,1,PICKUP,N,-9999,-9999,GOING STRAIGHT,APPARENTLY NORMAL,Null,Null,Null,ANTELOPE,Null,Null,Null,Null,Null,Null,Null,Null,Null,Null,Null,Null,Null,Null,Null,NYSO,2400219,Null,Null,Null,2017-07-02T04:00:00.000Z,{2FF9E4BF-AA73-443F-A46B-3234FE0AE713}
384646,265547.9761,4320326.928,39,-119.7,2017-07-08,HORSE,PROPERTY DAMAGE ONLY,DOUGLAS,Sat Jul 08 00:00:00 PDT 2017,Sun Dec 31 23:00:00 PST 1899,23:00:00,EAST VALLEY RD,1320,N,ELDON WAY,CLEAR,-9999,-9999,PDO,N,NON-COLLISION,1,"SEDAN, 4 DOOR",N,-9999,-9999,GOING STRAIGHT,APPARENTLY NORMAL,Null,Null,Null,HORSE,Null,Null,Null,Null,Null,Null,Null,Null,Null,Null,Null,Null,Null,Null,Null,DCSO,2372877,Null,Null,Null,2017-07-09T06:00:00.000Z,{EF5A9E09-211E-435D-A7EB-866A0A6AA1C3}
416824,279746.6641,4353642.846,39.3,-119.6,2017-07-08,HORSE,PROPERTY DAMAGE ONLY,LYON,Sat Jul 08 00:00:00 PDT 2017,Sun Dec 31 11:32:00 PST 1899,11:32:00,SIX MILE CANYON RD,0,Null,SAM CLEMENS AVE,CLEAR,-9999,-9999,PDO,O,NON-COLLISION,1,COUPE,E,71,1,GOING STRAIGHT,APPARENTLY NORMAL,Null,UNKNOWN,Null,HORSE,Null,Null,Null,Null,Null,Null,Null,Null,Null,Null,Null,Null,DRY,DAYLIGHT,DRY,STSO,2423685,Null,Null,Null,2017-07-08T18:32:00.000Z,{230BDD2C-A322-4E0C-BE91-1E67AB175DFF}
399388,705925.839,4282215.543,38.66,-114.6,2017-07-08,ELK,PROPERTY DAMAGE ONLY,LINCOLN,Sat Jul 08 00:00:00 PDT 2017,Sun Dec 31 21:16:00 PST 1899,21:16:00,US93N,100,S,MILE MARKER 172,CLOUDY,-9999,-9999,PDO,O,NON-COLLISION,1,SEDAN,S,33,1,GOING STRAIGHT,APPARENTLY NORMAL,Null,Null,Null,ELK,Null,Null,Null,Null,Null,Null,Null,Null,Null,Null,Null,Null,DRY,DARK - NO LIGHTING,DRY,NHP,2393863,Null,Null,Null,2017-07-09T04:16:00.000Z,{AD8504C2-C623-4ACC-AD42-DABF0E8E5436}
388367,254028.1235,4312243.364,38.92,-119.8,2017-07-08,DEER,INJURY CRASH,DOUGLAS,Sat Jul 08 00:00:00 PDT 2017,Sun Dec 31 07:50:00 PST 1899,7:50:00,SR206,1500,S,SR207,CLEAR,-9999,1,Null,C,NON-COLLISION,1,MOTORBIKE,N,24,1,GOING STRAIGHT,APPARENTLY NORMAL,Null,UNKNOWN,Null,DEER,Null,Null,Null,Null,Null,Null,Null,Null,Null,Null,Null,Null,DRY,DAYLIGHT,DRY,DCSO,2372876,Null,Null,YES,2017-07-08T14:50:00.000Z,{6E25F434-CD88-44F5-9B54-C0688838E302}