OBJECTID,X,Y,Latitude,Longitude,Date,AnimalType,Crash_Seve,County,Crash_Date_Original,Crash_Time_Original,Crash_Time,Primary_St,Distance,Dir,Secondary_,Weather,Fatalities,Injured,Property_D,Injury_Typ,Crash_Type,Total_Vehi,V1_Type,V1_Dir,V1_Driver_,V1_Lane_Nu,V1_Action,V1_Driver1,V1_Drive_1,V1_Vehicle,V1_Most_Ha,V1_All_Eve,V2_Type,V2_Dir,V2_Driver_,V2_Lane_Nu,V2_Action,V2_Driver1,V2_Drive_1,V2_Vehicle,V2_Most_Ha,V2_All_Eve,First_Harm,Nonmotoris,Factors_Ro,Lighting,HWY_Factor,Agency,Accident_R,Pedalcycli,Pedestrian,Motorcycli,CrashDateT,GlobalID
399762,247340.7631,4391653.479,39.64,-119.9,2017-07-08,DEER,PROPERTY DAMAGE ONLY,WASHOE,Sat Jul 08 00:00:00 PDT 2017,Sun Dec 31 22:13:00 PST 1899,22:13:00,US395N,100,N,MILE MARKER 38,CLEAR,-9999,-9999,PDO,O,NON-COLLISION,1,VAN,N,53,2,GOING STRAIGHT,APPARENTLY NORMAL,Null,Null,Null,DEER,Null,Null,Null,Null,Null,Null,Null,Null,Null,Null,Null,Null,DRY,DARK - UNKNOWN LIGHTING,DRY,NHP,2393867,Null,Null,Null,2017-07-09T05:13:00.000Z,{D90BC80C-1A5D-4008-8F28-1081274EFC86}
400135,578621.0428,4566825.037,41.25,-116.1,2017-07-08,DEER,PROPERTY DAMAGE ONLY,ELKO,Sat Jul 08 00:00:00 PDT 2017,Sun Dec 31 19:55:00 PST 1899,19:55:00,SR226,1000,W,MILE MARKER 14,CLEAR,-9999,-9999,PDO,O,NON-COLLISION,1,CARRY-ALL,E,62,1,GOING STRAIGHT,APPARENTLY NORMAL,Null,Null,Null,DEER,Null,Null,Null,Null,Null,Null,Null,Null,Null,Null,Null,Null,DRY,DARK - NO LIGHTING,DRY,NHP,2393880,Null,Null,Null,2017-07-09T02:55:00.000Z,{CE0A941F-7BED-48C1-963F-088EC62C8027}
400276,727964.6015,4184534.86,37.78,-114.4,2017-07-08,DEER,PROPERTY DAMAGE ONLY,LINCOLN,Sat Jul 08 00:00:00 PDT 2017,Sun Dec 31 20:26:00 PST 1899,20:26:00,US93N,1000,N,MILE MARKER 107,CLOUDY,-9999,-9999,PDO,O,NON-COLLISION,1,SEDAN,N,21,1,GOING STRAIGHT,APPARENTLY NORMAL,Null,Null,Null,DEER,Null,Null,Null,Null,Null,Null,Null,Null,Null,Null,Null,Null,DRY,DARK - NO LIGHTING,DRY,NHP,2393862,Null,Null,Null,2017-07-09T03:26:00.000Z,{6C7956A4-E6D8-4D49-A09C-9F7A7811D118}
400277,740652.5625,4482332.5,40.46,-114.2,2017-07-08,ANTELOPE,PROPERTY DAMAGE ONLY,ELKO,Sat Jul 08 00:00:00 PDT 2017,Sun Dec 31 21:43:00 PST 1899,21:43:00,US93AN,2640,N,MILE MARKER 32,CLEAR,-9999,-9999,PDO,O,NON-COLLISION,1,UTILITY,N,31,1,GOING STRAIGHT,APPARENTLY NORMAL,Null,Null,Null,ANTELOPE,Null,Null,Null,Null,Null,Null,Null,Null,Null,Null,Null,Null,DRY,DARK - NO LIGHTING,DRY,NHP,2393864,Null,Null,Null,2017-07-09T04:43:00.000Z,{BB402CBE-5EE5-4442-9896-546E2E754A56}
403808,495775.2779,4474162.329,40.42,-117,2017-07-08,ANTELOPE,PROPERTY DAMAGE ONLY,LANDER,Sat Jul 08 00:00:00 PDT 2017,Sun Dec 31 18:19:00 PST 1899,18:19:00,SR305,500,N,MILE MARKER 100,CLOUDY,-9999,-9999,PDO,O,NON-COLLISION,1,SEDAN,N,54,-9999,GOING STRAIGHT,APPARENTLY NORMAL,Null,UNKNOWN,Null,ANTELOPE,Null,Null,Null,Null,Null,Null,Null,Null,Null,Null,Null,Null,DRY,DAYLIGHT,DRY,NHP,2393859,Null,Null,Null,2017-07-09T01:19:00.000Z,{2D447A2F-C631-4896-9B4F-D9820B7F744D}
405526,306054.0255,4351247.419,39.29,-119.2,2017-07-15,DEER,INJURY CRASH,LYON,Sat Jul 15 00:00:00 PDT 2017,Sun Dec 31 21:11:00 PST 1899,21:11:00,US95A,1000,N,MILE MARKER 35,CLEAR,-9999,1,Null,C,NON-COLLISION,1,"SEDAN, 4 DOOR",N,21,1,GOING STRAIGHT,APPARENTLY NORMAL,Null,UNKNOWN,Null,DEER,Null,Null,Null,Null,Null,Null,Null,Null,Null,Null,Null,Null,DRY,DARK - NO LIGHTING,DRY,NHP,2394205,Null,Null,Null,2017-07-16T04:11:00.000Z,{36DB25B5-3BD2-4081-813B-C2FC5BC27826}
406041,680715.1998,4564929.629,41.22,-114.8,2017-07-22,OTHER ANIMAL,PROPERTY DAMAGE ONLY,ELKO,Sat Jul 22 00:00:00 PDT 2017,Sun Dec 31 21:30:00 PST 1899,21:30:00,US93N,0,Null,MILE MARKER 84,CLEAR,-9999,-9999,PDO,O,NON-COLLISION,1,UTILITY,S,42,1,GOING STRAIGHT,APPARENTLY NORMAL,Null,Null,Null,OTHER ANIMAL,Null,Null,Null,Null,Null,Null,Null,Null,Null,Null,Null,Null,DRY,DARK - NO LIGHTING,DRY,NHP,2394638,Null,Null,Null,2017-07-23T04:30:00.000Z,{3979F463-7903-40E7-BAA7-5F84C92186B8}
405573,403594.3782,4243927.658,38.34,-118.1,2017-07-22,CATTLE,PROPERTY DAMAGE ONLY,MINERAL,Sat Jul 22 00:00:00 PDT 2017,Sun Dec 31 00:10:00 PST 1899,0:10:00,US95N,500,N,MILE MARKER 12,CLEAR,-9999,-9999,PDO,O,NON-COLLISION,1,UTILITY,N,42,1,GOING STRAIGHT,APPARENTLY NORMAL,Null,OBJECT AVOIDANCE,Null,CATTLE,Null,Null,Null,Null,Null,Null,Null,Null,Null,Null,Null,Null,DRY,DARK - NO LIGHTING,DRY,NHP,2394562,Null,Null,Null,2017-07-22T07:10:00.000Z,{97C5D946-EB95-4094-83C1-8FE7C56C6361}
406313,403594.3805,4243626.55,38.34,-118.1,2017-07-22,CATTLE,PROPERTY DAMAGE ONLY,MINERAL,Sat Jul 22 00:00:00 PDT 2017,Sun Dec 31 00:10:00 PST 1899,0:10:00,US95N,500,S,MILE MARKER 12,CLEAR,-9999,-9999,PDO,O,NON-COLLISION,1,"SEDAN, 2 DOOR",S,39,1,GOING STRAIGHT,APPARENTLY NORMAL,Null,OBJECT AVOIDANCE,Null,CATTLE,Null,Null,Null,Null,Null,Null,Null,Null,Null,Null,Null,Null,DRY,DARK - NO LIGHTING,DRY,NHP,2394590,Null,Null,Null,2017-07-22T07:10:00.000Z,{6B8F515F-8FB6-4662-B391-8B8090A150D6}
405871,530780.625,4502637.347,40.67,-116.6,2017-07-29,DOG/COYOTE,PROPERTY DAMAGE ONLY,LANDER,Sat Jul 29 00:00:00 PDT 2017,Sun Dec 31 20:12:00 PST 1899,20:12:00,IR80E,2112,W,MILE MARKER 25,CLOUDY,-9999,-9999,PDO,O,NON-COLLISION,1,SEDAN,S,48,1,GOING STRAIGHT,APPARENTLY NORMAL,Null,Null,Null,DOG/COYOTE,Null,Null,Null,Null,Null,Null,Null,Null,Null,Null,Null,Null,DRY,DARK - NO LIGHTING,DRY,NHP,2395013,Null,Null,Null,2017-07-30T03:12:00.000Z,{D5F6B070-5C93-43F1-BB5D-4431969EAA75}
401874,612380.4375,4532185.5,40.93,-115.7,2017-07-29,DEER,PROPERTY DAMAGE ONLY,ELKO,Sat Jul 29 00:00:00 PDT 2017,Sun Dec 31 08:20:00 PST 1899,8:20:00,E IDAHO ST,0,Null,E IDAHO ST,CLEAR,-9999,-9999,PDO,N,NON-COLLISION,1,"SEDAN, 4 DOOR",E,-9999,-9999,GOING STRAIGHT,UNKNOWN,Null,UNKNOWN,Null,DEER,Null,Null,Null,Null,Null,Null,Null,Null,Null,Null,Null,Null,Null,Null,Null,ECSO,2387973,Null,Null,Null,2017-07-29T15:20:00.000Z,{6ADBE013-F899-4718-809A-6AC9D006AEA4}
405604,601087.3282,4613094.406,41.66,-115.8,2017-07-29,DEER,PROPERTY DAMAGE ONLY,ELKO,Sat Jul 29 00:00:00 PDT 2017,Sun Dec 31 22:40:00 PST 1899,22:40:00,SR225,0,Null,MILE MARKER 91,UNKNOWN,-9999,-9999,PDO,O,NON-COLLISION,1,CARRY-ALL,S,36,1,GOING STRAIGHT,APPARENTLY NORMAL,Null,Null,Null,DEER,Null,Null,Null,Null,Null,Null,Null,Null,Null,Null,Null,Null,DRY,DARK - NO LIGHTING,DRY,NHP,2395020,Null,Null,Null,2017-07-30T05:40:00.000Z,{A59CCF61-1512-419B-AF61-B0C97070008F}
406774,628347.0257,4029921.092,36.41,-115.6,2017-07-29,BURRO,PROPERTY DAMAGE ONLY,CLARK,Sat Jul 29 00:00:00 PDT 2017,Sun Dec 31 20:45:00 PST 1899,20:45:00,SR156,300,E,MILE MARKER 10,CLEAR,-9999,-9999,PDO,O,NON-COLLISION,1,"HATCHBACK, 4 DOOR",E,74,1,GOING STRAIGHT,APPARENTLY NORMAL,Null,OBJECT AVOIDANCE,Null,BURRO,Null,Null,Null,Null,Null,Null,Null,Null,Null,Null,Null,Null,DRY,DARK - NO LIGHTING,DRY,NHP,2395014,Null,Null,Null,2017-07-30T03:45:00.000Z,{3AAE2BD8-5AD2-4A48-9FEF-D185DCF83B23}
405704,356975.3513,4267250.146,38.54,-118.6,2017-07-29,ANTELOPE,PROPERTY DAMAGE ONLY,MINERAL,Sat Jul 29 00:00:00 PDT 2017,Sun Dec 31 06:45:00 PST 1899,6:45:00,US95N,2640,S,MILE MARKER 52,CLEAR,-9999,-9999,PDO,O,NON-COLLISION,1,"SEDAN, 4 DOOR",S,25,2,GOING STRAIGHT,APPARENTLY NORMAL,Null,OBJECT AVOIDANCE,Null,ANTELOPE,Null,Null,Null,Null,Null,Null,Null,Null,Null,Null,Null,Null,DRY,DAYLIGHT,DRY,NHP,2394990,Null,Null,Null,2017-07-29T13:45:00.000Z,{6F7DB711-081D-4832-AE0B-AB4D193A9758}
393749,485079.7873,4271633.568,38.59,-117.2,2017-06-03,ANTELOPE,PROPERTY DAMAGE ONLY,NYE,Sat Jun 03 00:00:00 PDT 2017,Sun Dec 31 22:48:00 PST 1899,22:48:00,SR376,2640,N,MILE MARKER 38,CLEAR,-9999,-9999,PDO,O,NON-COLLISION,1,PICKUP,N,37,1,GOING STRAIGHT,UNKNOWN,Null,DROVE LEFT OF CENTER,Null,ANTELOPE,Null,Null,Null,Null,Null,Null,Null,Null,Null,Null,Null,Null,DRY,DARK - NO LIGHTING,DRY,NHP,2382685,Null,Null,Null,2017-06-04T05:48:00.000Z,{227F86C5-BBC3-4DE2-9201-25DCAC0DFC63}
394953,700919.6384,4321788.155,39.02,-114.7,2017-06-10,ELK,PROPERTY DAMAGE ONLY,WHITE PINE,Sat Jun 10 00:00:00 PDT 2017,Sun Dec 31 00:46:00 PST 1899,0:46:00,US6,500,E,MILE MARKER 58,CLEAR,-9999,-9999,PDO,O,NON-COLLISION,1,UTILITY,W,31,1,GOING STRAIGHT,APPARENTLY NORMAL,Null,OBJECT AVOIDANCE,Null,ELK,Null,Null,Null,Null,Null,Null,Null,Null,Null,Null,Null,Null,DRY,DARK - NO LIGHTING,DRY,NHP,2382976,Null,Null,Null,2017-06-10T07:46:00.000Z,{B51CE073-E100-48E7-908C-F9889C4CCAF2}
393174,247195.7071,4333488.964,39.11,-119.9,2017-06-17,DEER,INJURY CRASH,DOUGLAS,Sat Jun 17 00:00:00 PDT 2017,Sun Dec 31 21:15:00 PST 1899,21:15:00,SR28,1056,N,MILE MARKER 1,CLEAR,-9999,1,Null,B,NON-COLLISION,1,"SEDAN, 4 DOOR",N,34,1,GOING STRAIGHT,APPARENTLY NORMAL,Null,Null,Null,DEER,Null,Null,Null,Null,Null,Null,Null,Null,Null,Null,Null,Null,DRY,DARK - NO LIGHTING,DRY,NHP,2383491,Null,Null,Null,2017-06-18T04:15:00.000Z,{77558B35-F7D5-4BC8-AF78-936F38AD03A2}
394323,629085.1373,4535238.451,40.96,-115.5,2017-06-17,DEER,PROPERTY DAMAGE ONLY,ELKO,Sat Jun 17 00:00:00 PDT 2017,Sun Dec 31 07:10:00 PST 1899,7:10:00,SR229,12,S,IR80E TO SR229 INT321,CLEAR,-9999,-9999,PDO,O,NON-COLLISION,1,CARRY-ALL,S,74,1,GOING STRAIGHT,APPARENTLY NORMAL,Null,UNKNOWN,Null,DEER,Null,Null,Null,Null,Null,Null,Null,Null,Null,Null,Null,Null,DRY,DAYLIGHT,DRY,NHP,2383434,Null,Null,Null,2017-06-17T14:10:00.000Z,{42BD2579-00BC-4F03-B8D9-1652D371CD79}
394915,356880.5342,4430436.849,40.01,-118.7,2017-06-24,DEER,PROPERTY DAMAGE ONLY,PERSHING,Sat Jun 24 00:00:00 PDT 2017,Sun Dec 31 19:45:00 PST 1899,19:45:00,IR80E,252,W,MILE MARKER 1,CLEAR,-9999,-9999,PDO,O,NON-COLLISION,1,VAN,E,35,2,GOING STRAIGHT,APPARENTLY NORMAL,Null,UNKNOWN,Null,DEER,Null,Null,Null,Null,Null,Null,Null,Null,Null,Null,Null,Null,DRY,DUSK,DRY,NHP,2383895,Null,Null,Null,2017-06-25T02:45:00.000Z,{DB547487-45A3-4701-B323-F0DDC476FCEA}
395501,670960.563,4307333.045,38.9,-115,2017-06-24,DEER,PROPERTY DAMAGE ONLY,WHITE PINE,Sat Jun 24 00:00:00 PDT 2017,Sun Dec 31 21:25:00 PST 1899,21:25:00,SR318,528,S,MILE MARKER 14,CLEAR,-9999,-9999,PDO,O,NON-COLLISION,1,CARRY-ALL,N,44,1,GOING STRAIGHT,APPARENTLY NORMAL,Null,OBJECT AVOIDANCE,Null,DEER,Null,Null,Null,Null,Null,Null,Null,Null,Null,Null,Null,Null,DRY,DARK - NO LIGHTING,DRY,NHP,2383896,Null,Null,Null,2017-06-25T04:25:00.000Z,{DEAD9266-4B58-4BDD-A4CF-5A25E9B9E3BF}
375346,356626.4123,4372438.268,39.49,-118.7,2017-03-04,CATTLE,PROPERTY DAMAGE ONLY,CHURCHILL,Sat Mar 04 00:00:00 PST 2017,Sun Dec 31 02:09:00 PST 1899,2:09:00,SR116,400,E,KIRN RD,CLEAR,-9999,-9999,PDO,O,NON-COLLISION,1,PICKUP,W,23,1,GOING STRAIGHT,APPARENTLY NORMAL,Null,Null,Null,CATTLE,Null,Null,Null,Null,Null,Null,Null,Null,Null,Null,Null,Null,DRY,DARK - NO LIGHTING,DRY,CHSO,2361648,Null,Null,Null,2017-03-04T10:09:00.000Z,{3824EC37-6407-4351-8A78-3264FB3D3FED}
375371,692043.2803,4373777.593,39.49,-114.8,2017-03-04,CATTLE,PROPERTY DAMAGE ONLY,WHITE PINE,Sat Mar 04 00:00:00 PST 2017,Sun Dec 31 22:16:00 PST 1899,22:16:00,US93N,2500,N,MILE MARKER 71,SEVERE CROSSWINDS,-9999,-9999,PDO,O,NON-COLLISION,1,SEMI,S,47,1,GOING STRAIGHT,APPARENTLY NORMAL,Null,OBJECT AVOIDANCE,Null,CATTLE,Null,Null,Null,Null,Null,Null,Null,Null,Null,Null,Null,Null,Null,DARK - NO LIGHTING,Null,NHP,2366687,Null,Null,Null,2017-03-05T06:16:00.000Z,{FCA0F5D2-B8E9-417C-9D04-E3CD2B8E5149}
375703,476410.0505,4205793.747,38,-117.3,2017-03-11,OTHER ANIMAL,PROPERTY DAMAGE ONLY,ESMERALDA,Sat Mar 11 00:00:00 PST 2017,Sun Dec 31 05:22:00 PST 1899,5:22:00,US95N,1056,S,MILE MARKER 40,CLEAR,-9999,-9999,PDO,O,NON-COLLISION,1,STATION WAGON,S,57,1,GOING STRAIGHT,APPARENTLY NORMAL,Null,OVER-CORRECTING/OVER-STEERING: RAN OFF ROAD: OBJECT AVOIDANCE,Null,OTHER ANIMAL: RAN OFF ROAD RIGHT: OVERTURN/ROLLOVER,Null,Null,Null,Null,Null,Null,Null,Null,Null,Null,Null,Null,DRY,DAWN,DRY,NHP,2367040,Null,Null,Null,2017-03-11T13:22:00.000Z,{F1509052-1E7C-4AAC-BDB5-CBABFEEB89E8}
383721,639629.549,3995258.582,36.09,-115.4,2017-03-18,DEER,PROPERTY DAMAGE ONLY,CLARK,Sat Mar 18 00:00:00 PDT 2017,Sun Dec 31 19:16:00 PST 1899,19:16:00,SR159,200,N,MILE MARKER 7,CLEAR,-9999,-9999,PDO,O,NON-COLLISION,1,"SEDAN, 4 DOOR",S,32,1,GOING STRAIGHT,APPARENTLY NORMAL,Null,Null,Null,DEER,Null,Null,Null,Null,Null,Null,Null,Null,Null,Null,Null,Null,DRY,DARK - NO LIGHTING,DRY,NHP,2378792,Null,Null,Null,2017-03-19T02:16:00.000Z,{CE758B61-EBF8-492C-9933-AB256FC4A2C6}
385091,705216.0594,4278286.441,38.63,-114.6,2017-05-06,ELK,PROPERTY DAMAGE ONLY,LINCOLN,Sat May 06 00:00:00 PDT 2017,Sun Dec 31 03:30:00 PST 1899,3:30:00,US93N,2640,S,MILE MARKER 170,CLOUDY,-9999,-9999,PDO,O,NON-COLLISION,1,PICKUP,N,69,1,GOING STRAIGHT,APPARENTLY NORMAL,Null,Null,Null,ELK,Null,Null,Null,Null,Null,Null,Null,Null,Null,Null,Null,Null,DRY,DARK - NO LIGHTING,DRY,NHP,2381050,Null,Null,Null,2017-05-06T10:30:00.000Z,{F4EB5C0C-5C6E-4A3A-AD3F-13EFB8D3E3A8}
384349,724294.4657,4177327.825,37.72,-114.5,2017-05-06,DEER,PROPERTY DAMAGE ONLY,LINCOLN,Sat May 06 00:00:00 PDT 2017,Sun Dec 31 06:00:00 PST 1899,6:00:00,US93N,528,N,MILE MARKER 102,CLEAR,-9999,-9999,PDO,O,NON-COLLISION,1,"SEDAN, 4 DOOR",N,32,1,GOING STRAIGHT,APPARENTLY NORMAL,Null,Null,Null,DEER,Null,Null,Null,Null,Null,Null,Null,Null,Null,Null,Null,Null,DRY,DAYLIGHT,DRY,NHP,2381046,Null,Null,Null,2017-05-06T13:00:00.000Z,{52D52E1C-51AD-4300-9B62-4B2EC87BB881}
386008,390752.7593,4478210.049,40.45,-118.3,2017-05-06,DEER,PROPERTY DAMAGE ONLY,PERSHING,Sat May 06 00:00:00 PDT 2017,Sun Dec 31 20:40:00 PST 1899,20:40:00,IR80W,689,E,MILE MARKER 39,CLOUDY,-9999,-9999,PDO,O,NON-COLLISION,1,"SEDAN, 4 DOOR",W,19,2,GOING STRAIGHT,APPARENTLY NORMAL,Null,UNKNOWN,Null,DEER,Null,Null,Null,Null,Null,Null,Null,Null,Null,Null,Null,Null,DRY,DARK - NO LIGHTING,DRY,NHP,2381100,Null,Null,Null,2017-05-07T03:40:00.000Z,{888E9C72-5249-4150-9B64-44BB9607AD8C}
385471,619780.2469,4302077.995,38.86,-115.6,2017-05-06,CATTLE,PROPERTY DAMAGE ONLY,NYE,Sat May 06 00:00:00 PDT 2017,Sun Dec 31 21:09:00 PST 1899,21:09:00,SR379,1320,N,MILE MARKER 11,CLEAR,-9999,-9999,PDO,O,NON-COLLISION,1,PICKUP,N,20,1,PASSING OTHER VEHICLE,APPARENTLY NORMAL,Null,OBJECT AVOIDANCE,Null,CATTLE,Null,Null,Null,Null,Null,Null,Null,Null,Null,Null,Null,Null,DRY,DARK - NO LIGHTING,DRY,NHP,2381104,Null,Null,Null,2017-05-07T04:09:00.000Z,{58FCE595-7380-48B7-9FC1-A26A7035274F}
388730,272474.5713,4358715.028,39.35,-119.6,2017-05-13,DOG/COYOTE,PROPERTY DAMAGE ONLY,STOREY,Sat May 13 00:00:00 PDT 2017,Sun Dec 31 00:28:00 PST 1899,0:28:00,SR341,200,S,MILE MARKER 7,CLEAR,-9999,-9999,PDO,O,NON-COLLISION,1,"HARDTOP, 4 DOOR",S,25,-9999,OTHER,APPARENTLY NORMAL,Null,OBJECT AVOIDANCE,Null,"RAN OFF ROAD RIGHT: OTHER POST, POLE OR SUPPORT: OVERTURN/ROLLOVER",Null,Null,Null,Null,Null,Null,Null,Null,Null,Null,Null,Null,DRY,DARK - NO LIGHTING,DRY,NHP,2381439,Null,Null,Null,2017-05-13T07:28:00.000Z,{7F2549E7-BC2F-41BF-966B-908AFB00ECCB}
384642,434274.0397,4598237.874,41.53,-117.8,2017-05-13,DEER,PROPERTY DAMAGE ONLY,HUMBOLDT,Sat May 13 00:00:00 PDT 2017,Sun Dec 31 20:50:00 PST 1899,20:50:00,US95N,106,N,MILE MARKER 41,CLOUDY,-9999,-9999,PDO,O,NON-COLLISION,1,CARRY-ALL,N,37,1,GOING STRAIGHT,APPARENTLY NORMAL,Null,Null,Null,DEER,Null,Null,Null,Null,Null,Null,Null,Null,Null,Null,Null,Null,DRY,DARK - NO LIGHTING,DRY,NHP,2381488,Null,Null,Null,2017-05-14T03:50:00.000Z,{24F34862-4731-459B-A7FF-1CCB76867BED}
383590,308347.804,4378442.059,39.53,-119.2,2017-05-13,CATTLE,PROPERTY DAMAGE ONLY,LYON,Sat May 13 00:00:00 PDT 2017,Sun Dec 31 22:03:00 PST 1899,22:03:00,US50A,528,E,MILE MARKER 9,CLEAR,-9999,-9999,PDO,O,NON-COLLISION,1,PICKUP,W,68,1,GOING STRAIGHT,APPARENTLY NORMAL,Null,Null,Null,CATTLE,Null,Null,Null,Null,Null,Null,Null,Null,Null,Null,Null,Null,DRY,DARK - NO LIGHTING,DRY,NHP,2381487,Null,Null,Null,2017-05-14T05:03:00.000Z,{52A39828-5E3E-472D-BB01-D9BEE3357CCE}
391743,670607.1625,4497691.648,40.61,-115,2017-05-20,UNKNOWN,PROPERTY DAMAGE ONLY,ELKO,Sat May 20 00:00:00 PDT 2017,Sun Dec 31 05:30:00 PST 1899,5:30:00,US93N,528,N,MILE MARKER 39,UNKNOWN,-9999,-9999,PDO,O,NON-COLLISION,1,"SEDAN, 4 DOOR",S,18,-9999,GOING STRAIGHT,UNKNOWN,Null,OVER-CORRECTING/OVER-STEERING: DROVE LEFT OF CENTER: RAN OFF ROAD,Null,RAN OFF ROAD RIGHT: OVERTURN/ROLLOVER,Null,Null,Null,Null,Null,Null,Null,Null,Null,Null,Null,Null,DRY,DAWN,DRY,NHP,2381834,Null,Null,Null,2017-05-20T12:30:00.000Z,{DC8AF9FD-9C75-4FA4-B043-ACD343845F4E}
395399,291175.5223,4377073.827,39.52,-119.4,2017-05-20,HORSE,PROPERTY DAMAGE ONLY,STOREY,Sat May 20 00:00:00 PDT 2017,Sun Dec 31 06:18:00 PST 1899,6:18:00,ELECTRIC AVE S,2640,E,SR439,Null,-9999,-9999,PDO,O,"SIDESWIPE, MEETING",2,"SEDAN, 4 DOOR",W,48,2,UNKNOWN,APPARENTLY NORMAL,Null,OBJECT AVOIDANCE,Null,SLOW/STOPPED VEHICLE,Null,Null,Null,2,GOING STRAIGHT,Null,Null,Null,Null,Null,Null,Null,DRY,DAYLIGHT,DRY,STSO,2386599,Null,Null,Null,2017-05-20T13:18:00.000Z,{48AF0C5F-8BA6-4DD2-B106-A3ED095D7620}
385670,585832.686,4632664.904,41.84,-116,2017-05-20,DEER,PROPERTY DAMAGE ONLY,ELKO,Sat May 20 00:00:00 PDT 2017,Sun Dec 31 19:59:00 PST 1899,19:59:00,SR225,2,N,MILE MARKER 111,CLEAR,-9999,-9999,PDO,N,NON-COLLISION,1,PICKUP,S,-9999,-9999,GOING STRAIGHT,PHYSICAL IMPAIRMENT,Null,OBJECT AVOIDANCE,Null,DEER,Null,Null,Null,Null,Null,Null,Null,Null,Null,Null,Null,Null,Null,Null,Null,ECSO,2373056,Null,Null,Null,2017-05-21T02:59:00.000Z,{65C7FD8B-3DE6-4A31-92BE-A20D012B024F}
385696,344591.8579,4371480.086,39.48,-118.8,2017-05-20,DEER,PROPERTY DAMAGE ONLY,CHURCHILL,Sat May 20 00:00:00 PDT 2017,Sun Dec 31 14:27:00 PST 1899,14:27:00,COLEMAN RD,190,W,ONDA VERDE DR,CLEAR,-9999,-9999,PDO,O,NON-COLLISION,1,VAN,W,63,1,GOING STRAIGHT,APPARENTLY NORMAL,Null,UNKNOWN,Null,DEER,Null,Null,Null,Null,Null,Null,Null,Null,Null,Null,Null,Null,DRY,DAYLIGHT,DRY,CHSO,2372772,Null,Null,Null,2017-05-20T21:27:00.000Z,{26EFB4DA-AA5D-4F9F-B61E-5162F1C7C9B8}
385124,421141.7391,4611173.639,41.65,-117.9,2017-05-20,CATTLE,PROPERTY DAMAGE ONLY,HUMBOLDT,Sat May 20 00:00:00 PDT 2017,Sun Dec 31 12:30:00 PST 1899,12:30:00,SR293,1584,N,MILE MARKER 12,CLOUDY,-9999,-9999,PDO,O,NON-COLLISION,1,CARRY-ALL,N,26,1,GOING STRAIGHT,APPARENTLY NORMAL,Null,Null,Null,CATTLE,Null,Null,Null,Null,Null,Null,Null,Null,Null,Null,Null,Null,DRY,DAYLIGHT,DRY,NHP,2381843,Null,Null,Null,2017-05-20T19:30:00.000Z,{920A31B6-53A2-49CB-A688-36ADB3FFCAD1}
405379,444267.3211,4178780.786,37.75,-117.6,2017-05-20,BURRO,PROPERTY DAMAGE ONLY,ESMERALDA,Sat May 20 00:00:00 PDT 2017,Sun Dec 31 20:45:00 PST 1899,20:45:00,GALENA ST,0,Null,MOHAWK LN,CLEAR,-9999,-9999,PDO,O,NON-COLLISION,1,"SEDAN, 2 DOOR",E,-9999,-9999,TURNING RIGHT,APPARENTLY NORMAL,Null,UNKNOWN,Null,"BURRO: RAN OFF ROAD RIGHT: OTHER POST, POLE OR SUPPORT",Null,Null,Null,Null,Null,Null,Null,Null,Null,Null,Null,Null,Null,Null,Null,ESSO,2373062,Null,Null,Null,2017-05-21T03:45:00.000Z,{A8FEE98A-C7A0-4900-BA19-817949C61805}
383657,404561.8798,4273635.246,38.61,-118.1,2017-05-20,ANTELOPE,INJURY CRASH,MINERAL,Sat May 20 00:00:00 PDT 2017,Sun Dec 31 12:20:00 PST 1899,12:20:00,SR361,0,Null,MILE MARKER 10,CLEAR,-9999,1,Null,C,NON-COLLISION,1,"SEDAN, 4 DOOR",S,58,1,GOING STRAIGHT,APPARENTLY NORMAL,Null,Null,Null,ANTELOPE,Null,Null,Null,Null,Null,Null,Null,Null,Null,Null,Null,Null,DRY,DAYLIGHT,DRY,NHP,2381844,Null,Null,Null,2017-05-20T19:20:00.000Z,{847DE0AE-EC94-4261-9EBE-19774120F6CD}
412395,261650.6661,4386643.513,39.6,-119.8,2017-05-27,DOG/COYOTE,PROPERTY DAMAGE ONLY,WASHOE,Sat May 27 00:00:00 PDT 2017,Sun Dec 31 21:53:00 PST 1899,21:53:00,LEON DR,0,Null,6TH AVE,CLEAR,-9999,-9999,PDO,O,"SIDESWIPE, MEETING",2,"SEDAN, 4 DOOR",N,-9999,-9999,NOT REPORTED,UNKNOWN,Null,OVER-CORRECTING/OVER-STEERING,Null,DOG/COYOTE: PARKED MOTOR VEHICLE,PICKUP,Null,Null,Null,PARKED,Null,Null,Null,Null,PARKED MOTOR VEHICLE,Null,Null,Null,Null,Null,WASO,2401416,Null,Null,Null,2017-05-28T04:53:00.000Z,{AE9350A9-304F-43EC-AC9B-C4BA5B016BE6}