OBJECTID,X,Y,Latitude,Longitude,Date,AnimalType,Crash_Seve,County,Crash_Date_Original,Crash_Time_Original,Crash_Time,Primary_St,Distance,Dir,Secondary_,Weather,Fatalities,Injured,Property_D,Injury_Typ,Crash_Type,Total_Vehi,V1_Type,V1_Dir,V1_Driver_,V1_Lane_Nu,V1_Action,V1_Driver1,V1_Drive_1,V1_Vehicle,V1_Most_Ha,V1_All_Eve,V2_Type,V2_Dir,V2_Driver_,V2_Lane_Nu,V2_Action,V2_Driver1,V2_Drive_1,V2_Vehicle,V2_Most_Ha,V2_All_Eve,First_Harm,Nonmotoris,Factors_Ro,Lighting,HWY_Factor,Agency,Accident_R,Pedalcycli,Pedestrian,Motorcycli,CrashDateT,GlobalID
393608,597723.3342,4615643.383,41.69,-115.8,2017-05-27,DEER,PROPERTY DAMAGE ONLY,ELKO,Sat May 27 00:00:00 PDT 2017,Sun Dec 31 01:30:00 PST 1899,1:30:00,SR225,0,Null,MILE MARKER 94,CLEAR,-9999,-9999,PDO,O,NON-COLLISION,1,PICKUP,S,20,1,GOING STRAIGHT,UNKNOWN,Null,Null,Null,DEER,Null,Null,Null,Null,Null,Null,Null,Null,Null,Null,Null,Null,DRY,DARK - NO LIGHTING,DRY,NHP,2382341,Null,Null,Null,2017-05-27T08:30:00.000Z,{DFC656F9-7E71-4102-B137-4C9C9D7412BD}
425518,310982.1172,4317917.62,38.99,-119.2,2017-11-04,DEER,PROPERTY DAMAGE ONLY,LYON,Sat Nov 04 00:00:00 PDT 2017,Sun Dec 31 19:21:00 PST 1899,19:21:00,SR339,1500,S,US95AN,CLEAR,-9999,-9999,PDO,O,NON-COLLISION,1,UTILITY,S,27,1,GOING STRAIGHT,APPARENTLY NORMAL,Null,UNKNOWN,Null,DEER,Null,Null,Null,Null,Null,Null,Null,Null,Null,Null,Null,Null,DRY,DARK - SPOT LIGHTING,DRY,NHP,2414712,Null,Null,Null,2017-11-05T02:21:00.000Z,{D7078840-4812-4642-9ADA-DC356C33371C}
415447,588496.2458,4014683.833,36.27,-116,2017-11-04,BURRO,PROPERTY DAMAGE ONLY,NYE,Sat Nov 04 00:00:00 PDT 2017,Sun Dec 31 23:17:00 PST 1899,23:17:00,BLAGG RD,0,Null,MCMURRAY DR,CLEAR,-9999,-9999,PDO,O,NON-COLLISION,1,"SEDAN, 4 DOOR",N,-9999,-9999,GOING STRAIGHT,APPARENTLY NORMAL,Null,Null,Null,BURRO,Null,Null,Null,Null,Null,Null,Null,Null,Null,Null,Null,Null,Null,Null,Null,NYSO,2423118,Null,Null,Null,2017-11-05T06:17:00.000Z,{6D232932-A3D7-4060-BF3C-08EDB9BB4600}
414149,603897.4083,4520259.145,40.83,-115.8,2017-11-11,DEER,PROPERTY DAMAGE ONLY,ELKO,Sat Nov 11 00:00:00 PST 2017,Sun Dec 31 21:00:00 PST 1899,21:00:00,W SILVER ST,16,E,BURNER CT,CLEAR,-9999,-9999,PDO,N,NON-COLLISION,1,CARRY-ALL,E,-9999,-9999,GOING STRAIGHT,APPARENTLY NORMAL,Null,UNKNOWN,Null,DEER,Null,Null,Null,Null,Null,Null,Null,Null,Null,Null,Null,Null,Null,Null,Null,ECSO,2405245,Null,Null,Null,2017-11-12T05:00:00.000Z,{F81C9624-9464-4706-B215-D2326507FBB6}
415545,620031.7425,4508895.754,40.72,-115.6,2017-11-11,DEER,PROPERTY DAMAGE ONLY,ELKO,Sat Nov 11 00:00:00 PST 2017,Sun Dec 31 18:37:00 PST 1899,18:37:00,SR227,1056,N,MILE MARKER 14,CLEAR,-9999,-9999,PDO,O,NON-COLLISION,1,"SEDAN, 4 DOOR",S,47,1,GOING STRAIGHT,APPARENTLY NORMAL,Null,UNKNOWN,Null,DEER,Null,Null,Null,Null,Null,Null,Null,Null,Null,Null,Null,Null,DRY,DARK - NO LIGHTING,DRY,NHP,2415155,Null,Null,Null,2017-11-12T02:37:00.000Z,{74857AD5-FF97-4D66-A497-5CDC6580B385}
417725,708821.875,4245298,38.33,-114.6,2017-11-11,DEER,PROPERTY DAMAGE ONLY,LINCOLN,Sat Nov 11 00:00:00 PST 2017,Sun Dec 31 17:11:00 PST 1899,17:11:00,US93N,1439,S,MILE MARKER 149,CLOUDY,-9999,-9999,PDO,O,NON-COLLISION,1,"HARDTOP, 4 DOOR",S,37,1,GOING STRAIGHT,APPARENTLY NORMAL,Null,Null,Null,DEER,Null,Null,Null,Null,Null,Null,Null,Null,Null,Null,Null,Null,DRY,DARK - NO LIGHTING,DRY,NHP,2415277,Null,Null,Null,2017-11-12T01:11:00.000Z,{3CF97B6E-A8A5-4EE1-99EA-E23B76F22A5E}
417730,638431.1249,3984370.585,35.99,-115.5,2017-11-11,DEER,PROPERTY DAMAGE ONLY,CLARK,Sat Nov 11 00:00:00 PST 2017,Sun Dec 31 17:10:00 PST 1899,17:10:00,SR160N,300,S,MILE MARKER 18,CLEAR,-9999,-9999,PDO,O,NON-COLLISION,1,"HATCHBACK, 4 DOOR",S,56,1,GOING STRAIGHT,APPARENTLY NORMAL,Null,Null,Null,DEER,Null,Null,Null,Null,Null,Null,Null,Null,Null,Null,Null,Null,DRY,DARK - NO LIGHTING,DRY,NHP,2415148,Null,Null,Null,2017-11-12T01:10:00.000Z,{453A536C-B47C-4348-80E1-27ABB4A82735}
417979,255648.2667,4334201.949,39.12,-119.8,2017-11-11,DEER,INJURY CRASH,CARSON CITY,Sat Nov 11 00:00:00 PST 2017,Sun Dec 31 20:32:00 PST 1899,20:32:00,US50E,500,E,MILE MARKER 4,CLEAR,-9999,1,Null,C,NON-COLLISION,1,CARRY-ALL,E,34,2,GOING STRAIGHT,APPARENTLY NORMAL,Null,Null,Null,DEER,Null,Null,Null,Null,Null,Null,Null,Null,Null,Null,Null,Null,DRY,DARK - NO LIGHTING,DRY,NHP,2415160,Null,Null,Null,2017-11-12T04:32:00.000Z,{819F491E-A24C-4220-80A9-8A209EDF246B}
419742,529169.7139,4502529.69,40.67,-116.7,2017-11-11,DEER,PROPERTY DAMAGE ONLY,LANDER,Sat Nov 11 00:00:00 PST 2017,Sun Dec 31 04:55:00 PST 1899,4:55:00,IR80W,3168,E,MILE MARKER 23,CLEAR,-9999,-9999,PDO,O,NON-COLLISION,1,SEDAN,W,28,2,UNKNOWN,APPARENTLY NORMAL,Null,UNKNOWN,Null,DEER,Null,Null,Null,Null,Null,Null,Null,Null,Null,Null,Null,Null,DRY,DARK - NO LIGHTING,DRY,NHP,2415118,Null,Null,Null,2017-11-11T12:55:00.000Z,{0E0BD0ED-8CD0-4FF6-AAA4-40F02974855A}
417522,673282.8409,4189615.785,37.84,-115,2017-11-18,DEER,PROPERTY DAMAGE ONLY,LINCOLN,Sat Nov 18 00:00:00 PST 2017,Sun Dec 31 17:30:00 PST 1899,17:30:00,SR318,450,S,MILE MARKER 26,CLEAR,-9999,-9999,PDO,O,NON-COLLISION,1,"SEDAN, 4 DOOR",S,30,1,GOING STRAIGHT,APPARENTLY NORMAL,Null,Null,Null,DEER,Null,Null,Null,Null,Null,Null,Null,Null,Null,Null,Null,Null,DRY,DARK - NO LIGHTING,DRY,NHP,2415633,Null,Null,Null,2017-11-19T01:30:00.000Z,{5D7058B0-625B-4AF6-B82A-354A69CB1821}
415580,701638.6935,4322166.519,39.03,-114.7,2017-11-25,ELK,PROPERTY DAMAGE ONLY,WHITE PINE,Sat Nov 25 00:00:00 PST 2017,Sun Dec 31 19:12:00 PST 1899,19:12:00,US6,2112,W,MILE MARKER 59,CLEAR,-9999,-9999,PDO,O,NON-COLLISION,1,PICKUP,W,35,1,GOING STRAIGHT,APPARENTLY NORMAL,Null,OBJECT AVOIDANCE,Null,ELK,Null,Null,Null,Null,Null,Null,Null,Null,Null,Null,Null,Null,DRY,DARK - NO LIGHTING,DRY,NHP,2416023,Null,Null,Null,2017-11-26T03:12:00.000Z,{309617AF-DCB4-4B5F-9E7D-E06A2F45442E}
415459,246889.4063,4352133.5,39.28,-119.9,2017-11-25,DEER,PROPERTY DAMAGE ONLY,WASHOE,Sat Nov 25 00:00:00 PST 2017,Sun Dec 31 06:04:00 PST 1899,6:04:00,SR431,200,S,MILE MARKER 5,CLEAR,-9999,-9999,PDO,O,NON-COLLISION,1,CARRY-ALL,S,-9999,-9999,GOING STRAIGHT,APPARENTLY NORMAL,Null,EXCEEDED AUTHORIZED SPEED LIMIT,Null,DEER,Null,Null,Null,Null,Null,Null,Null,Null,Null,Null,Null,Null,Null,Null,Null,WASO,2423784,Null,Null,Null,2017-11-25T14:04:00.000Z,{87E35751-E744-488F-A2B6-36C1772B1557}
420282,483603.7749,4428877.683,40.01,-117.2,2017-11-25,DEER,PROPERTY DAMAGE ONLY,LANDER,Sat Nov 25 00:00:00 PST 2017,Sun Dec 31 17:55:00 PST 1899,17:55:00,SR305,600,N,MILE MARKER 70,CLEAR,-9999,-9999,PDO,O,NON-COLLISION,1,VAN,N,32,1,GOING STRAIGHT,APPARENTLY NORMAL,Null,OBJECT AVOIDANCE,Null,DEER,Null,Null,Null,Null,Null,Null,Null,Null,Null,Null,Null,Null,DRY,DARK - NO LIGHTING,DRY,NHP,2416018,Null,Null,Null,2017-11-26T01:55:00.000Z,{48CDCBFE-40EC-454B-B9F4-93E08282AA52}
417613,343336.71,4369431.423,39.46,-118.8,2017-11-25,CATTLE,PROPERTY DAMAGE ONLY,CHURCHILL,Sat Nov 25 00:00:00 PST 2017,Sun Dec 31 06:19:00 PST 1899,6:19:00,SR117,500,W,HAYDEN LN,CLOUDY,-9999,-9999,PDO,O,NON-COLLISION,1,CARRY-ALL,W,53,1,GOING STRAIGHT,APPARENTLY NORMAL,Null,Null,Null,CATTLE,Null,Null,Null,Null,Null,Null,Null,Null,Null,Null,Null,Null,DRY,DARK - NO LIGHTING,DRY,NHP,2415995,Null,Null,Null,2017-11-25T14:19:00.000Z,{62428857-B418-434F-A469-75B9BB72DAE9}
410355,282732.5147,4353156.641,39.3,-119.5,2017-10-07,HORSE,PROPERTY DAMAGE ONLY,LYON,Sat Oct 07 00:00:00 PDT 2017,Sun Dec 31 22:04:00 PST 1899,22:04:00,US50,500,E,SIX MILE CANYON RD,CLEAR,-9999,-9999,PDO,O,NON-COLLISION,1,VAN,E,72,2,GOING STRAIGHT,APPARENTLY NORMAL,Null,UNKNOWN,Null,HORSE,Null,Null,Null,Null,Null,Null,Null,Null,Null,Null,Null,Null,DRY,DARK - SPOT LIGHTING,DRY,NHP,2398983,Null,Null,Null,2017-10-08T05:04:00.000Z,{2FFF5481-E54B-4343-992E-CD1277C770CD}
417209,287343.1338,4377320.083,39.52,-119.5,2017-10-07,HORSE,PROPERTY DAMAGE ONLY,STOREY,Sat Oct 07 00:00:00 PDT 2017,Sun Dec 31 15:10:00 PST 1899,15:10:00,SR439S,1000,S,W SYDNEY DR,CLEAR,-9999,-9999,PDO,O,NON-COLLISION,1,"SEDAN, 4 DOOR",S,36,1,GOING STRAIGHT,"FELL ASLEEP, FAINTED, FATIGUED, ETC.",Null,Null,Null,HORSE,Null,Null,Null,Null,Null,Null,Null,Null,Null,Null,Null,Null,DRY,DAYLIGHT,DRY,STSO,2423698,Null,Null,Null,2017-10-07T22:10:00.000Z,{5AADD23C-9021-4E36-A38C-C95CAE81C0A5}
408929,666990.3096,4127063.929,37.28,-115.1,2017-10-07,DEER,PROPERTY DAMAGE ONLY,LINCOLN,Sat Oct 07 00:00:00 PDT 2017,Sun Dec 31 19:12:00 PST 1899,19:12:00,US93N,1000,S,MILE MARKER 32,CLOUDY,-9999,-9999,PDO,O,NON-COLLISION,1,PICKUP,N,41,1,GOING STRAIGHT,APPARENTLY NORMAL,Null,Null,Null,DEER,Null,Null,Null,Null,Null,Null,Null,Null,Null,Null,Null,Null,DRY,DARK - NO LIGHTING,DRY,NHP,2398979,Null,Null,Null,2017-10-08T02:12:00.000Z,{E595E677-8CE8-4562-9EDD-0E95F4CF2477}
402655,259414.1517,4325746.517,39.05,-119.8,2017-10-07,CATTLE,PROPERTY DAMAGE ONLY,DOUGLAS,Sat Oct 07 00:00:00 PDT 2017,Sun Dec 31 00:27:00 PST 1899,0:27:00,US395S,2340,N,STEPHANIE WAY,CLEAR,-9999,-9999,PDO,N,NON-COLLISION,1,"SEDAN, 2 DOOR",S,-9999,-9999,GOING STRAIGHT,APPARENTLY NORMAL,Null,OBJECT AVOIDANCE,Null,CATTLE,Null,Null,Null,Null,Null,Null,Null,Null,Null,Null,Null,Null,Null,Null,Null,DCSO,2387628,Null,Null,Null,2017-10-07T07:27:00.000Z,{9ABD828D-C48F-484F-8215-10600929BE38}
410775,569821.5544,4428008.853,40,-116.2,2017-10-07,CATTLE,PROPERTY DAMAGE ONLY,EUREKA,Sat Oct 07 00:00:00 PDT 2017,Sun Dec 31 01:40:00 PST 1899,1:40:00,SR278,25,N,MILE MARKER 34,CLEAR,-9999,-9999,PDO,O,UNKNOWN,2,PICKUP,S,32,1,GOING STRAIGHT,APPARENTLY NORMAL,Null,OBJECT AVOIDANCE,Null,CATTLE: RAN OFF ROAD RIGHT,SEDAN,N,36,1,GOING STRAIGHT,APPARENTLY NORMAL,Null,OBJECT AVOIDANCE,Null,CATTLE,Null,Null,DRY,DARK - NO LIGHTING,DRY,NHP,2398948,Null,Null,Null,2017-10-07T08:40:00.000Z,{7EFE5862-9582-44DD-A3CF-E446893485C6}
409365,270482.826,4344266.618,39.22,-119.7,2017-10-14,HORSE,PROPERTY DAMAGE ONLY,LYON,Sat Oct 14 00:00:00 PDT 2017,Sun Dec 31 22:46:00 PST 1899,22:46:00,US50,2006,E,MILE MARKER 1,CLEAR,-9999,-9999,PDO,O,NON-COLLISION,1,"SEDAN, 4 DOOR",E,17,2,GOING STRAIGHT,APPARENTLY NORMAL,Null,OBJECT AVOIDANCE,Null,HORSE,Null,Null,Null,Null,Null,Null,Null,Null,Null,Null,Null,Null,DRY,DARK - CONTINUOUS LIGHTING,DRY,NHP,2399271,Null,Null,Null,2017-10-15T05:46:00.000Z,{A3F233BD-DD1D-4A7A-A608-202707A6B41C}
417604,687438.2946,4468389.618,40.35,-114.8,2017-10-14,DEER,PROPERTY DAMAGE ONLY,ELKO,Sat Oct 14 00:00:00 PDT 2017,Sun Dec 31 19:24:00 PST 1899,19:24:00,US93N,528,S,MILE MARKER 18,CLEAR,-9999,-9999,PDO,O,NON-COLLISION,1,SEDAN,N,40,1,GOING STRAIGHT,APPARENTLY NORMAL,Null,Null,Null,DEER,Null,Null,Null,Null,Null,Null,Null,Null,Null,Null,Null,Null,DRY,DARK - NO LIGHTING,DRY,NHP,2413532,Null,Null,Null,2017-10-15T02:24:00.000Z,{C03E2FB8-22D8-497D-AD8D-AF2E9FBEA949}
417975,286394.3605,4380569.33,39.55,-119.5,2017-10-21,HORSE,PROPERTY DAMAGE ONLY,STOREY,Sat Oct 21 00:00:00 PDT 2017,Sun Dec 31 21:47:00 PST 1899,21:47:00,SR439S,100,N,MILE MARKER 9,CLEAR,-9999,-9999,PDO,O,NON-COLLISION,1,UTILITY,S,74,2,GOING STRAIGHT,APPARENTLY NORMAL,Null,Null,Null,HORSE,Null,Null,Null,Null,Null,Null,Null,Null,Null,Null,Null,Null,DRY,DARK - NO LIGHTING,DRY,NHP,2413826,Null,Null,Null,2017-10-22T04:47:00.000Z,{069CE2C6-A01E-420F-892C-2DC85E9F00D0}
417854,260950.3572,4333905.371,39.12,-119.8,2017-10-21,BEAR,PROPERTY DAMAGE ONLY,CARSON CITY,Sat Oct 21 00:00:00 PDT 2017,Sun Dec 31 22:23:00 PST 1899,22:23:00,IR580S,1000,N,IR580S TO SR529,CLEAR,-9999,-9999,PDO,O,NON-COLLISION,1,"SEDAN, 4 DOOR",S,44,1,GOING STRAIGHT,APPARENTLY NORMAL,Null,Null,Null,BEAR,Null,Null,Null,Null,Null,Null,Null,Null,Null,Null,Null,Null,DRY,DARK - NO LIGHTING,DRY,NHP,2413831,Null,Null,Null,2017-10-22T05:23:00.000Z,{DDDC6450-DC3F-4C9E-ADA9-0DD2B1979246}
415021,319218.2978,4367641.413,39.44,-119.1,2017-10-28,DOG/COYOTE,INJURY CRASH,CHURCHILL,Sat Oct 28 00:00:00 PDT 2017,Sun Dec 31 05:31:00 PST 1899,5:31:00,US50E,150,W,MILE MARKER 1,CLEAR,-9999,1,Null,A,NON-COLLISION,1,UTILITY,E,24,-9999,GOING STRAIGHT,UNKNOWN,Null,OVER-CORRECTING/OVER-STEERING: RAN OFF ROAD: OBJECT AVOIDANCE,Null,RAN OFF ROAD RIGHT: OVERTURN/ROLLOVER: RAN OFF ROAD RIGHT,Null,Null,Null,Null,Null,Null,Null,Null,Null,Null,Null,Null,DRY,DARK - NO LIGHTING,DRY,NHP,2414208,Null,Null,Null,2017-10-28T12:31:00.000Z,{0DF43090-A84E-4858-918F-8704C47DF309}
413503,409922.6857,4500471.906,40.65,-118.1,2017-10-28,DEER,PROPERTY DAMAGE ONLY,PERSHING,Sat Oct 28 00:00:00 PDT 2017,Sun Dec 31 19:05:00 PST 1899,19:05:00,SR400,1600,N,MILE MARKER 14,CLEAR,-9999,-9999,PDO,O,NON-COLLISION,1,PICKUP,N,51,1,GOING STRAIGHT,APPARENTLY NORMAL,Null,Null,Null,DEER,Null,Null,Null,Null,Null,Null,Null,Null,Null,Null,Null,Null,DRY,DARK - NO LIGHTING,DRY,NHP,2414249,Null,Null,Null,2017-10-29T02:05:00.000Z,{8A1A7CC1-8908-4DEE-8955-98939FACEF97}
413507,589476.375,4511933.5,40.75,-115.9,2017-10-28,DEER,PROPERTY DAMAGE ONLY,ELKO,Sat Oct 28 00:00:00 PDT 2017,Sun Dec 31 06:10:00 PST 1899,6:10:00,IR80E,1155,E,MILE MARKER 13,CLEAR,-9999,-9999,PDO,O,NON-COLLISION,1,PICKUP,E,41,2,GOING STRAIGHT,APPARENTLY NORMAL,Null,Null,Null,DEER,Null,Null,Null,Null,Null,Null,Null,Null,Null,Null,Null,Null,DRY,DARK - NO LIGHTING,DRY,NHP,2414210,Null,Null,Null,2017-10-28T13:10:00.000Z,{1352E0D4-9D57-49E1-805B-5B87D55C2C68}
413538,721390.177,4171841.829,37.67,-114.5,2017-10-28,DEER,PROPERTY DAMAGE ONLY,LINCOLN,Sat Oct 28 00:00:00 PDT 2017,Sun Dec 31 19:13:00 PST 1899,19:13:00,US93N,1000,N,MILE MARKER 98,CLOUDY,-9999,-9999,PDO,O,NON-COLLISION,1,UTILITY,N,26,1,GOING STRAIGHT,APPARENTLY NORMAL,Null,Null,Null,DEER,Null,Null,Null,Null,Null,Null,Null,Null,Null,Null,Null,Null,DRY,DARK - NO LIGHTING,DRY,NHP,2414248,Null,Null,Null,2017-10-29T02:13:00.000Z,{23DC46F6-7DD9-4C63-8F17-FB5FE9DA8491}
422163,586758.9982,4508234.296,40.72,-116,2017-10-28,DEER,PROPERTY DAMAGE ONLY,ELKO,Sat Oct 28 00:00:00 PDT 2017,Sun Dec 31 23:04:00 PST 1899,23:04:00,IR80W,1320,E,MILE MARKER 10,CLEAR,-9999,-9999,PDO,O,NON-COLLISION,1,"TRACTOR TRUCK, DIESEL",E,58,2,GOING STRAIGHT,APPARENTLY NORMAL,Null,UNKNOWN,Null,DEER,Null,Null,Null,Null,Null,Null,Null,Null,Null,Null,Null,Null,DRY,DARK - NO LIGHTING,DRY,NHP,2403531,Null,Null,Null,2017-10-29T06:04:00.000Z,{744A2BF7-9413-4F64-8300-B7B796BB6561}
424591,593975.9587,4530890.935,40.92,-115.9,2017-10-28,DEER,INJURY CRASH,ELKO,Sat Oct 28 00:00:00 PDT 2017,Sun Dec 31 00:12:00 PST 1899,0:12:00,SR225,528,S,MILE MARKER 38,CLEAR,-9999,1,Null,B,NON-COLLISION,1,PICKUP,S,48,1,GOING STRAIGHT,APPARENTLY NORMAL,Null,UNKNOWN,Null,DEER,Null,Null,Null,Null,Null,Null,Null,Null,Null,Null,Null,Null,DRY,DARK - UNKNOWN LIGHTING,DRY,NHP,2414201,Null,Null,Null,2017-10-28T07:12:00.000Z,{5C33EB00-FA5A-4999-BD87-C5D0F67A3181}
413857,640885.7718,3998523.841,36.12,-115.4,2017-10-28,BURRO,PROPERTY DAMAGE ONLY,CLARK,Sat Oct 28 00:00:00 PDT 2017,Sun Dec 31 18:25:00 PST 1899,18:25:00,SR159,2640,W,MILE MARKER 10,CLEAR,-9999,-9999,PDO,O,NON-COLLISION,1,CARRY-ALL,W,79,1,GOING STRAIGHT,APPARENTLY NORMAL,Null,Null,Null,BURRO,Null,Null,Null,Null,Null,Null,Null,Null,Null,Null,Null,Null,DRY,DUSK,DRY,NHP,2414246,Null,Null,Null,2017-10-29T01:25:00.000Z,{95259647-74FF-4CFA-8256-84DFF55FD457}
408561,709745.8959,4242333.173,38.3,-114.6,2017-09-02,ELK,INJURY CRASH,LINCOLN,Sat Sep 02 00:00:00 PDT 2017,Sun Dec 31 19:58:00 PST 1899,19:58:00,US93N,1052,S,MILE MARKER 147,CLEAR,-9999,1,Null,C,NON-COLLISION,1,"HATCHBACK, 4 DOOR",S,35,1,GOING STRAIGHT,APPARENTLY NORMAL,Null,Null,Null,ELK: FIRE/EXPLOSION,Null,Null,Null,Null,Null,Null,Null,Null,Null,Null,Null,Null,DRY,DARK - NO LIGHTING,DRY,NHP,2397029,Null,Null,Null,2017-09-03T02:58:00.000Z,{01065907-5F7E-4E33-8BA0-FB47251E0DDC}
400963,345115.7028,4369363.07,39.46,-118.8,2017-09-02,DOG/COYOTE,PROPERTY DAMAGE ONLY,CHURCHILL,Sat Sep 02 00:00:00 PDT 2017,Sun Dec 31 21:38:00 PST 1899,21:38:00,S ALLEN RD,1,S,SR117,CLEAR,-9999,-9999,PDO,O,NON-COLLISION,1,"HARDTOP, 4 DOOR",S,31,-9999,NOT REPORTED,HAD BEEN DRINKING,Null,FAILURE TO KEEP IN PROPER LANE OR RUNNING OFF ROAD: UNSAFE LANE CHANGE,Null,RAN OFF ROAD RIGHT,Null,Null,Null,Null,Null,Null,Null,Null,Null,Null,Null,Null,DRY,DARK - NO LIGHTING,DRY,CHSO,2387505,Null,Null,Null,2017-09-03T04:38:00.000Z,{2B1B805F-3C7A-447D-9824-9EF2295565F2}
408788,589809.5705,4015499.43,36.28,-116,2017-09-02,BURRO,PROPERTY DAMAGE ONLY,NYE,Sat Sep 02 00:00:00 PDT 2017,Sun Dec 31 23:59:00 PST 1899,23:59:00,FEHRS WAY,0,Null,SR160,CLEAR,-9999,-9999,PDO,O,NON-COLLISION,1,VAN,N,59,1,GOING STRAIGHT,APPARENTLY NORMAL,Null,Null,Null,PARKED MOTOR VEHICLE: BURRO,Null,Null,Null,Null,Null,Null,Null,Null,Null,Null,Null,Null,DRY,DARK - NO LIGHTING,DRY,NYSO,2400259,Null,Null,Null,2017-09-03T06:59:00.000Z,{F9710D45-80E6-4D10-9AED-B6B71C4FCCBF}
401790,668007.1464,3999960.276,36.13,-115.1,2017-09-09,UNKNOWN,INJURY CRASH,CLARK,Sat Sep 09 00:00:00 PDT 2017,Sun Dec 31 18:07:00 PST 1899,18:07:00,DESERT INN RD,250,W,LA CANADA ST,CLEAR,-9999,1,Null,B,"SIDESWIPE, OVERTAKING",2,MOTORCYCLE,E,32,1,GOING STRAIGHT,APPARENTLY NORMAL,Null,FOLLOWED TOO CLOSELY: OBJECT AVOIDANCE,Null,OVERTURN/ROLLOVER,"SEDAN, 4 DOOR",E,23,1,GOING STRAIGHT,APPARENTLY NORMAL,Null,Null,Null,Null,Null,Null,DRY,DAYLIGHT,DRY,LVMPD,2391587,Null,Null,YES,2017-09-10T01:07:00.000Z,{8C86B850-F3B4-40EE-99E1-62DB548E40C6}
408349,594585.4981,4515080.237,40.78,-115.9,2017-09-09,DEER,PROPERTY DAMAGE ONLY,ELKO,Sat Sep 09 00:00:00 PDT 2017,Sun Dec 31 19:51:00 PST 1899,19:51:00,IR80E,264,E,MILE MARKER 17,CLOUDY,-9999,-9999,PDO,O,NON-COLLISION,1,"SEDAN, 4 DOOR",E,46,2,GOING STRAIGHT,APPARENTLY NORMAL,Null,Null,Null,DEER,Null,Null,Null,Null,Null,Null,Null,Null,Null,Null,Null,Null,DRY,DARK - NO LIGHTING,DRY,NHP,2397441,Null,Null,Null,2017-09-10T02:51:00.000Z,{5CB1F9C9-8A4A-4E5E-A62C-4B2BD651701C}
412135,699545.9253,4432236.024,40.02,-114.7,2017-09-16,OTHER ANIMAL,PROPERTY DAMAGE ONLY,WHITE PINE,Sat Sep 16 00:00:00 PDT 2017,Sun Dec 31 06:41:00 PST 1899,6:41:00,US93N,2640,N,MILE MARKER 108,CLEAR,-9999,-9999,PDO,O,NON-COLLISION,1,"SEDAN, 4 DOOR",S,25,1,GOING STRAIGHT,APPARENTLY NORMAL,Null,OBJECT AVOIDANCE,Null,OTHER ANIMAL,Null,Null,Null,Null,Null,Null,Null,Null,Null,Null,Null,Null,DRY,DAYLIGHT,DRY,NHP,2397801,Null,Null,Null,2017-09-16T13:41:00.000Z,{90B4F9C1-7532-43E5-87EA-294BCB4F0574}
409049,651549.6003,4021461.18,36.33,-115.3,2017-09-23,DOG/COYOTE,PROPERTY DAMAGE ONLY,CLARK,Sat Sep 23 00:00:00 PDT 2017,Sun Dec 31 23:24:00 PST 1899,23:24:00,US95S,500,S,SR157,CLEAR,-9999,-9999,PDO,O,NON-COLLISION,1,CARRY-ALL,S,53,1,GOING STRAIGHT,APPARENTLY NORMAL,Null,Null,Null,DOG/COYOTE,Null,Null,Null,Null,Null,Null,Null,Null,Null,Null,Null,Null,DRY,DARK - NO LIGHTING,DRY,NHP,2398245,Null,Null,Null,2017-09-24T06:24:00.000Z,{402045F7-A86B-4A75-A91B-78CFB08215D1}
426532,298106.8082,4360753.76,39.37,-119.3,2017-09-30,HORSE,FATAL CRASH,LYON,Sat Sep 30 00:00:00 PDT 2017,Sun Dec 31 00:44:00 PST 1899,0:44:00,US50,2112,E,MILE MARKER 22,CLEAR,1,-9999,Null,K,NON-COLLISION,1,CARRY-ALL,W,26,1,GOING STRAIGHT,APPARENTLY NORMAL,Null,OVER-CORRECTING/OVER-STEERING,Null,HORSE: RAN OFF ROAD LEFT: OVERTURN/ROLLOVER,Null,Null,Null,Null,Null,Null,Null,Null,Null,Null,Null,Null,DRY,DARK - NO ROADWAY LIGHTING,ANIMAL IN ROADWAY,NHP,2413328,Null,Null,Null,2017-09-30T07:44:00.000Z,{285AAF3D-6412-42AC-8C6D-68617732A596}
410169,517895.106,4496706.228,40.62,-116.8,2017-09-30,DOG/COYOTE,PROPERTY DAMAGE ONLY,LANDER,Sat Sep 30 00:00:00 PDT 2017,Sun Dec 31 21:30:00 PST 1899,21:30:00,IR80W,425,E,MILE MARKER 15,CLEAR,-9999,-9999,PDO,O,NON-COLLISION,1,SEDAN,W,36,-9999,GOING STRAIGHT,APPARENTLY NORMAL,Null,UNKNOWN,Null,DOG/COYOTE,Null,Null,Null,Null,Null,Null,Null,Null,Null,Null,Null,Null,WET,DARK - NO LIGHTING,WET,NHP,2398626,Null,Null,Null,2017-10-01T04:30:00.000Z,{B773CA82-DE2A-4CE7-B250-B876B948B809}