OBJECTID,X,Y,Latitude,Longitude,Date,AnimalType,Crash_Seve,County,Crash_Date_Original,Crash_Time_Original,Crash_Time,Primary_St,Distance,Dir,Secondary_,Weather,Fatalities,Injured,Property_D,Injury_Typ,Crash_Type,Total_Vehi,V1_Type,V1_Dir,V1_Driver_,V1_Lane_Nu,V1_Action,V1_Driver1,V1_Drive_1,V1_Vehicle,V1_Most_Ha,V1_All_Eve,V2_Type,V2_Dir,V2_Driver_,V2_Lane_Nu,V2_Action,V2_Driver1,V2_Drive_1,V2_Vehicle,V2_Most_Ha,V2_All_Eve,First_Harm,Nonmotoris,Factors_Ro,Lighting,HWY_Factor,Agency,Accident_R,Pedalcycli,Pedestrian,Motorcycli,CrashDateT,GlobalID
411981,438604.9635,4535670.36,40.97,-117.7,2017-09-30,DOG/COYOTE,PROPERTY DAMAGE ONLY,HUMBOLDT,Sat Sep 30 00:00:00 PDT 2017,Sun Dec 31 20:03:00 PST 1899,20:03:00,E HASKELL ST,250,W,S BRIDGE ST,CLEAR,-9999,-9999,PDO,N,NON-COLLISION,1,STATION WAGON,E,-9999,-9999,GOING STRAIGHT,APPARENTLY NORMAL,Null,UNKNOWN,Null,DOG/COYOTE,Null,Null,Null,Null,Null,Null,Null,Null,Null,Null,Null,Null,Null,Null,Null,WNPD,2401547,Null,Null,Null,2017-10-01T03:03:00.000Z,{896B5FAA-D5B7-485E-8A71-D7B234EAC3F1}
408920,258000.019,4344313.164,39.21,-119.8,2017-09-30,DEER,PROPERTY DAMAGE ONLY,WASHOE,Sat Sep 30 00:00:00 PDT 2017,Sun Dec 31 06:59:00 PST 1899,6:59:00,EASTLAKE BLVD,1,N,DUCK HILL RD,CLEAR,-9999,-9999,PDO,O,NON-COLLISION,1,HATCHBACK/FASTBACK,N,37,1,GOING STRAIGHT,APPARENTLY NORMAL,Null,Null,Null,DEER,Null,Null,Null,Null,Null,Null,Null,Null,Null,Null,Null,Null,DRY,DAWN,DRY,NHP,2398588,Null,Null,Null,2017-09-30T13:59:00.000Z,{B196AD05-E7EC-48E9-9EA2-6053611CF473}
409970,435735.8251,4533267.813,40.95,-117.8,2017-09-30,CATTLE,PROPERTY DAMAGE ONLY,HUMBOLDT,Sat Sep 30 00:00:00 PDT 2017,Sun Dec 31 23:00:00 PST 1899,23:00:00,FRHU20,0,Null,MILE MARKER 2.53,CLEAR,-9999,-9999,PDO,O,NON-COLLISION,1,PICKUP,S,18,1,OTHER,APPARENTLY NORMAL,Null,UNKNOWN,Null,CATTLE,Null,Null,Null,Null,Null,Null,Null,Null,Null,Null,Null,Null,DRY,DARK - NO LIGHTING,DRY,NHP,2398627,Null,Null,Null,2017-10-01T06:00:00.000Z,{7B221B59-15D5-4D26-9E8B-D67FCA4A4AA7}
383875,512058.2732,4359945.139,39.39,-116.9,2017-04-16,DEER,PROPERTY DAMAGE ONLY,LANDER,Sun Apr 16 00:00:00 PDT 2017,Sun Dec 31 06:29:00 PST 1899,6:29:00,US50,40,W,MILE MARKER 40,CLEAR,-9999,-9999,PDO,O,NON-COLLISION,1,"HARDTOP, 4 DOOR",W,57,1,OTHER,UNKNOWN,Null,UNKNOWN,Null,DEER,Null,Null,Null,Null,Null,Null,Null,Null,Null,Null,Null,Null,DRY,DAYLIGHT,DRY,LASO,2373094,Null,Null,Null,2017-04-16T13:29:00.000Z,{29E487C4-80E0-4230-9218-8356C8F3D840}
385111,580988.2678,4509079.378,40.73,-116,2017-04-16,DEER,PROPERTY DAMAGE ONLY,ELKO,Sun Apr 16 00:00:00 PDT 2017,Sun Dec 31 18:23:00 PST 1899,18:23:00,IR80E,1584,E,MILE MARKER 6,CLOUDY,-9999,-9999,PDO,O,NON-COLLISION,1,PICKUP,E,28,1,GOING STRAIGHT,APPARENTLY NORMAL,Null,Null,Null,DEER,Null,Null,Null,Null,Null,Null,Null,Null,Null,Null,Null,Null,DRY,DAYLIGHT,DRY,NHP,2379927,Null,Null,Null,2017-04-17T01:23:00.000Z,{C1A7D4D3-5596-46D7-B37C-587520F515CC}
389936,265770.0053,4308560.206,38.89,-119.7,2017-04-23,DEER,PROPERTY DAMAGE ONLY,DOUGLAS,Sun Apr 23 00:00:00 PDT 2017,Sun Dec 31 08:33:00 PST 1899,8:33:00,US395N,0,Null,MILE MARKER 17,CLEAR,-9999,-9999,PDO,O,NON-COLLISION,1,PICKUP,N,-9999,-9999,GOING STRAIGHT,APPARENTLY NORMAL,Null,OBJECT AVOIDANCE,Null,DEER,Null,Null,Null,Null,Null,Null,Null,Null,Null,Null,Null,Null,Null,Null,Null,DCSO,2372817,Null,Null,Null,2017-04-23T15:33:00.000Z,{77616E70-AAE8-4704-B83F-EB30E71C06A2}
400906,481257.4349,4366210.655,39.45,-117.2,2017-04-30,DEER,PROPERTY DAMAGE ONLY,LANDER,Sun Apr 30 00:00:00 PDT 2017,Sun Dec 31 20:15:00 PST 1899,20:15:00,REESE RIVER RD,0,Null,SR722,CLEAR,-9999,-9999,PDO,N,NON-COLLISION,1,PICKUP,N,-9999,-9999,GOING STRAIGHT,APPARENTLY NORMAL,Null,UNKNOWN,Null,DEER,Null,Null,Null,Null,Null,Null,Null,Null,Null,Null,Null,Null,Null,Null,Null,LASO,2388065,Null,Null,Null,2017-05-01T03:15:00.000Z,{33397F8B-B4E3-4E1B-81D3-DA44B5634CA7}
406177,672216.7913,4492968.721,40.57,-115,2017-08-20,ELK,PROPERTY DAMAGE ONLY,ELKO,Sun Aug 20 00:00:00 PDT 2017,Sun Dec 31 21:25:00 PST 1899,21:25:00,US93N,0,Null,MILE MARKER 36,CLEAR,-9999,-9999,PDO,O,NON-COLLISION,1,PICKUP,N,34,1,GOING STRAIGHT,APPARENTLY NORMAL,Null,UNKNOWN,Null,ELK,Null,Null,Null,Null,Null,Null,Null,Null,Null,Null,Null,Null,DRY,DARK - NO LIGHTING,DRY,NHP,2396320,Null,Null,Null,2017-08-21T04:25:00.000Z,{455C4BD9-BB10-4E43-B6D6-5ABE3474EC5A}
406205,581470.2354,4635425.387,41.87,-116,2017-08-20,CATTLE,PROPERTY DAMAGE ONLY,ELKO,Sun Aug 20 00:00:00 PDT 2017,Sun Dec 31 21:00:00 PST 1899,21:00:00,SR225,500,S,MILE MARKER 115,CLEAR,-9999,-9999,PDO,U,NON-COLLISION,1,CARRY-ALL,N,-9999,1,UNKNOWN,UNKNOWN,Null,UNKNOWN,Null,CATTLE,Null,Null,Null,Null,Null,Null,Null,Null,Null,Null,Null,Null,DRY,DARK - NO LIGHTING,DRY,NHP,2396291,Null,Null,Null,2017-08-21T04:00:00.000Z,{7052F216-100A-441E-A456-E9359B8DA5A6}
402702,655660.1821,4000672.543,36.14,-115.3,2017-08-27,UNKNOWN,INJURY CRASH,CLARK,Sun Aug 27 00:00:00 PDT 2017,Sun Dec 31 19:44:00 PST 1899,19:44:00,CIMARRON RD,0,Null,TARA AVE,CLEAR,-9999,1,Null,B,REAR-END,2,CARRY-ALL,N,48,-9999,GOING STRAIGHT,APPARENTLY NORMAL,Null,FOLLOWED TOO CLOSELY,Null,SLOW/STOPPED VEHICLE,"HATCHBACK, 4 DOOR",N,23,Null,STOPPED,APPARENTLY NORMAL,Null,Null,Null,Null,Null,Null,DRY,DARK - CONTINUOUS LIGHTING,DRY,LVMPD,2390914,Null,Null,Null,2017-08-28T02:44:00.000Z,{89EC5B1E-8720-4996-91EC-FA5A97CB4D35}
408845,291604.1006,4412751.488,39.84,-119.4,2017-08-27,DEER,PROPERTY DAMAGE ONLY,WASHOE,Sun Aug 27 00:00:00 PDT 2017,Sun Dec 31 21:37:00 PST 1899,21:37:00,SR446,200,E,MILE MARKER 9,CLEAR,-9999,-9999,PDO,N,NON-COLLISION,1,"SEDAN, 4 DOOR",W,-9999,-9999,OTHER,UNKNOWN,Null,Null,Null,DEER: RAN OFF ROAD RIGHT: OVERTURN/ROLLOVER,Null,Null,Null,Null,Null,Null,Null,Null,Null,Null,Null,Null,Null,Null,Null,PDTP,2400295,Null,Null,Null,2017-08-28T04:37:00.000Z,{05DFDC8B-2B85-42AB-8353-A3E45F6D2607}
416784,659016.4885,4171160.507,37.67,-115.2,2017-12-10,DEER,INJURY CRASH,LINCOLN,Sun Dec 10 00:00:00 PST 2017,Sun Dec 31 18:10:00 PST 1899,18:10:00,SR318,248,N,MILE MARKER 11,CLEAR,-9999,1,Null,C,NON-COLLISION,1,CARRY-ALL,S,61,1,GOING STRAIGHT,APPARENTLY NORMAL,Null,Null,Null,DEER,Null,Null,Null,Null,Null,Null,Null,Null,Null,Null,Null,Null,DRY,DARK - NO LIGHTING,DRY,NHP,2417003,Null,Null,Null,2017-12-11T02:10:00.000Z,{65194573-BDF5-4CFA-B08B-46F13F600DB8}
419213,390959.8317,4479426.305,40.46,-118.3,2017-12-17,OTHER ANIMAL,PROPERTY DAMAGE ONLY,PERSHING,Sun Dec 17 00:00:00 PST 2017,Sun Dec 31 11:45:00 PST 1899,11:45:00,IR80W,500,W,MILE MARKER 40,CLOUDY,-9999,-9999,PDO,O,NON-COLLISION,1,CARRY-ALL,W,45,1,GOING STRAIGHT,APPARENTLY NORMAL,Null,UNKNOWN,Null,OTHER ANIMAL,Null,Null,Null,Null,Null,Null,Null,Null,Null,Null,Null,Null,DRY,UNKNOWN,DRY,NHP,2417457,Null,Null,Null,2017-12-17T19:45:00.000Z,{34CDA31C-501A-4BA3-97F1-72CB57EA00AB}
417618,607266.9326,4268522.386,38.56,-115.8,2017-12-17,CATTLE,PROPERTY DAMAGE ONLY,NYE,Sun Dec 17 00:00:00 PST 2017,Sun Dec 31 23:00:00 PST 1899,23:00:00,US6,50,E,MILE MARKER 97,"FOG, SMOG, SMOKE",-9999,-9999,PDO,O,NON-COLLISION,1,"SEDAN, 4 DOOR",E,36,-9999,OTHER,APPARENTLY NORMAL,Null,Null,Null,CATTLE,Null,Null,Null,Null,Null,Null,Null,Null,Null,Null,Null,Null,DRY,DARK - NO LIGHTING,DRY,NYSO,2423161,Null,Null,Null,2017-12-18T07:00:00.000Z,{06CA52C4-FF1F-4B75-884B-19B85E806667}
418116,258921.1072,4383983.332,39.57,-119.8,2017-12-31,DOG/COYOTE,PROPERTY DAMAGE ONLY,WASHOE,Sun Dec 31 00:00:00 PST 2017,Sun Dec 31 22:35:00 PST 1899,22:35:00,US395N,1000,S,MILE MARKER 28.73,CLEAR,-9999,-9999,PDO,O,NON-COLLISION,1,"SEDAN, 4 DOOR",N,55,2,GOING STRAIGHT,APPARENTLY NORMAL,Null,Null,Null,DOG/COYOTE,Null,Null,Null,Null,Null,Null,Null,Null,Null,Null,Null,Null,WET,DARK - SPOT LIGHTING,WET,NHP,2418314,Null,Null,Null,2018-01-01T06:35:00.000Z,{2D48C4EB-5281-4A9B-8010-D155D44CAE4A}
372055,271385.3354,4344534.493,39.22,-119.6,2017-02-05,HORSE,PROPERTY DAMAGE ONLY,LYON,Sun Feb 05 00:00:00 PST 2017,Sun Dec 31 05:10:00 PST 1899,5:10:00,US50,200,W,MILE MARKER 2,CLEAR,-9999,-9999,PDO,O,NON-COLLISION,1,PICKUP,W,48,2,GOING STRAIGHT,APPARENTLY NORMAL,Null,Null,Null,HORSE,Null,Null,Null,Null,Null,Null,Null,Null,Null,Null,Null,Null,DRY,DARK - SPOT LIGHTING,DRY,NHP,2359710,Null,Null,Null,2017-02-05T13:10:00.000Z,{FB24C848-0C02-4428-9F01-E8E786F6DD9E}
370883,353228.4803,4371651.537,39.48,-118.7,2017-02-12,CATTLE,INJURY CRASH,CHURCHILL,Sun Feb 12 00:00:00 PST 2017,Sun Dec 31 19:14:00 PST 1899,19:14:00,N DOWNS LN,200,S,RESERVOIR RD,CLEAR,-9999,1,Null,C,NON-COLLISION,1,"SEDAN, 4 DOOR",S,33,1,GOING STRAIGHT,APPARENTLY NORMAL,Null,UNKNOWN,Null,CATTLE,Null,Null,Null,Null,Null,Null,Null,Null,Null,Null,Null,Null,DRY,DARK - NO LIGHTING,DRY,CHSO,2361640,Null,Null,Null,2017-02-13T03:14:00.000Z,{63AE9028-70EC-467E-A817-8FCEC08A61F7}
380790,399743.4973,4358842.264,39.37,-118.2,2017-02-12,CATTLE,PROPERTY DAMAGE ONLY,CHURCHILL,Sun Feb 12 00:00:00 PST 2017,Sun Dec 31 01:00:00 PST 1899,1:00:00,SR121,200,N,MILE MARKER 6,CLEAR,-9999,-9999,PDO,O,NON-COLLISION,1,PICKUP,S,35,1,GOING STRAIGHT,APPARENTLY NORMAL,Null,OBJECT AVOIDANCE,Null,CATTLE,Null,Null,Null,Null,Null,Null,Null,Null,Null,Null,Null,Null,DRY,DARK - NO LIGHTING,DRY,NHP,2365369,Null,Null,Null,2017-02-12T09:00:00.000Z,{421339FF-23CC-4666-9F65-DFDD1E97A35C}
378540,425123.8498,4602683.511,41.57,-117.9,2017-02-19,CATTLE,PROPERTY DAMAGE ONLY,HUMBOLDT,Sun Feb 19 00:00:00 PST 2017,Sun Dec 31 18:45:00 PST 1899,18:45:00,SR293,528,S,MILE MARKER 6,CLOUDY,-9999,-9999,PDO,O,NON-COLLISION,1,PICKUP,S,22,1,GOING STRAIGHT,UNKNOWN,Null,DRIVING TOO FAST FOR CONDITIONS,Null,CATTLE,Null,Null,Null,Null,Null,Null,Null,Null,Null,Null,Null,Null,DRY,DARK - NO LIGHTING,DRY,NHP,2365874,Null,Null,Null,2017-02-20T02:45:00.000Z,{DB485F9D-BFE4-4411-98BD-B0BF64341185}
356888,263788.8705,4375594.766,39.5,-119.7,2017-01-01,DOG/COYOTE,PROPERTY DAMAGE ONLY,WASHOE,Sun Jan 01 00:00:00 PST 2017,Sun Dec 31 00:31:00 PST 1899,0:31:00,PEMBROKE DR,1,W,SINELIO DR,CLEAR,-9999,-9999,PDO,O,NON-COLLISION,1,CARRY-ALL,W,-9999,-9999,GOING STRAIGHT,APPARENTLY NORMAL,Null,UNKNOWN,Null,DOG/COYOTE,Null,Null,Null,Null,Null,Null,Null,Null,Null,Null,Null,Null,Null,Null,Null,WASO,2344569,Null,Null,Null,2017-01-01T08:31:00.000Z,{96C6D998-8F80-4F80-B2D8-86671B5B0E1C}
371576,651104.7462,3998559.187,36.12,-115.3,2017-01-08,DOG/COYOTE,PROPERTY DAMAGE ONLY,CLARK,Sun Jan 08 00:00:00 PST 2017,Sun Dec 31 00:08:00 PST 1899,0:08:00,CC215N,200,S,CC215N TO TOWN CENTER DR,CLEAR,-9999,-9999,PDO,O,NON-COLLISION,1,"SEDAN, 4 DOOR",N,23,-9999,GOING STRAIGHT,APPARENTLY NORMAL,Null,FAILURE TO KEEP IN PROPER LANE OR RUNNING OFF ROAD: UNSAFE LANE CHANGE: OBJECT AVOIDANCE,Null,GUARDRAIL FACE,Null,Null,Null,Null,Null,Null,Null,Null,Null,Null,Null,Null,DRY,DARK - SPOT LIGHTING,DRY,NHP,2358222,Null,Null,Null,2017-01-08T08:08:00.000Z,{EB32D23F-0F20-4939-A640-2F8469A55DC8}
372064,274657.9909,4344697.412,39.22,-119.6,2017-01-15,HORSE,PROPERTY DAMAGE ONLY,LYON,Sun Jan 15 00:00:00 PST 2017,Sun Dec 31 01:55:00 PST 1899,1:55:00,US50,200,E,MILE MARKER 4,CLEAR,-9999,-9999,PDO,O,NON-COLLISION,1,CARRY-ALL,E,40,1,GOING STRAIGHT,APPARENTLY NORMAL,Null,Null,Null,HORSE,Null,Null,Null,Null,Null,Null,Null,Null,Null,Null,Null,Null,DRY,DARK - NO LIGHTING,DRY,NHP,2358592,Null,Null,Null,2017-01-15T09:55:00.000Z,{685832CC-59F2-4CE3-9198-088E7717B306}
371834,664205.0074,4004926.924,36.18,-115.2,2017-01-15,DOG/COYOTE,PROPERTY DAMAGE ONLY,CLARK,Sun Jan 15 00:00:00 PST 2017,Sun Dec 31 11:20:00 PST 1899,11:20:00,US95S,463,E,US95S TO IR15S INT42,CLEAR,-9999,-9999,PDO,O,NON-COLLISION,1,"HATCHBACK, 4 DOOR",S,21,2,GOING STRAIGHT,APPARENTLY NORMAL,Null,Null,Null,DOG/COYOTE,Null,Null,Null,Null,Null,Null,Null,Null,Null,Null,Null,Null,WET,DAYLIGHT,WET,NHP,2358593,Null,Null,Null,2017-01-15T19:20:00.000Z,{7734D250-2957-455B-AABC-793469CDFC98}
374562,307073.8971,4383734.272,39.58,-119.2,2017-01-29,HORSE,PROPERTY DAMAGE ONLY,LYON,Sun Jan 29 00:00:00 PST 2017,Sun Dec 31 20:22:00 PST 1899,20:22:00,US50A,1500,N,MILE MARKER 12,CLEAR,-9999,-9999,PDO,O,NON-COLLISION,1,"SEDAN, 4 DOOR",N,43,1,GOING STRAIGHT,APPARENTLY NORMAL,Null,UNKNOWN,Null,HORSE,Null,Null,Null,Null,Null,Null,Null,Null,Null,Null,Null,Null,DRY,DARK - SPOT LIGHTING,DRY,NHP,2359466,Null,Null,Null,2017-01-30T04:22:00.000Z,{2F2123A8-4DB1-44B5-9797-FE00E334E1F0}
393363,246387.854,4377912.529,39.51,-120,2017-07-02,DEER,PROPERTY DAMAGE ONLY,WASHOE,Sun Jul 02 00:00:00 PDT 2017,Sun Dec 31 18:02:00 PST 1899,18:02:00,SR425,325,E,SOMERSETT RIDGE PKWY,CLEAR,-9999,-9999,PDO,O,NON-COLLISION,1,"HATCHBACK, 4 DOOR",W,69,1,GOING STRAIGHT,APPARENTLY NORMAL,Null,Null,Null,DEER,Null,Null,Null,Null,Null,Null,Null,Null,Null,Null,Null,Null,DRY,DAYLIGHT,DRY,NHP,2384303,Null,Null,Null,2017-07-03T01:02:00.000Z,{73F5CFC9-0AA8-414B-B36C-2C39CF0E1AE8}
399866,343971.694,4371580.413,39.48,-118.8,2017-07-02,DEER,PROPERTY DAMAGE ONLY,CHURCHILL,Sun Jul 02 00:00:00 PDT 2017,Sun Dec 31 08:00:00 PST 1899,8:00:00,US50,1000,E,GUMMOW DR,CLEAR,-9999,-9999,PDO,O,NON-COLLISION,1,PICKUP,W,43,1,GOING STRAIGHT,APPARENTLY NORMAL,Null,Null,Null,DEER,Null,Null,Null,Null,Null,Null,Null,Null,Null,Null,Null,Null,DRY,DAYLIGHT,DRY,CHSO,2387488,Null,Null,Null,2017-07-02T15:00:00.000Z,{22AB652D-D8A4-4DCA-8A0E-AB7C0255EE6D}
400205,685750.6417,4553627.272,41.11,-114.8,2017-07-02,DEER,PROPERTY DAMAGE ONLY,ELKO,Sun Jul 02 00:00:00 PDT 2017,Sun Dec 31 23:37:00 PST 1899,23:37:00,IR80E,0,Null,MILE MARKER 83,CLOUDY,-9999,-9999,PDO,O,NON-COLLISION,1,VAN,E,46,2,GOING STRAIGHT,APPARENTLY NORMAL,Null,Null,Null,DEER,Null,Null,Null,Null,Null,Null,Null,Null,Null,Null,Null,Null,DRY,DARK - NO LIGHTING,DRY,NHP,2393754,Null,Null,Null,2017-07-03T06:37:00.000Z,{7B04ED84-334C-4263-9382-69D07B46ADBA}
393586,484109.3292,4293427.042,38.79,-117.2,2017-07-09,DEER,PROPERTY DAMAGE ONLY,NYE,Sun Jul 09 00:00:00 PDT 2017,Sun Dec 31 20:05:00 PST 1899,20:05:00,SR376,0,Null,MILE MARKER 54,CLEAR,-9999,-9999,PDO,O,NON-COLLISION,1,"HARDTOP, 4 DOOR",N,-9999,-9999,GOING STRAIGHT,APPARENTLY NORMAL,Null,Null,Null,DEER,Null,Null,Null,Null,Null,Null,Null,Null,Null,Null,Null,Null,Null,Null,Null,NYSO,2385571,Null,Null,Null,2017-07-10T03:05:00.000Z,{E5EC49DB-C556-44F7-82CE-B7626320BC11}
401811,496758.1941,4489220.879,40.55,-117,2017-07-09,DEER,PROPERTY DAMAGE ONLY,LANDER,Sun Jul 09 00:00:00 PDT 2017,Sun Dec 31 21:29:00 PST 1899,21:29:00,SR305,1000,N,MILE MARKER 110,CLEAR,-9999,-9999,PDO,O,NON-COLLISION,1,UTILITY,N,33,-9999,GOING STRAIGHT,APPARENTLY NORMAL,Null,UNKNOWN,Null,DEER,Null,Null,Null,Null,Null,Null,Null,Null,Null,Null,Null,Null,DRY,DARK - NO LIGHTING,DRY,NHP,2393892,Null,Null,Null,2017-07-10T04:29:00.000Z,{33CFC99A-98D2-457E-B2C9-827A9CC85B51}
402274,461028.0706,4143898.417,37.44,-117.4,2017-07-09,CATTLE,INJURY CRASH,ESMERALDA,Sun Jul 09 00:00:00 PDT 2017,Sun Dec 31 21:14:00 PST 1899,21:14:00,SR266,2640,W,MILE MARKER 25,CLOUDY,-9999,1,Null,C,NON-COLLISION,1,SEDAN,W,35,1,GOING STRAIGHT,APPARENTLY NORMAL,Null,DROVE LEFT OF CENTER,Null,CATTLE,Null,Null,Null,Null,Null,Null,Null,Null,Null,Null,Null,Null,DRY,DARK - NO LIGHTING,DRY,NHP,2393890,Null,Null,Null,2017-07-10T04:14:00.000Z,{4DE695B9-0F71-476F-9298-B16C97B9C9DB}
398332,476946.1865,4183226.753,37.8,-117.3,2017-07-09,BURRO,INJURY CRASH,ESMERALDA,Sun Jul 09 00:00:00 PDT 2017,Sun Dec 31 03:38:00 PST 1899,3:38:00,ALKALI RD,12144,W,US95N,UNKNOWN,-9999,1,Null,C,NON-COLLISION,1,CARRY-ALL,E,46,1,GOING STRAIGHT,APPARENTLY NORMAL,Null,OVER-CORRECTING/OVER-STEERING: RAN OFF ROAD: OBJECT AVOIDANCE,Null,BURRO: RAN OFF ROAD LEFT: EMBANKMENT: OVERTURN/ROLLOVER,Null,Null,Null,Null,Null,Null,Null,Null,Null,Null,Null,Null,DRY,DARK - NO LIGHTING,DRY,ESSO,2373063,Null,Null,Null,2017-07-09T10:38:00.000Z,{2B39CB0D-3531-4169-83D0-E3D05B15AD34}
405774,302057.8419,4480042.285,40.45,-119.3,2017-07-16,DEER,PROPERTY DAMAGE ONLY,PERSHING,Sun Jul 16 00:00:00 PDT 2017,Sun Dec 31 15:12:00 PST 1899,15:12:00,SR447,528,S,MILE MARKER 60,CLEAR,-9999,-9999,PDO,O,NON-COLLISION,1,CARRY-ALL,S,61,1,GOING STRAIGHT,APPARENTLY NORMAL,Null,OBJECT AVOIDANCE,Null,RAN OFF ROAD RIGHT: RAN OFF ROAD RIGHT: DITCH,Null,Null,Null,Null,Null,Null,Null,Null,Null,Null,Null,Null,DRY,DAYLIGHT,DRY,NHP,2394230,Null,Null,Null,2017-07-16T22:12:00.000Z,{8F8692CC-5226-48C1-9E46-CF0D64677C44}
405864,346328.432,4280827.666,38.66,-118.8,2017-07-16,BIG HORN SHEEP,PROPERTY DAMAGE ONLY,MINERAL,Sun Jul 16 00:00:00 PDT 2017,Sun Dec 31 12:56:00 PST 1899,12:56:00,US95N,0,Null,MILE MARKER 63,CLEAR,-9999,-9999,PDO,O,NON-COLLISION,1,"SEDAN, 4 DOOR",S,60,1,GOING STRAIGHT,APPARENTLY NORMAL,Null,Null,Null,BIG HORN SHEEP,Null,Null,Null,Null,Null,Null,Null,Null,Null,Null,Null,Null,DRY,DAYLIGHT,DRY,NHP,2394223,Null,Null,Null,2017-07-16T19:56:00.000Z,{54DFDF47-7BB6-49C4-86BA-DA9F0E42BBA9}
406539,260435.9355,4382194.867,39.56,-119.8,2017-07-23,OTHER ANIMAL,PROPERTY DAMAGE ONLY,WASHOE,Sun Jul 23 00:00:00 PDT 2017,Sun Dec 31 21:30:00 PST 1899,21:30:00,US395S,0,Null,MILE MARKER 27.161,UNKNOWN,-9999,-9999,PDO,O,NON-COLLISION,1,PICKUP,S,29,-9999,GOING STRAIGHT,UNKNOWN,Null,UNKNOWN,Null,OTHER ANIMAL,Null,Null,Null,Null,Null,Null,Null,Null,Null,Null,Null,Null,WET,DARK - SPOT LIGHTING,WET,NHP,2394717,Null,Null,Null,2017-07-24T04:30:00.000Z,{63373F40-9F41-46FF-B822-C0D59BA33A6B}
405525,358632.1713,4435003.662,40.05,-118.7,2017-07-23,DEER,PROPERTY DAMAGE ONLY,PERSHING,Sun Jul 23 00:00:00 PDT 2017,Sun Dec 31 22:12:00 PST 1899,22:12:00,IR80W,0,Null,MILE MARKER 4,CLEAR,-9999,-9999,PDO,O,NON-COLLISION,1,"HATCHBACK, 4 DOOR",W,38,2,GOING STRAIGHT,APPARENTLY NORMAL,Null,Null,Null,DEER,Null,Null,Null,Null,Null,Null,Null,Null,Null,Null,Null,Null,DRY,DARK - NO LIGHTING,DRY,NHP,2394664,Null,Null,Null,2017-07-24T05:12:00.000Z,{3572BC1D-A3DE-435D-8D19-4791AC9AA4F2}
406642,346372.664,4353698.121,39.32,-118.8,2017-07-23,DEER,PROPERTY DAMAGE ONLY,CHURCHILL,Sun Jul 23 00:00:00 PDT 2017,Sun Dec 31 03:41:00 PST 1899,3:41:00,US95N,1000,N,MILE MARKER 15,CLEAR,-9999,-9999,PDO,O,NON-COLLISION,1,"SEDAN, 4 DOOR",N,19,1,GOING STRAIGHT,APPARENTLY NORMAL,Null,UNKNOWN,Null,DEER,Null,Null,Null,Null,Null,Null,Null,Null,Null,Null,Null,Null,DRY,DARK - NO LIGHTING,DRY,NHP,2394628,Null,Null,Null,2017-07-23T10:41:00.000Z,{2B31008E-74CB-4F75-93CE-F9623227901A}
407277,285994.4526,4381071.064,39.55,-119.5,2017-07-30,HORSE,PROPERTY DAMAGE ONLY,STOREY,Sun Jul 30 00:00:00 PDT 2017,Sun Dec 31 22:30:00 PST 1899,22:30:00,SR439S,100,S,WALTHAM WAY,CLEAR,-9999,-9999,PDO,O,NON-COLLISION,1,"TRACTOR TRUCK, DIESEL",S,22,1,GOING STRAIGHT,APPARENTLY NORMAL,Null,OBJECT AVOIDANCE,Null,HORSE,Null,Null,Null,Null,Null,Null,Null,Null,Null,Null,Null,Null,DRY,DARK - NO LIGHTING,DRY,NHP,2395053,Null,Null,Null,2017-07-31T05:30:00.000Z,{0ACFE3D8-710C-4488-A35A-403199FB9D95}
420448,288090.5128,4381010.525,39.55,-119.5,2017-07-30,HORSE,PROPERTY DAMAGE ONLY,STOREY,Sun Jul 30 00:00:00 PDT 2017,Sun Dec 31 23:48:00 PST 1899,23:48:00,ELECTRIC AVE,1320,W,MILAN DR,CLEAR,-9999,-9999,PDO,O,NON-COLLISION,1,CONVERTIBLE,W,34,1,GOING STRAIGHT,APPARENTLY NORMAL,Null,UNKNOWN,Null,HORSE,Null,Null,Null,Null,Null,Null,Null,Null,Null,Null,Null,Null,DRY,DARK - NO LIGHTING,DRY,STSO,2423692,Null,Null,Null,2017-07-31T06:48:00.000Z,{BFE6B5A1-2556-49A4-919B-BA093353D4F6}
406779,714612.7436,4306821.813,38.88,-114.5,2017-07-30,DEER,PROPERTY DAMAGE ONLY,WHITE PINE,Sun Jul 30 00:00:00 PDT 2017,Sun Dec 31 15:09:00 PST 1899,15:09:00,US93N,2640,S,MILE MARKER 16,CLEAR,-9999,-9999,PDO,O,NON-COLLISION,1,CARRY-ALL,N,74,1,GOING STRAIGHT,APPARENTLY NORMAL,Null,OBJECT AVOIDANCE,Null,DEER,Null,Null,Null,Null,Null,Null,Null,Null,Null,Null,Null,Null,DRY,DAYLIGHT,DRY,NHP,2395038,Null,Null,Null,2017-07-30T22:09:00.000Z,{3ECCFB8F-CDD2-40FE-A340-561B515849DF}
393490,286055.7978,4381455.854,39.56,-119.5,2017-06-11,HORSE,PROPERTY DAMAGE ONLY,STOREY,Sun Jun 11 00:00:00 PDT 2017,Sun Dec 31 01:38:00 PST 1899,1:38:00,SR439,0,Null,ELECTRIC AVE N,CLEAR,-9999,-9999,PDO,O,NON-COLLISION,1,UTILITY,N,26,1,GOING STRAIGHT,APPARENTLY NORMAL,Null,Null,Null,HORSE,Null,Null,Null,Null,Null,Null,Null,Null,Null,Null,Null,Null,DRY,DARK - NO LIGHTING,DRY,NHP,2383024,Null,Null,Null,2017-06-11T08:38:00.000Z,{2F01684C-0FF7-42A5-BB74-F99831DCE1E1}