OBJECTID,X,Y,Latitude,Longitude,Date,AnimalType,Crash_Seve,County,Crash_Date_Original,Crash_Time_Original,Crash_Time,Primary_St,Distance,Dir,Secondary_,Weather,Fatalities,Injured,Property_D,Injury_Typ,Crash_Type,Total_Vehi,V1_Type,V1_Dir,V1_Driver_,V1_Lane_Nu,V1_Action,V1_Driver1,V1_Drive_1,V1_Vehicle,V1_Most_Ha,V1_All_Eve,V2_Type,V2_Dir,V2_Driver_,V2_Lane_Nu,V2_Action,V2_Driver1,V2_Drive_1,V2_Vehicle,V2_Most_Ha,V2_All_Eve,First_Harm,Nonmotoris,Factors_Ro,Lighting,HWY_Factor,Agency,Accident_R,Pedalcycli,Pedestrian,Motorcycli,CrashDateT,GlobalID
393767,410987.8438,4321212.5,39.04,-118,2017-06-11,CATTLE,PROPERTY DAMAGE ONLY,NYE,Sun Jun 11 00:00:00 PDT 2017,Sun Dec 31 22:30:00 PST 1899,22:30:00,SR361,700,N,MILE MARKER 22,RAIN,-9999,-9999,PDO,O,NON-COLLISION,1,"TRACTOR TRUCK, DIESEL",N,71,1,GOING STRAIGHT,APPARENTLY NORMAL,Null,UNKNOWN,Null,CATTLE,Null,Null,Null,Null,Null,Null,Null,Null,Null,Null,Null,Null,DRY,DARK - NO LIGHTING,DRY,NHP,2383092,Null,Null,Null,2017-06-12T05:30:00.000Z,{64ACBA53-51B8-4A5C-B691-B925CE51481E}
390276,255724.2615,4326230.414,39.05,-119.8,2017-06-18,DEER,INJURY CRASH,DOUGLAS,Sun Jun 18 00:00:00 PDT 2017,Sun Dec 31 22:50:00 PST 1899,22:50:00,JACKS VALLEY RD,2640,N,BIG SKY TRAIL,CLEAR,-9999,1,Null,C,NON-COLLISION,1,CARRY-ALL,N,16,-9999,GOING STRAIGHT,APPARENTLY NORMAL,Null,OVER-CORRECTING/OVER-STEERING: RAN OFF ROAD: OBJECT AVOIDANCE,Null,OTHER NON-COLLISION: RAN OFF ROAD RIGHT: TREE/SHRUB: OVERTURN/ROLLOVER: FENCE/WALL,Null,Null,Null,Null,Null,Null,Null,Null,Null,Null,Null,Null,DRY,DARK - NO LIGHTING,DRY,DCSO,2372859,Null,Null,Null,2017-06-19T05:50:00.000Z,{7488409C-9745-4AE3-A1DA-E5A51C2CF31F}
393518,684301.9255,4164749.333,37.61,-114.9,2017-06-18,ANTELOPE,PROPERTY DAMAGE ONLY,LINCOLN,Sun Jun 18 00:00:00 PDT 2017,Sun Dec 31 21:48:00 PST 1899,21:48:00,US93N,528,N,MILE MARKER 70,CLEAR,-9999,-9999,PDO,O,NON-COLLISION,1,"HARDTOP, 4 DOOR",N,31,1,GOING STRAIGHT,APPARENTLY NORMAL,Null,Null,Null,ANTELOPE,Null,Null,Null,Null,Null,Null,Null,Null,Null,Null,Null,Null,DRY,DARK - NO LIGHTING,DRY,NHP,2383541,Null,Null,Null,2017-06-19T04:48:00.000Z,{FF57DE26-6294-4A64-A15B-DF8ABD2C86C4}
376311,664561.6447,4004980.977,36.18,-115.2,2017-03-12,DOG/COYOTE,PROPERTY DAMAGE ONLY,CLARK,Sun Mar 12 00:00:00 PST 2017,Sun Dec 31 22:17:00 PST 1899,22:17:00,US95N,1200,E,MILE MARKER 76.755,CLEAR,-9999,-9999,PDO,O,NON-COLLISION,1,"HATCHBACK, 4 DOOR",N,24,3,GOING STRAIGHT,APPARENTLY NORMAL,Null,Null,Null,DOG/COYOTE,Null,Null,Null,Null,Null,Null,Null,Null,Null,Null,Null,Null,WET,DARK - SPOT LIGHTING,WET,NHP,2367101,Null,Null,Null,2017-03-13T05:17:00.000Z,{381F6F84-F0E2-4FC4-AED6-34E942507D12}
392720,252580.1328,4406327.943,39.77,-119.9,2017-03-19,OTHER ANIMAL,INJURY CRASH,WASHOE,Sun Mar 19 00:00:00 PDT 2017,Sun Dec 31 21:40:00 PST 1899,21:40:00,RED ROCK RD,0,Null,DEERLODGE RD,CLEAR,-9999,3,Null,A,NON-COLLISION,1,"SEDAN, 4 DOOR",N,18,1,NOT REPORTED,OTHER IMPROPER DRIVING,Null,EXCEEDED AUTHORIZED SPEED LIMIT: DROVE LEFT OF CENTER: OTHER IMPROPER DRIVING: OBJECT AVOIDANCE,Null,OTHER ANIMAL: RAN OFF ROAD RIGHT: EMBANKMENT: OVERTURN/ROLLOVER,Null,Null,Null,Null,Null,Null,Null,Null,Null,Null,Null,Null,DRY,DARK - NO LIGHTING,DRY,WASO,2386632,Null,Null,Null,2017-03-20T04:40:00.000Z,{A4E1D42B-5F81-4F2F-AD78-433411B9577B}
375865,242432.5851,4375368.93,39.49,-120,2017-03-19,DEER,PROPERTY DAMAGE ONLY,WASHOE,Sun Mar 19 00:00:00 PDT 2017,Sun Dec 31 11:09:00 PST 1899,11:09:00,IR80E,3168,W,MILE MARKER 1,CLEAR,-9999,-9999,PDO,O,NON-COLLISION,1,UTILITY,E,78,2,GOING STRAIGHT,APPARENTLY NORMAL,Null,Null,Null,DEER,Null,Null,Null,Null,Null,Null,Null,Null,Null,Null,Null,Null,DRY,DAYLIGHT,DRY,NHP,2367457,Null,Null,Null,2017-03-19T18:09:00.000Z,{115C37E7-00E2-401A-9367-79E052E83869}
382256,487525.7436,4278526.974,38.66,-117.1,2017-03-19,CATTLE,PROPERTY DAMAGE ONLY,NYE,Sun Mar 19 00:00:00 PDT 2017,Sun Dec 31 21:50:00 PST 1899,21:50:00,SR376,200,N,MILE MARKER 43,CLOUDY,-9999,-9999,PDO,N,NON-COLLISION,1,"SEDAN, 4 DOOR",N,-9999,-9999,GOING STRAIGHT,UNKNOWN,Null,UNKNOWN,Null,CATTLE,Null,Null,Null,Null,Null,Null,Null,Null,Null,Null,Null,Null,Null,Null,Null,NYSO,2368415,Null,Null,Null,2017-03-20T04:50:00.000Z,{C44863B5-43D0-474F-B089-6D82367998EA}
384569,341866.3979,4369444.487,39.46,-118.8,2017-03-26,DEER,PROPERTY DAMAGE ONLY,CHURCHILL,Sun Mar 26 00:00:00 PDT 2017,Sun Dec 31 19:50:00 PST 1899,19:50:00,SR117,0,Null,LIMA LN,CLEAR,-9999,-9999,PDO,O,NON-COLLISION,1,UTILITY,W,36,1,GOING STRAIGHT,APPARENTLY NORMAL,Null,Null,Null,DEER,Null,Null,Null,Null,Null,Null,Null,Null,Null,Null,Null,Null,DRY,DARK - NO LIGHTING,DRY,NHP,2378919,Null,Null,Null,2017-03-27T02:50:00.000Z,{EFFBB3E3-3342-4071-8306-958E0E4C95E7}
384318,257384.3609,4363212.907,39.38,-119.8,2017-05-07,DEER,INJURY CRASH,WASHOE,Sun May 07 00:00:00 PDT 2017,Sun Dec 31 19:46:00 PST 1899,19:46:00,SR431,600,W,CALLAHAN RD,CLEAR,-9999,1,Null,C,NON-COLLISION,1,CARRY-ALL,W,37,1,GOING STRAIGHT,APPARENTLY NORMAL,Null,Null,Null,DEER,Null,Null,Null,Null,Null,Null,Null,Null,Null,Null,Null,Null,DRY,DUSK,DRY,NHP,2381135,Null,Null,Null,2017-05-08T02:46:00.000Z,{350117BB-CD0C-4019-9578-E4F234D504A2}
388121,286024.457,4380942.617,39.55,-119.5,2017-05-14,HORSE,INJURY CRASH,STOREY,Sun May 14 00:00:00 PDT 2017,Sun Dec 31 02:07:00 PST 1899,2:07:00,SR439,528,S,WALTHAM WAY,CLEAR,-9999,1,Null,C,NON-COLLISION,1,UTILITY,S,41,2,GOING STRAIGHT,APPARENTLY NORMAL,Null,OBJECT AVOIDANCE,Null,HORSE,Null,Null,Null,Null,Null,Null,Null,Null,Null,Null,Null,Null,DRY,DARK - NO LIGHTING,DRY,NHP,2381496,Null,Null,Null,2017-05-14T09:07:00.000Z,{9EAEFDCA-38E7-4532-A947-9721A3CAFE2C}
384799,256147.5417,4387473.086,39.6,-119.8,2017-05-21,DEER,PROPERTY DAMAGE ONLY,WASHOE,Sun May 21 00:00:00 PDT 2017,Sun Dec 31 02:00:00 PST 1899,2:00:00,US395S,1138,S,MILE MARKER 32,CLEAR,-9999,-9999,PDO,O,NON-COLLISION,1,CARRY-ALL,S,29,2,GOING STRAIGHT,APPARENTLY NORMAL,Null,Null,Null,DEER,Null,Null,Null,Null,Null,Null,Null,Null,Null,Null,Null,Null,DRY,DARK - NO LIGHTING,DRY,NHP,2381874,Null,Null,Null,2017-05-21T09:00:00.000Z,{59135059-F974-4A7D-B30B-270F0CF9F7B0}
393528,613269.4724,4048667.737,36.58,-115.7,2017-05-28,OTHER ANIMAL,PROPERTY DAMAGE ONLY,CLARK,Sun May 28 00:00:00 PDT 2017,Sun Dec 31 09:30:00 PST 1899,9:30:00,US95S,1,N,MILE MARKER 123,CLEAR,-9999,-9999,PDO,O,NON-COLLISION,1,"SEDAN, 4 DOOR",S,48,1,GOING STRAIGHT,APPARENTLY NORMAL,Null,Null,Null,OTHER ANIMAL,Null,Null,Null,Null,Null,Null,Null,Null,Null,Null,Null,Null,DRY,DAYLIGHT,DRY,NHP,2382289,Null,Null,Null,2017-05-28T16:30:00.000Z,{E33D977D-127D-48A0-A85E-FAEFD6B0BC4C}
415533,699262.1302,4041169.074,36.5,-114.8,2017-11-05,DOG/COYOTE,PROPERTY DAMAGE ONLY,CLARK,Sun Nov 05 00:00:00 PDT 2017,Sun Dec 31 06:30:00 PST 1899,6:30:00,IR15N,1200,S,MILE MARKER 75,CLEAR,-9999,-9999,PDO,O,NON-COLLISION,1,"SEDAN, 4 DOOR",N,22,2,GOING STRAIGHT,APPARENTLY NORMAL,Null,Null,Null,DOG/COYOTE,Null,Null,Null,Null,Null,Null,Null,Null,Null,Null,Null,Null,DRY,DAWN,DRY,NHP,2414732,Null,Null,Null,2017-11-05T14:30:00.000Z,{718122DA-6688-479A-BE2D-FF9E93A29591}
417469,263781.3299,4387786.58,39.61,-119.8,2017-11-05,DOG/COYOTE,PROPERTY DAMAGE ONLY,WASHOE,Sun Nov 05 00:00:00 PDT 2017,Sun Dec 31 20:43:00 PST 1899,20:43:00,HIGHLAND RANCH PKWY,1000,E,MIDNIGHT DR,CLEAR,-9999,-9999,PDO,O,REAR-END,2,PICKUP,E,55,1,GOING STRAIGHT,UNKNOWN,Null,HIT AND RUN,Null,SLOW/STOPPED VEHICLE: DOG/COYOTE,CARRY-ALL,E,37,1,GOING STRAIGHT,APPARENTLY NORMAL,Null,HIT AND RUN,Null,DOG/COYOTE,Null,Null,DRY,DARK - SPOT LIGHTING,DRY,WASO,2423766,Null,Null,Null,2017-11-06T04:43:00.000Z,{E3FD1F7D-66C1-4EF9-A727-20A3E0AE5F7D}
413814,261867.7112,4312068.29,38.93,-119.7,2017-11-05,DEER,PROPERTY DAMAGE ONLY,DOUGLAS,Sun Nov 05 00:00:00 PDT 2017,Sun Dec 31 14:06:00 PST 1899,14:06:00,SR756,50,N,WATERLOO LN,CLEAR,-9999,-9999,PDO,N,NON-COLLISION,1,UTILITY,N,-9999,-9999,GOING STRAIGHT,APPARENTLY NORMAL,Null,OBJECT AVOIDANCE,Null,DEER,Null,Null,Null,Null,Null,Null,Null,Null,Null,Null,Null,Null,Null,Null,Null,DCSO,2404952,Null,Null,Null,2017-11-05T22:06:00.000Z,{D56DE576-ECC6-4511-8294-757E05E6ED3F}
415961,249817.9666,4332421.46,39.11,-119.9,2017-11-05,DEER,PROPERTY DAMAGE ONLY,DOUGLAS,Sun Nov 05 00:00:00 PDT 2017,Sun Dec 31 17:27:00 PST 1899,17:27:00,US50E,1500,E,MILE MARKER 13,CLOUDY,-9999,-9999,PDO,O,NON-COLLISION,1,WAGON,W,59,2,GOING STRAIGHT,APPARENTLY NORMAL,Null,Null,Null,OTHER NON-COLLISION: DEER,Null,Null,Null,Null,Null,Null,Null,Null,Null,Null,Null,Null,DRY,DARK - SPOT LIGHTING,DRY,NHP,2414749,Null,Null,Null,2017-11-06T01:27:00.000Z,{F6D9E450-AC57-4BC9-86F2-E4B88B1ADF89}
415812,637119.8446,4038097.188,36.48,-115.5,2017-11-05,BURRO,PROPERTY DAMAGE ONLY,CLARK,Sun Nov 05 00:00:00 PDT 2017,Sun Dec 31 23:10:00 PST 1899,23:10:00,US95N,500,N,SR156,CLEAR,-9999,-9999,PDO,O,NON-COLLISION,1,"SEDAN, 4 DOOR",N,25,2,GOING STRAIGHT,APPARENTLY NORMAL,Null,Null,Null,BURRO,Null,Null,Null,Null,Null,Null,Null,Null,Null,Null,Null,Null,DRY,DARK - NO LIGHTING,DRY,NHP,2414474,Null,Null,Null,2017-11-06T07:10:00.000Z,{681F26C6-EBAA-4B48-810A-CB0A05993B61}
417858,671097.3992,4546347.341,41.05,-115,2017-11-12,DEER,PROPERTY DAMAGE ONLY,ELKO,Sun Nov 12 00:00:00 PST 2017,Sun Dec 31 17:51:00 PST 1899,17:51:00,US93N,2640,S,MILE MARKER 71,CLOUDY,-9999,-9999,PDO,O,NON-COLLISION,1,CARRY-ALL,S,38,1,GOING STRAIGHT,APPARENTLY NORMAL,Null,Null,Null,DEER,Null,Null,Null,Null,Null,Null,Null,Null,Null,Null,Null,Null,DRY,DARK - NO LIGHTING,DRY,NHP,2415206,Null,Null,Null,2017-11-13T01:51:00.000Z,{B3FE8BCA-B555-4E08-BD29-AD42B7F6A095}
417978,375259.9604,4449462.935,40.19,-118.5,2017-11-12,DEER,PROPERTY DAMAGE ONLY,PERSHING,Sun Nov 12 00:00:00 PST 2017,Sun Dec 31 04:55:00 PST 1899,4:55:00,IR80E,85,E,MILE MARKER 18,CLEAR,-9999,-9999,PDO,O,NON-COLLISION,1,SEDAN,E,26,2,GOING STRAIGHT,APPARENTLY NORMAL,Null,Null,Null,DEER,Null,Null,Null,Null,Null,Null,Null,Null,Null,Null,Null,Null,DRY,DARK - NO LIGHTING,DRY,NHP,2415172,Null,Null,Null,2017-11-12T12:55:00.000Z,{0A1230DF-47D9-468B-B321-1E3694653AD6}
418217,245111.3749,4377686.176,39.51,-120,2017-11-12,DEER,PROPERTY DAMAGE ONLY,WASHOE,Sun Nov 12 00:00:00 PST 2017,Sun Dec 31 01:35:00 PST 1899,1:35:00,IR80W,106,W,MILE MARKER 4.9,CLEAR,-9999,-9999,PDO,O,NON-COLLISION,1,COUPE,W,51,1,GOING STRAIGHT,APPARENTLY NORMAL,Null,OBJECT AVOIDANCE,Null,DEER,Null,Null,Null,Null,Null,Null,Null,Null,Null,Null,Null,Null,DRY,DARK - SPOT LIGHTING,DRY,NHP,2415168,Null,Null,Null,2017-11-12T09:35:00.000Z,{B009CFB6-3371-49F4-B813-58F23C77D4BF}
419125,684334.8432,4582073.737,41.37,-114.8,2017-11-12,DEER,INJURY CRASH,ELKO,Sun Nov 12 00:00:00 PST 2017,Sun Dec 31 16:55:00 PST 1899,16:55:00,US93N,70,S,MILE MARKER 95,CLEAR,-9999,1,Null,C,NON-COLLISION,1,"SEDAN, 4 DOOR",N,19,1,GOING STRAIGHT,APPARENTLY NORMAL,Null,OBJECT AVOIDANCE,Null,DEER: RAN OFF ROAD RIGHT: OVERTURN/ROLLOVER,Null,Null,Null,Null,Null,Null,Null,Null,Null,Null,Null,Null,DRY,DARK - NO LIGHTING,DRY,NHP,2415196,Null,Null,Null,2017-11-13T00:55:00.000Z,{581A5496-C8C9-471F-8A88-5D737C9D1FC3}
417346,736544.1564,4185612.471,37.79,-114.3,2017-11-12,CATTLE,INJURY CRASH,LINCOLN,Sun Nov 12 00:00:00 PST 2017,Sun Dec 31 17:45:00 PST 1899,17:45:00,SR319,863,E,MILE MARKER 5,CLEAR,-9999,1,Null,C,NON-COLLISION,1,"HARDTOP, 4 DOOR",W,55,1,GOING STRAIGHT,"FELL ASLEEP, FAINTED, FATIGUED, ETC.",Null,Null,Null,CATTLE,Null,Null,Null,Null,Null,Null,Null,Null,Null,Null,Null,Null,DRY,DARK - NO LIGHTING,DRY,NHP,2415208,Null,Null,Null,2017-11-13T01:45:00.000Z,{98614E0F-5905-4A66-BF74-0DB1EE15B8A7}
413888,616170.7722,4510406.339,40.74,-115.6,2017-11-19,DEER,PROPERTY DAMAGE ONLY,ELKO,Sun Nov 19 00:00:00 PST 2017,Sun Dec 31 16:45:00 PST 1899,16:45:00,LICHT PKWY,0,Null,CHIMNEY CREEK RD,CLOUDY,-9999,-9999,PDO,N,NON-COLLISION,1,CARRY-ALL,S,-9999,-9999,GOING STRAIGHT,APPARENTLY NORMAL,Null,OBJECT AVOIDANCE,Null,DEER,Null,Null,Null,Null,Null,Null,Null,Null,Null,Null,Null,Null,Null,Null,Null,ECSO,2405248,Null,Null,Null,2017-11-20T00:45:00.000Z,{789EDF29-857A-44A8-A885-C4B9118634BE}
414219,432720.577,4146518.815,37.46,-117.8,2017-11-19,DEER,PROPERTY DAMAGE ONLY,ESMERALDA,Sun Nov 19 00:00:00 PST 2017,Sun Dec 31 16:55:00 PST 1899,16:55:00,SR266,750,S,MILE MARKER 5,CLEAR,-9999,-9999,PDO,O,NON-COLLISION,1,PICKUP,S,-9999,-9999,NOT REPORTED,APPARENTLY NORMAL,Null,OBJECT AVOIDANCE,Null,DEER: RAN OFF ROAD RIGHT: TREE/SHRUB,Null,Null,Null,Null,Null,Null,Null,Null,Null,Null,Null,Null,Null,Null,Null,ESSO,2405293,Null,Null,Null,2017-11-20T00:55:00.000Z,{1CE91043-ED13-426D-AED6-C9EA1B0CCA3B}
416991,623828.6564,4508961.409,40.72,-115.5,2017-11-19,DEER,PROPERTY DAMAGE ONLY,ELKO,Sun Nov 19 00:00:00 PST 2017,Sun Dec 31 14:05:00 PST 1899,14:05:00,SR227,2000,S,MILE MARKER 17,CLEAR,-9999,-9999,PDO,O,NON-COLLISION,1,PICKUP,N,56,1,GOING STRAIGHT,APPARENTLY NORMAL,Null,Null,Null,DEER,Null,Null,Null,Null,Null,Null,Null,Null,Null,Null,Null,Null,DRY,DAYLIGHT,DRY,NHP,2415670,Null,Null,Null,2017-11-19T22:05:00.000Z,{361F448F-7967-493F-8B5A-978BC477D730}
423804,633981.5365,4015734.218,36.28,-115.5,2017-11-19,BURRO,INJURY CRASH,CLARK,Sun Nov 19 00:00:00 PST 2017,Sun Dec 31 19:35:00 PST 1899,19:35:00,SR157,200,W,MILE MARKER 9,CLEAR,-9999,1,Null,C,NON-COLLISION,1,CARRY-ALL,W,40,1,GOING STRAIGHT,APPARENTLY NORMAL,Null,HIT AND RUN,Null,BURRO: BURRO,Null,Null,Null,Null,Null,Null,Null,Null,Null,Null,Null,Null,DRY,DARK - NO LIGHTING,DRY,NHP,2415681,Null,Null,Null,2017-11-20T03:35:00.000Z,{B0AEE5A5-DEF7-4712-9B37-C3777C5C4F80}
417540,692053.8865,4374236.309,39.5,-114.8,2017-11-19,ANTELOPE,PROPERTY DAMAGE ONLY,WHITE PINE,Sun Nov 19 00:00:00 PST 2017,Sun Dec 31 12:30:00 PST 1899,12:30:00,US93N,3960,N,MILE MARKER 71,CLEAR,-9999,-9999,PDO,O,NON-COLLISION,1,"HARDTOP, 4 DOOR",N,41,1,GOING STRAIGHT,APPARENTLY NORMAL,Null,Null,Null,ANTELOPE,Null,Null,Null,Null,Null,Null,Null,Null,Null,Null,Null,Null,DRY,DAYLIGHT,DRY,NHP,2415667,Null,Null,Null,2017-11-19T20:30:00.000Z,{13F0491A-98AB-4C8B-8306-93DF054F342F}
417024,725946.644,4051427.51,36.58,-114.5,2017-11-26,HORSE,PROPERTY DAMAGE ONLY,CLARK,Sun Nov 26 00:00:00 PST 2017,Sun Dec 31 18:00:00 PST 1899,18:00:00,SR169,645,N,MILE MARKER 17,CLEAR,-9999,-9999,PDO,O,NON-COLLISION,1,CONVERTIBLE,S,74,1,GOING STRAIGHT,APPARENTLY NORMAL,Null,Null,Null,HORSE,Null,Null,Null,Null,Null,Null,Null,Null,Null,Null,Null,Null,DRY,DARK - NO LIGHTING,DRY,NHP,2416078,Null,Null,Null,2017-11-27T02:00:00.000Z,{7B9E2191-B3D6-4117-B645-753198908814}
417314,621673.5401,4534115.361,40.95,-115.6,2017-11-26,DEER,PROPERTY DAMAGE ONLY,ELKO,Sun Nov 26 00:00:00 PST 2017,Sun Dec 31 17:10:00 PST 1899,17:10:00,IR80E,57,E,MILE MARKER 39,CLOUDY,-9999,-9999,PDO,O,NON-COLLISION,1,SEMI,E,29,2,GOING STRAIGHT,APPARENTLY NORMAL,Null,Null,Null,DEER,Null,Null,Null,Null,Null,Null,Null,Null,Null,Null,Null,Null,DRY,DARK - NO LIGHTING,DRY,NHP,2416076,Null,Null,Null,2017-11-27T01:10:00.000Z,{0F852605-E45E-4C4A-91AE-EA8B975D7B7B}
417675,722984.7865,4174067.327,37.69,-114.5,2017-11-26,DEER,PROPERTY DAMAGE ONLY,LINCOLN,Sun Nov 26 00:00:00 PST 2017,Sun Dec 31 21:47:00 PST 1899,21:47:00,US93N,472,S,MILE MARKER 100,CLEAR,-9999,-9999,PDO,O,NON-COLLISION,1,UTILITY,N,48,1,GOING STRAIGHT,APPARENTLY NORMAL,Null,Null,Null,DEER,Null,Null,Null,Null,Null,Null,Null,Null,Null,Null,Null,Null,DRY,DARK - NO LIGHTING,DRY,NHP,2416086,Null,Null,Null,2017-11-27T05:47:00.000Z,{ED4A1FB5-A582-4CB7-B5AC-17E271C3D2C1}
408273,271620.8484,4345773.061,39.23,-119.6,2017-10-01,HORSE,INJURY CRASH,LYON,Sun Oct 01 00:00:00 PDT 2017,Sun Dec 31 22:00:00 PST 1899,22:00:00,SR341,4000,N,US50,CLEAR,-9999,1,Null,C,NON-COLLISION,1,UTILITY,S,79,1,GOING STRAIGHT,UNKNOWN,Null,UNKNOWN,Null,HORSE,Null,Null,Null,Null,Null,Null,Null,Null,Null,Null,Null,Null,DRY,DARK - NO LIGHTING,DRY,NHP,2398684,Null,Null,Null,2017-10-02T05:00:00.000Z,{C1161F8B-6D7B-463E-9FCB-EA5B67EC8545}
412346,686505.0312,4625901.516,41.76,-114.8,2017-10-01,DEER,PROPERTY DAMAGE ONLY,ELKO,Sun Oct 01 00:00:00 PDT 2017,Sun Dec 31 19:16:00 PST 1899,19:16:00,US93N,100,S,MILE MARKER 125,CLOUDY,-9999,-9999,PDO,O,NON-COLLISION,1,CARRY-ALL,S,32,1,GOING STRAIGHT,APPARENTLY NORMAL,Null,OBJECT AVOIDANCE,Null,DEER,Null,Null,Null,Null,Null,Null,Null,Null,Null,Null,Null,Null,DRY,DARK - NO LIGHTING,DRY,NHP,2398653,Null,Null,Null,2017-10-02T02:16:00.000Z,{F4735E3B-150B-4835-9A80-13E1E469D2DA}
408337,424816.3785,4527590.229,40.9,-117.9,2017-10-15,DEER,PROPERTY DAMAGE ONLY,HUMBOLDT,Sun Oct 15 00:00:00 PDT 2017,Sun Dec 31 21:12:00 PST 1899,21:12:00,IR80E,1000,E,MILE MARKER 4,CLEAR,-9999,-9999,PDO,O,NON-COLLISION,1,SEMI,E,63,1,GOING STRAIGHT,APPARENTLY NORMAL,Null,OBJECT AVOIDANCE,Null,DEER,Null,Null,Null,Null,Null,Null,Null,Null,Null,Null,Null,Null,DRY,DARK - NO LIGHTING,DRY,NHP,2399288,Null,Null,Null,2017-10-16T04:12:00.000Z,{6CCFFF62-47E9-4386-A5FC-64FE4882CE19}
417903,682003.7824,4571124.482,41.27,-114.8,2017-10-15,DEER,PROPERTY DAMAGE ONLY,ELKO,Sun Oct 15 00:00:00 PDT 2017,Sun Dec 31 10:00:00 PST 1899,10:00:00,US93N,300,S,MILE MARKER 88,UNKNOWN,-9999,-9999,PDO,O,NON-COLLISION,1,"SEDAN, 2 DOOR",S,32,1,GOING STRAIGHT,UNKNOWN,Null,Null,Null,DEER,Null,Null,Null,Null,Null,Null,Null,Null,Null,Null,Null,Null,DRY,DAYLIGHT,DRY,NHP,2413548,Null,Null,Null,2017-10-15T17:00:00.000Z,{7AB3EA32-DEA6-4BC8-AC6B-8ED58CC83A04}
411115,561577.1429,4227926.433,38.2,-116.3,2017-10-15,CATTLE,PROPERTY DAMAGE ONLY,NYE,Sun Oct 15 00:00:00 PDT 2017,Sun Dec 31 19:15:00 PST 1899,19:15:00,SR375,75,E,MILE MARKER 4,CLEAR,-9999,-9999,PDO,O,NON-COLLISION,1,PICKUP,E,66,1,GOING STRAIGHT,APPARENTLY NORMAL,Null,RAN OFF ROAD: OBJECT AVOIDANCE,Null,CATTLE: RAN OFF ROAD RIGHT: FIRE/EXPLOSION,Null,Null,Null,Null,Null,Null,Null,Null,Null,Null,Null,Null,DRY,DARK - NO LIGHTING,DRY,NHP,2399287,Null,Null,Null,2017-10-16T02:15:00.000Z,{5769BAF1-2EFF-4D9A-BFA9-F7F8A105B5C1}
417169,265992.7153,4389147.907,39.62,-119.7,2017-10-22,DOG/COYOTE,PROPERTY DAMAGE ONLY,WASHOE,Sun Oct 22 00:00:00 PDT 2017,Sun Dec 31 20:10:00 PST 1899,20:10:00,SR445,1584,N,LAZY FIVE PKWY,CLEAR,-9999,-9999,PDO,O,NON-COLLISION,1,"HATCHBACK, 4 DOOR",S,29,2,GOING STRAIGHT,APPARENTLY NORMAL,Null,Null,Null,DOG/COYOTE,Null,Null,Null,Null,Null,Null,Null,Null,Null,Null,Null,Null,DRY,DARK - SPOT LIGHTING,DRY,NHP,2414446,Null,Null,Null,2017-10-23T03:10:00.000Z,{6EE8EEDA-7163-4AEA-A17E-24DF4D55B06F}
417301,269752.9443,4344007.529,39.21,-119.7,2017-10-29,HORSE,PROPERTY DAMAGE ONLY,LYON,Sun Oct 29 00:00:00 PDT 2017,Sun Dec 31 22:29:00 PST 1899,22:29:00,US50E,528,W,MILE MARKER 1,CLEAR,-9999,-9999,PDO,O,NON-COLLISION,1,PICKUP,W,58,2,GOING STRAIGHT,APPARENTLY NORMAL,Null,Null,Null,HORSE,Null,Null,Null,Null,Null,Null,Null,Null,Null,Null,Null,Null,DRY,DARK - CONTINUOUS LIGHTING,DRY,NHP,2414297,Null,Null,Null,2017-10-30T05:29:00.000Z,{07CDBA5F-ADA1-4181-B7F1-D83EB990B351}
419585,434232.3414,4583695.153,41.4,-117.8,2017-10-29,DEER,PROPERTY DAMAGE ONLY,HUMBOLDT,Sun Oct 29 00:00:00 PDT 2017,Sun Dec 31 19:48:00 PST 1899,19:48:00,US95N,100,S,MILE MARKER 32,CLEAR,-9999,-9999,PDO,O,NON-COLLISION,1,UTILITY,N,40,1,GOING STRAIGHT,APPARENTLY NORMAL,Null,OBJECT AVOIDANCE,Null,DEER,Null,Null,Null,Null,Null,Null,Null,Null,Null,Null,Null,Null,DRY,DARK - NO LIGHTING,DRY,NHP,2414293,Null,Null,Null,2017-10-30T02:48:00.000Z,{FB66DF29-8FEA-46F8-A5D7-4DD136D26AFF}
417977,638073.317,4143591.01,37.43,-115.4,2017-10-29,CATTLE,PROPERTY DAMAGE ONLY,LINCOLN,Sun Oct 29 00:00:00 PDT 2017,Sun Dec 31 11:30:00 PST 1899,11:30:00,SR375,3640,E,MILE MARKER 32,CLEAR,-9999,-9999,PDO,O,NON-COLLISION,1,HATCHBACK/FASTBACK,N,31,1,GOING STRAIGHT,APPARENTLY NORMAL,Null,Null,Null,CATTLE,Null,Null,Null,Null,Null,Null,Null,Null,Null,Null,Null,Null,DRY,DARK - NO LIGHTING,DRY,NHP,2414298,Null,Null,Null,2017-10-29T18:30:00.000Z,{1FE10075-58F9-4B71-A893-699CF65C7FA7}