OBJECTID,X,Y,Latitude,Longitude,Date,AnimalType,Crash_Seve,County,Crash_Date_Original,Crash_Time_Original,Crash_Time,Primary_St,Distance,Dir,Secondary_,Weather,Fatalities,Injured,Property_D,Injury_Typ,Crash_Type,Total_Vehi,V1_Type,V1_Dir,V1_Driver_,V1_Lane_Nu,V1_Action,V1_Driver1,V1_Drive_1,V1_Vehicle,V1_Most_Ha,V1_All_Eve,V2_Type,V2_Dir,V2_Driver_,V2_Lane_Nu,V2_Action,V2_Driver1,V2_Drive_1,V2_Vehicle,V2_Most_Ha,V2_All_Eve,First_Harm,Nonmotoris,Factors_Ro,Lighting,HWY_Factor,Agency,Accident_R,Pedalcycli,Pedestrian,Motorcycli,CrashDateT,GlobalID
408718,276838.9331,4348319.416,39.26,-119.6,2017-09-03,HORSE,INJURY CRASH,LYON,Sun Sep 03 00:00:00 PDT 2017,Sun Dec 31 04:41:00 PST 1899,4:41:00,US50,555,W,MILE MARKER 7,CLEAR,-9999,1,Null,C,NON-COLLISION,1,PICKUP,E,62,2,GOING STRAIGHT,APPARENTLY NORMAL,Null,Null,Null,HORSE,Null,Null,Null,Null,Null,Null,Null,Null,Null,Null,Null,Null,DRY,DARK - NO LIGHTING,DRY,NHP,2397046,Null,Null,Null,2017-09-03T11:41:00.000Z,{F29111B0-E8B1-4AD6-A6BD-C2A7772090DE}
408970,269875.0077,4344052.714,39.22,-119.7,2017-09-03,HORSE,PROPERTY DAMAGE ONLY,LYON,Sun Sep 03 00:00:00 PDT 2017,Sun Dec 31 01:47:00 PST 1899,1:47:00,US50,600,W,KIT KAT DR,CLEAR,-9999,-9999,PDO,O,NON-COLLISION,1,CARRY-ALL,E,60,1,GOING STRAIGHT,APPARENTLY NORMAL,Null,Null,Null,HORSE,Null,Null,Null,Null,Null,Null,Null,Null,Null,Null,Null,Null,DRY,DARK - SPOT LIGHTING,DRY,NHP,2397037,Null,Null,Null,2017-09-03T08:47:00.000Z,{5CB3556C-B048-48EB-A0F7-A18FAF1EF98A}
410052,322109.0815,4370789.066,39.47,-119.1,2017-09-03,HORSE,INJURY CRASH,CHURCHILL,Sun Sep 03 00:00:00 PDT 2017,Sun Dec 31 02:00:00 PST 1899,2:00:00,US50,1584,W,MILE MARKER 4,CLEAR,-9999,1,Null,B,NON-COLLISION,1,"SEDAN, 2 DOOR",E,33,-9999,NOT REPORTED,APPARENTLY NORMAL,Null,DROVE LEFT OF CENTER,Null,RAN OFF ROAD RIGHT: RAN OFF ROAD LEFT: OVERTURN/ROLLOVER,Null,Null,Null,Null,Null,Null,Null,Null,Null,Null,Null,Null,DRY,DARK - NO LIGHTING,DRY,NHP,2397048,Null,Null,Null,2017-09-03T09:00:00.000Z,{C2095046-01D3-4806-A96E-FE7074F6773E}
408901,249036.9061,4354844.518,39.31,-119.9,2017-09-03,DEER,PROPERTY DAMAGE ONLY,WASHOE,Sun Sep 03 00:00:00 PDT 2017,Sun Dec 31 13:05:00 PST 1899,13:05:00,SR431,1584,E,MILE MARKER 7,CLOUDY,-9999,-9999,PDO,O,NON-COLLISION,1,"SEDAN, 4 DOOR",W,19,1,GOING STRAIGHT,APPARENTLY NORMAL,Null,Null,Null,DEER,Null,Null,Null,Null,Null,Null,Null,Null,Null,Null,Null,Null,DRY,DAYLIGHT,DRY,NHP,2397062,Null,Null,Null,2017-09-03T20:05:00.000Z,{7590B088-B638-41D7-988B-6D434CF21863}
409129,628279.6291,4029882.621,36.41,-115.6,2017-09-03,BURRO,PROPERTY DAMAGE ONLY,CLARK,Sun Sep 03 00:00:00 PDT 2017,Sun Dec 31 22:30:00 PST 1899,22:30:00,SR156,50,E,MILE MARKER 10,CLEAR,-9999,-9999,PDO,O,NON-COLLISION,1,MOTORCYCLE,E,56,1,GOING STRAIGHT,APPARENTLY NORMAL,Null,Null,Null,BURRO,Null,Null,Null,Null,Null,Null,Null,Null,Null,Null,Null,Null,DRY,DARK - NO LIGHTING,DRY,NHP,2397081,Null,Null,YES,2017-09-04T05:30:00.000Z,{477315D5-BE9F-413C-AD89-7C6F300140EC}
412146,252284.7109,4390090.518,39.62,-119.9,2017-09-10,UNKNOWN,INJURY CRASH,WASHOE,Sun Sep 10 00:00:00 PDT 2017,Sun Dec 31 06:03:00 PST 1899,6:03:00,SILVER LAKE RD,100,W,PEPPERMINT DR E,CLEAR,-9999,1,Null,C,NON-COLLISION,1,"SEDAN, 4 DOOR",W,34,-9999,GOING STRAIGHT,APPARENTLY NORMAL,Null,FAILURE TO KEEP IN PROPER LANE OR RUNNING OFF ROAD: UNSAFE LANE CHANGE,Null,Null,Null,Null,Null,Null,Null,Null,Null,Null,Null,Null,Null,Null,DRY,DAYLIGHT,DRY,RPD,2400793,Null,Null,Null,2017-09-10T13:03:00.000Z,{199E38E3-D01A-40B4-AFB4-B149CA17691E}
402066,650387.3659,4018034.045,36.3,-115.3,2017-09-17,DOG/COYOTE,PROPERTY DAMAGE ONLY,CLARK,Sun Sep 17 00:00:00 PDT 2017,Sun Dec 31 05:40:00 PST 1899,5:40:00,SEVERENCE LN,378,N,LARRY MCBRYDE ST,CLEAR,-9999,-9999,PDO,O,NON-COLLISION,1,PICKUP,N,22,1,NOT REPORTED,APPARENTLY NORMAL,Null,FAILURE TO KEEP IN PROPER LANE OR RUNNING OFF ROAD: UNSAFE LANE CHANGE,Null,DOG/COYOTE: RAN OFF ROAD LEFT: TREE/SHRUB,Null,Null,Null,Null,Null,Null,Null,Null,Null,Null,Null,Null,DRY,DAWN,DRY,LVMPD,2392001,Null,Null,Null,2017-09-17T12:40:00.000Z,{FD95E66B-143D-4F8C-A462-8AECB3568B31}
409274,720625.0365,4205222.949,37.97,-114.5,2017-09-17,DOG/COYOTE,PROPERTY DAMAGE ONLY,LINCOLN,Sun Sep 17 00:00:00 PDT 2017,Sun Dec 31 04:45:00 PST 1899,4:45:00,US93N,528,N,MILE MARKER 122,CLEAR,-9999,-9999,PDO,O,NON-COLLISION,1,VAN,N,30,1,GOING STRAIGHT,APPARENTLY NORMAL,Null,Null,Null,DOG/COYOTE,Null,Null,Null,Null,Null,Null,Null,Null,Null,Null,Null,Null,DRY,DARK - NO LIGHTING,DRY,NHP,2397831,Null,Null,Null,2017-09-17T11:45:00.000Z,{B971A237-B243-430E-9CB7-D54D7A64E5F1}
419739,263056.9168,4373541.607,39.48,-119.8,2017-09-17,DOG/COYOTE,PROPERTY DAMAGE ONLY,WASHOE,Sun Sep 17 00:00:00 PDT 2017,Sun Dec 31 00:50:00 PST 1899,0:50:00,SR659,0,Null,RIO POCO RD,CLEAR,-9999,-9999,PDO,N,NON-COLLISION,1,"SEDAN, 4 DOOR",E,-9999,-9999,GOING STRAIGHT,APPARENTLY NORMAL,Null,UNKNOWN,Null,DOG/COYOTE,Null,Null,Null,Null,Null,Null,Null,Null,Null,Null,Null,Null,Null,Null,Null,RPD,2403661,Null,Null,Null,2017-09-17T07:50:00.000Z,{C942F3A3-DEC8-4097-B5D6-D2645CA962A9}
402513,633390.8125,4533061,40.94,-115.4,2017-09-17,DEER,PROPERTY DAMAGE ONLY,ELKO,Sun Sep 17 00:00:00 PDT 2017,Sun Dec 31 18:45:00 PST 1899,18:45:00,HALLECK-SECRET PASS RD,1,E,MILE MARKER 3.261,CLEAR,-9999,-9999,PDO,N,NON-COLLISION,1,CARRY-ALL,W,-9999,-9999,GOING STRAIGHT,APPARENTLY NORMAL,Null,OBJECT AVOIDANCE,Null,DEER,Null,Null,Null,Null,Null,Null,Null,Null,Null,Null,Null,Null,Null,Null,Null,ECSO,2387983,Null,Null,Null,2017-09-18T01:45:00.000Z,{83EF4DEA-B4C4-45B7-B9E8-0F4D53919E49}
408635,671253.7358,4120294.76,37.21,-115.1,2017-09-17,DEER,INJURY CRASH,LINCOLN,Sun Sep 17 00:00:00 PDT 2017,Sun Dec 31 18:45:00 PST 1899,18:45:00,US93N,1234,S,MILE MARKER 27,CLEAR,-9999,1,Null,B,NON-COLLISION,1,"HATCHBACK, 4 DOOR",S,66,1,GOING STRAIGHT,APPARENTLY NORMAL,Null,Null,Null,DEER,Null,Null,Null,Null,Null,Null,Null,Null,Null,Null,Null,Null,DRY,DARK - NO LIGHTING,DRY,NHP,2397858,Null,Null,Null,2017-09-18T01:45:00.000Z,{6A2510EE-85E8-4844-B66B-F8888486D572}
411839,465633.5333,4530745.274,40.93,-117.4,2017-09-17,DEER,PROPERTY DAMAGE ONLY,HUMBOLDT,Sun Sep 17 00:00:00 PDT 2017,Sun Dec 31 06:00:00 PST 1899,6:00:00,IR80W,528,E,MILE MARKER 35,CLEAR,-9999,-9999,PDO,O,NON-COLLISION,1,SEMI,W,44,-9999,GOING STRAIGHT,"FELL ASLEEP, FAINTED, FATIGUED, ETC.",Null,FAILURE TO KEEP IN PROPER LANE OR RUNNING OFF ROAD: UNSAFE LANE CHANGE,Null,"RAN OFF ROAD RIGHT: OTHER POST, POLE OR SUPPORT: OTHER POST, POLE OR SUPPORT: RAN OFF ROAD LEFT: OVERTURN/ROLLOVER",Null,Null,Null,Null,Null,Null,Null,Null,Null,Null,Null,Null,DRY,DAWN,DRY,NHP,2397834,Null,Null,Null,2017-09-17T13:00:00.000Z,{B45174F5-207B-47CA-A1FE-0F68600EE9A4}
410936,273295.1809,4350098.789,39.27,-119.6,2017-09-24,OTHER ANIMAL,INJURY CRASH,LYON,Sun Sep 24 00:00:00 PDT 2017,Sun Dec 31 15:03:00 PST 1899,15:03:00,SR341,2587,E,MILE MARKER 4,CLEAR,-9999,1,Null,B,NON-COLLISION,1,MOTORBIKE,S,53,1,GOING STRAIGHT,APPARENTLY NORMAL,Null,DROVE LEFT OF CENTER: OBJECT AVOIDANCE,Null,OTHER ANIMAL: OVERTURN/ROLLOVER: RAN OFF ROAD LEFT,Null,Null,Null,Null,Null,Null,Null,Null,Null,Null,Null,Null,DRY,DAYLIGHT,DRY,NHP,2398266,Null,Null,YES,2017-09-24T22:03:00.000Z,{595C7476-7D6C-40B1-B744-08E55454DC14}
407997,265631.9969,4363824.466,39.39,-119.7,2017-09-24,HORSE,PROPERTY DAMAGE ONLY,WASHOE,Sun Sep 24 00:00:00 PDT 2017,Sun Dec 31 22:05:00 PST 1899,22:05:00,SR341,0,Null,KIVETT LN,CLOUDY,-9999,-9999,PDO,O,NON-COLLISION,1,PICKUP,S,53,1,GOING STRAIGHT,APPARENTLY NORMAL,Null,Null,Null,HORSE,Null,Null,Null,Null,Null,Null,Null,Null,Null,Null,Null,Null,DRY,DARK - NO LIGHTING,DRY,NHP,2398285,Null,Null,Null,2017-09-25T05:05:00.000Z,{81620CB0-16C6-434C-B49A-4B141E15277A}
409207,248329.3943,4331809.351,39.1,-119.9,2017-09-24,DEER,PROPERTY DAMAGE ONLY,DOUGLAS,Sun Sep 24 00:00:00 PDT 2017,Sun Dec 31 19:36:00 PST 1899,19:36:00,US50,528,W,SR28,CLEAR,-9999,-9999,PDO,O,NON-COLLISION,1,CARRY-ALL,E,69,2,GOING STRAIGHT,APPARENTLY NORMAL,Null,Null,Null,DEER,Null,Null,Null,Null,Null,Null,Null,Null,Null,Null,Null,Null,DRY,DARK - SPOT LIGHTING,DRY,NHP,2398278,Null,Null,Null,2017-09-25T02:36:00.000Z,{448480E4-C283-417C-81C8-F4AD0BDB3A14}
413303,754370.2912,4179691.173,37.73,-114.1,2017-04-20,ELK,PROPERTY DAMAGE ONLY,LINCOLN,Thu Apr 20 00:00:00 PDT 2017,Sun Dec 31 05:12:00 PST 1899,5:12:00,SR319,2640,W,MILE MARKER 67,CLEAR,-9999,-9999,PDO,O,NON-COLLISION,1,PICKUP,W,88,1,GOING STRAIGHT,APPARENTLY NORMAL,Null,Null,Null,ELK,Null,Null,Null,Null,Null,Null,Null,Null,Null,Null,Null,Null,DRY,DARK - NO LIGHTING,DRY,NHP,2380097,Null,Null,Null,2017-04-20T12:12:00.000Z,{04AE076C-A7E4-407D-8648-774EF3D2EA73}
386289,440620.335,4632707.218,41.84,-117.7,2017-04-20,DEER,PROPERTY DAMAGE ONLY,HUMBOLDT,Thu Apr 20 00:00:00 PDT 2017,Sun Dec 31 22:27:00 PST 1899,22:27:00,US95N,0,Null,MILE MARKER 63,CLEAR,-9999,-9999,PDO,O,NON-COLLISION,1,"SEDAN, 4 DOOR",N,57,1,GOING STRAIGHT,APPARENTLY NORMAL,Null,OBJECT AVOIDANCE,Null,DEER,Null,Null,Null,Null,Null,Null,Null,Null,Null,Null,Null,Null,DRY,DARK - NO LIGHTING,DRY,NHP,2380160,Null,Null,Null,2017-04-21T05:27:00.000Z,{339ADC1D-8099-4BE5-8D0C-8694DB0213CE}
390712,703786.5287,4437978.525,40.07,-114.6,2017-04-20,DEER,PROPERTY DAMAGE ONLY,WHITE PINE,Thu Apr 20 00:00:00 PDT 2017,Sun Dec 31 21:04:00 PST 1899,21:04:00,US93AN,3960,S,MILE MARKER 1,CLOUDY,-9999,-9999,PDO,O,NON-COLLISION,1,SEDAN,S,23,1,GOING STRAIGHT,HAD BEEN DRINKING,Null,OBJECT AVOIDANCE,Null,DEER,Null,Null,Null,Null,Null,Null,Null,Null,Null,Null,Null,Null,DRY,DARK - NO LIGHTING,DRY,NHP,2380158,Null,Null,Null,2017-04-21T04:04:00.000Z,{D39CFBD4-DFE0-4FD1-BF88-771CA02C6332}
385044,268721.4993,4343619.638,39.21,-119.7,2017-04-27,HORSE,PROPERTY DAMAGE ONLY,LYON,Thu Apr 27 00:00:00 PDT 2017,Sun Dec 31 21:13:00 PST 1899,21:13:00,US50,1100,E,MILE MARKER 0,CLEAR,-9999,-9999,PDO,O,NON-COLLISION,1,"HATCHBACK, 4 DOOR",E,24,2,GOING STRAIGHT,APPARENTLY NORMAL,Null,Null,Null,HORSE,Null,Null,Null,Null,Null,Null,Null,Null,Null,Null,Null,Null,DRY,DARK - NO LIGHTING,DRY,NHP,2380552,Null,Null,Null,2017-04-28T04:13:00.000Z,{636DB714-0744-4C30-83AB-7B036FA1F5B3}
407392,648609,4507509,40.71,-115.2,2017-08-03,DOG/COYOTE,PROPERTY DAMAGE ONLY,ELKO,Thu Aug 03 00:00:00 PDT 2017,Sun Dec 31 08:00:00 PST 1899,8:00:00,SR229,500,E,MILE MARKER 30,CLEAR,-9999,-9999,PDO,O,NON-COLLISION,1,"HARDTOP, 4 DOOR",S,51,1,GOING STRAIGHT,APPARENTLY NORMAL,Null,UNKNOWN,Null,DOG/COYOTE,Null,Null,Null,Null,Null,Null,Null,Null,Null,Null,Null,Null,DRY,DAYLIGHT,DRY,NHP,2395260,Null,Null,Null,2017-08-03T15:00:00.000Z,{DAD661C5-2EFF-408E-BA51-06027F0FD0A2}
406555,516053.7137,4201313.967,37.96,-116.8,2017-08-03,ANTELOPE,PROPERTY DAMAGE ONLY,NYE,Thu Aug 03 00:00:00 PDT 2017,Sun Dec 31 07:15:00 PST 1899,7:15:00,ARNY44,2112,S,MILE MARKER 6,CLEAR,-9999,-9999,PDO,O,NON-COLLISION,1,PICKUP,S,25,1,GOING STRAIGHT,APPARENTLY NORMAL,Null,OBJECT AVOIDANCE,Null,ANTELOPE,Null,Null,Null,Null,Null,Null,Null,Null,Null,Null,Null,Null,DRY,DAYLIGHT,DRY,NHP,2395252,Null,Null,Null,2017-08-03T14:15:00.000Z,{19F59AA7-8084-47E2-A604-65D3A038C702}
407016,652951.6941,3998043.141,36.12,-115.3,2017-08-10,UNKNOWN,PROPERTY DAMAGE ONLY,CLARK,Thu Aug 10 00:00:00 PDT 2017,Sun Dec 31 23:13:00 PST 1899,23:13:00,FLAMINGO RD,250,E,FLAMINGO RD TO CC215N,CLEAR,-9999,-9999,PDO,O,"SIDESWIPE, OVERTAKING",2,"SEDAN, 4 DOOR",W,29,-9999,GOING STRAIGHT,APPARENTLY NORMAL,Null,UNKNOWN,Null,Null,SEMI,W,39,Null,GOING STRAIGHT,APPARENTLY NORMAL,Null,UNKNOWN,Null,Null,Null,Null,DRY,DARK - CONTINUOUS LIGHTING,DRY,NHP,2395737,Null,Null,Null,2017-08-11T06:13:00.000Z,{DEA52727-B39B-4698-9E37-82E1E10DA397}
402577,346248.6395,4372277.61,39.49,-118.8,2017-08-10,DOG/COYOTE,INJURY CRASH,CHURCHILL,Thu Aug 10 00:00:00 PDT 2017,Sun Dec 31 10:19:00 PST 1899,10:19:00,COLEMAN RD,528,W,VENTURACCI LN,CLEAR,-9999,1,Null,C,REAR-END,2,"SEDAN, 4 DOOR",W,52,1,GOING STRAIGHT,OTHER IMPROPER DRIVING,Null,FOLLOWED TOO CLOSELY,Null,Null,"SEDAN, 2 DOOR",W,38,1,GOING STRAIGHT,APPARENTLY NORMAL,Null,OBJECT AVOIDANCE,Null,Null,Null,Null,DRY,DAYLIGHT,DRY,CHSO,2387499,Null,Null,Null,2017-08-10T17:19:00.000Z,{D0047704-920E-4CF7-8ED7-1E432AF23E87}
409430,647003.9962,3988951.716,36.03,-115.4,2017-08-10,BURRO,INJURY CRASH,CLARK,Thu Aug 10 00:00:00 PDT 2017,Sun Dec 31 16:59:00 PST 1899,16:59:00,SR160,150,E,AVERY ST,CLOUDY,-9999,1,Null,C,NON-COLLISION,1,"SEDAN, 4 DOOR",E,23,1,GOING STRAIGHT,APPARENTLY NORMAL,Null,OBJECT AVOIDANCE,Null,BURRO: BURRO,Null,Null,Null,Null,Null,Null,Null,Null,Null,Null,Null,Null,DRY,DAYLIGHT,DRY,NHP,2396344,Null,Null,Null,2017-08-10T23:59:00.000Z,{529463E2-E361-41D6-A665-B03EC8C5D1DE}
414203,675972.8426,3991947.843,36.06,-115,2017-08-17,OTHER ANIMAL,INJURY CRASH,CLARK,Thu Aug 17 00:00:00 PDT 2017,Sun Dec 31 10:19:00 PST 1899,10:19:00,WARM SPRINGS RD,0,Null,N STEPHANIE ST,CLEAR,-9999,2,Null,B,ANGLE,2,SEDAN,N,72,-9999,GOING STRAIGHT,APPARENTLY NORMAL,Null,"FAILED TO YIELD RIGHT OF WAY: DISREGARDED TRAFFIC SIGNS, SIGNALS, ROAD MARKINGS",Null,Null,VAN,E,58,Null,GOING STRAIGHT,APPARENTLY NORMAL,Null,Null,Null,Null,OTHER ANIMAL,Null,DRY,DAYLIGHT,DRY,HEPD,2401728,Null,Null,Null,2017-08-17T17:19:00.000Z,{9E5088FF-DC6F-4E20-8A60-474EEA76A332}
417298,286145.67,4381439.82,39.56,-119.5,2017-08-24,HORSE,PROPERTY DAMAGE ONLY,STOREY,Thu Aug 24 00:00:00 PDT 2017,Sun Dec 31 21:14:00 PST 1899,21:14:00,ELECTRIC AVE,300,E,SR439N,CLEAR,-9999,-9999,PDO,O,NON-COLLISION,1,"SEDAN, 4 DOOR",W,21,1,GOING STRAIGHT,APPARENTLY NORMAL,Null,Null,Null,HORSE,Null,Null,Null,Null,Null,Null,Null,Null,Null,Null,Null,Null,DRY,DARK - NO LIGHTING,DRY,STSO,2423693,Null,Null,Null,2017-08-25T04:14:00.000Z,{DE7B1EDB-6DBD-4DB6-8030-D5251AB5C4C0}
401877,347175.2605,4373417.652,39.5,-118.8,2017-08-24,DOG/COYOTE,PROPERTY DAMAGE ONLY,CHURCHILL,Thu Aug 24 00:00:00 PDT 2017,Sun Dec 31 20:24:00 PST 1899,20:24:00,RICE RD,100,W,TUMBLEWEED RD,CLEAR,-9999,-9999,PDO,O,NON-COLLISION,1,CARRY-ALL,W,63,1,GOING STRAIGHT,APPARENTLY NORMAL,Null,OBJECT AVOIDANCE,Null,DOG/COYOTE,Null,Null,Null,Null,Null,Null,Null,Null,Null,Null,Null,Null,DRY,DARK - NO LIGHTING,DRY,CHSO,2387503,Null,Null,Null,2017-08-25T03:24:00.000Z,{08EB6594-842D-4DD5-B4B9-7B61ACADB845}
406418,594060.2263,4514896.094,40.78,-115.9,2017-08-24,DEER,INJURY CRASH,ELKO,Thu Aug 24 00:00:00 PDT 2017,Sun Dec 31 20:02:00 PST 1899,20:02:00,IR80W,1584,W,MILE MARKER 17,CLOUDY,-9999,1,Null,B,NON-COLLISION,1,CARRY-ALL,W,25,2,GOING STRAIGHT,APPARENTLY NORMAL,Null,OBJECT AVOIDANCE,Null,DEER,Null,Null,Null,Null,Null,Null,Null,Null,Null,Null,Null,Null,DRY,DARK - NO LIGHTING,DRY,NHP,2396528,Null,Null,Null,2017-08-25T03:02:00.000Z,{C01134DD-8528-4CCF-962F-BD39FF0F4484}
406095,252503.382,4333425.288,39.11,-119.9,2017-08-24,BEAR,PROPERTY DAMAGE ONLY,CARSON CITY,Thu Aug 24 00:00:00 PDT 2017,Sun Dec 31 22:05:00 PST 1899,22:05:00,US50,500,W,MILE MARKER 2,CLEAR,-9999,-9999,PDO,O,UNKNOWN,5,"SEDAN, 4 DOOR",E,25,1,GOING STRAIGHT,APPARENTLY NORMAL,Null,Null,Null,BEAR,"HATCHBACK, 4 DOOR",E,55,1,GOING STRAIGHT,APPARENTLY NORMAL,Null,Null,Null,BEAR,Null,Null,DRY,DARK - NO LIGHTING,DRY,NHP,2396531,Null,Null,Null,2017-08-25T05:05:00.000Z,{7317DA54-848F-4C52-AF70-956C50C8F204}
417023,656415.17,4163984.377,37.61,-115.2,2017-12-07,DEER,PROPERTY DAMAGE ONLY,LINCOLN,Thu Dec 07 00:00:00 PST 2017,Sun Dec 31 17:00:00 PST 1899,17:00:00,SR318,1520,N,MILE MARKER 6,CLEAR,-9999,-9999,PDO,O,NON-COLLISION,1,PICKUP,S,75,1,GOING STRAIGHT,APPARENTLY NORMAL,Null,Null,Null,DEER,Null,Null,Null,Null,Null,Null,Null,Null,Null,Null,Null,Null,DRY,DARK - NO LIGHTING,DRY,NHP,2416821,Null,Null,Null,2017-12-08T01:00:00.000Z,{09D62216-394A-4A37-87A0-D178796C1D37}
416147,712567.7563,4166811.025,37.62,-114.6,2017-12-07,DEER,PROPERTY DAMAGE ONLY,LINCOLN,Thu Dec 07 00:00:00 PST 2017,Sun Dec 31 13:38:00 PST 1899,13:38:00,US93N,1000,N,MILE MARKER 89,CLOUDY,-9999,-9999,PDO,O,NON-COLLISION,1,SEDAN,N,23,1,GOING STRAIGHT,APPARENTLY NORMAL,Null,Null,Null,DEER,Null,Null,Null,Null,Null,Null,Null,Null,Null,Null,Null,Null,DRY,DAYLIGHT,DRY,NHP,2416795,Null,Null,Null,2017-12-07T21:38:00.000Z,{7F63A59F-E153-4875-A8A8-956CEA7BFE75}
420283,434777.2502,4606039.501,41.6,-117.8,2017-12-07,DEER,PROPERTY DAMAGE ONLY,HUMBOLDT,Thu Dec 07 00:00:00 PST 2017,Sun Dec 31 17:00:00 PST 1899,17:00:00,US95N,600,S,MILE MARKER 46,CLEAR,-9999,-9999,PDO,O,NON-COLLISION,1,"SEDAN, 4 DOOR",S,63,1,GOING STRAIGHT,APPARENTLY NORMAL,Null,UNKNOWN,Null,DEER,Null,Null,Null,Null,Null,Null,Null,Null,Null,Null,Null,Null,DRY,DARK - NO LIGHTING,DRY,NHP,2416822,Null,Null,Null,2017-12-08T01:00:00.000Z,{8D058ACF-15EF-4853-AD92-0D87D9862A09}
415517,628938.6294,3986553.456,36.01,-115.6,2017-12-14,DEER,PROPERTY DAMAGE ONLY,CLARK,Thu Dec 14 00:00:00 PST 2017,Sun Dec 31 20:05:00 PST 1899,20:05:00,SR160N,1500,N,MILE MARKER 25,CLEAR,-9999,-9999,PDO,O,NON-COLLISION,1,"SEDAN, 4 DOOR",N,25,2,GOING STRAIGHT,APPARENTLY NORMAL,Null,Null,Null,DEER: RAN OFF ROAD RIGHT: EMBANKMENT,Null,Null,Null,Null,Null,Null,Null,Null,Null,Null,Null,Null,DRY,DARK - NO LIGHTING,DRY,NHP,2417273,Null,Null,Null,2017-12-15T04:05:00.000Z,{E0B39A47-9414-478E-956C-8B9B53489DDA}
419583,292072.7695,4291683.994,38.75,-119.4,2017-12-14,DEER,PROPERTY DAMAGE ONLY,LYON,Thu Dec 14 00:00:00 PST 2017,Sun Dec 31 17:21:00 PST 1899,17:21:00,HOYE CANYON RD,5280,W,SR208,CLEAR,-9999,-9999,PDO,O,NON-COLLISION,1,CARRY-ALL,N,49,-9999,GOING STRAIGHT,APPARENTLY NORMAL,Null,UNKNOWN,Null,DEER,Null,Null,Null,Null,Null,Null,Null,Null,Null,Null,Null,Null,DRY,DARK - UNKNOWN LIGHTING,DRY,LYSO,2413144,Null,Null,Null,2017-12-15T01:21:00.000Z,{A1FFBE8A-1374-4DD7-AD96-CBB5ADBD1176}
417152,245595.0351,4397622.796,39.69,-120,2017-12-28,DOG/COYOTE,PROPERTY DAMAGE ONLY,WASHOE,Thu Dec 28 00:00:00 PST 2017,Sun Dec 31 21:53:00 PST 1899,21:53:00,VILLAGE PKWY,0,Null,VILLAGE CENTER DR,CLEAR,-9999,-9999,PDO,O,NON-COLLISION,1,"HATCHBACK, 2 DOOR",N,-9999,-9999,OTHER,APPARENTLY NORMAL,Null,OBJECT AVOIDANCE,Null,DOG/COYOTE: RAN OFF ROAD RIGHT: LIGHT/LUMINARY SUPPORT,Null,Null,Null,Null,Null,Null,Null,Null,Null,Null,Null,Null,Null,Null,Null,WASO,2423819,Null,Null,Null,2017-12-29T05:53:00.000Z,{937994F5-C2DD-4A6A-B0C7-99185AA08AB8}
417687,623209.7926,4026062.433,36.37,-115.6,2017-12-28,BURRO,PROPERTY DAMAGE ONLY,CLARK,Thu Dec 28 00:00:00 PST 2017,Sun Dec 31 17:19:00 PST 1899,17:19:00,SR156,211,E,MILE MARKER 6,CLEAR,-9999,-9999,PDO,O,NON-COLLISION,1,SEDAN,E,41,1,GOING STRAIGHT,APPARENTLY NORMAL,Null,Null,Null,BURRO,Null,Null,Null,Null,Null,Null,Null,Null,Null,Null,Null,Null,DRY,DARK - NO LIGHTING,DRY,NHP,2418316,Null,Null,Null,2017-12-29T01:19:00.000Z,{B7093001-19FD-443F-982D-D588A034BD5F}
380624,664716.7077,3985367.861,36,-115.2,2017-02-02,UNKNOWN,INJURY CRASH,CLARK,Thu Feb 02 00:00:00 PST 2017,Sun Dec 31 23:38:00 PST 1899,23:38:00,LAS VEGAS BLVD,50,S,E CACTUS AVE,CLEAR,-9999,1,Null,C,REAR-END,3,PICKUP,N,23,1,GOING STRAIGHT,APPARENTLY NORMAL,Null,FOLLOWED TOO CLOSELY,Null,Null,"HATCHBACK, 4 DOOR",N,53,1,GOING STRAIGHT,APPARENTLY NORMAL,Null,Null,Null,Null,Null,Null,DRY,DARK - NO LIGHTING,DRY,NHP,2364920,Null,Null,Null,2017-02-03T07:38:00.000Z,{C6F62FFF-65F6-4BBE-AC16-A5D6B8F13A12}
370982,425850.3706,4147228.614,37.47,-117.8,2017-02-09,CATTLE,PROPERTY DAMAGE ONLY,ESMERALDA,Thu Feb 09 00:00:00 PST 2017,Sun Dec 31 18:05:00 PST 1899,18:05:00,SR266,50,E,MILE MARKER 0,CLEAR,-9999,-9999,PDO,N,NON-COLLISION,1,CARRY-ALL,E,-9999,-9999,GOING STRAIGHT,APPARENTLY NORMAL,Null,OBJECT AVOIDANCE,Null,CATTLE,Null,Null,Null,Null,Null,Null,Null,Null,Null,Null,Null,Null,Null,Null,Null,ESSO,2361743,Null,Null,Null,2017-02-10T02:05:00.000Z,{A1FB274C-4CD8-4B22-9E7E-B43B92E10822}