OBJECTID,X,Y,Latitude,Longitude,Date,AnimalType,Crash_Seve,County,Crash_Date_Original,Crash_Time_Original,Crash_Time,Primary_St,Distance,Dir,Secondary_,Weather,Fatalities,Injured,Property_D,Injury_Typ,Crash_Type,Total_Vehi,V1_Type,V1_Dir,V1_Driver_,V1_Lane_Nu,V1_Action,V1_Driver1,V1_Drive_1,V1_Vehicle,V1_Most_Ha,V1_All_Eve,V2_Type,V2_Dir,V2_Driver_,V2_Lane_Nu,V2_Action,V2_Driver1,V2_Drive_1,V2_Vehicle,V2_Most_Ha,V2_All_Eve,First_Harm,Nonmotoris,Factors_Ro,Lighting,HWY_Factor,Agency,Accident_R,Pedalcycli,Pedestrian,Motorcycli,CrashDateT,GlobalID
380364,323953.4596,4371799.339,39.48,-119,2017-02-09,CATTLE,PROPERTY DAMAGE ONLY,CHURCHILL,Thu Feb 09 00:00:00 PST 2017,Sun Dec 31 18:15:00 PST 1899,18:15:00,US50,0,Null,MILE MARKER 5,UNKNOWN,-9999,-9999,PDO,O,NON-COLLISION,1,OTHER,E,62,-9999,GOING STRAIGHT,UNKNOWN,Null,UNKNOWN,Null,CATTLE,Null,Null,Null,Null,Null,Null,Null,Null,Null,Null,Null,Null,DRY,DARK - NO LIGHTING,DRY,NHP,2365220,Null,Null,Null,2017-02-10T02:15:00.000Z,{AEE084DB-30AD-42CF-BE5C-9BBFF808C6C9}
375612,262322.9906,4361339.921,39.37,-119.8,2017-02-16,DEER,PROPERTY DAMAGE ONLY,WASHOE,Thu Feb 16 00:00:00 PST 2017,Sun Dec 31 09:30:00 PST 1899,9:30:00,IR580N,900,S,MILE MARKER 13,CLOUDY,-9999,-9999,PDO,O,NON-COLLISION,1,VAN,N,43,3,GOING STRAIGHT,APPARENTLY NORMAL,Null,Null,Null,DEER,Null,Null,Null,Null,Null,Null,Null,Null,Null,Null,Null,Null,WET,DAYLIGHT,WET,NHP,2365586,Null,Null,Null,2017-02-16T17:30:00.000Z,{BE9FB57B-E334-4FAC-8B3B-7A3701E74E11}
376202,262448.5868,4364310.89,39.4,-119.8,2017-02-16,DEER,INJURY CRASH,WASHOE,Thu Feb 16 00:00:00 PST 2017,Sun Dec 31 22:39:00 PST 1899,22:39:00,IR580S,528,S,MILE MARKER 14.92,CLEAR,-9999,1,Null,C,NON-COLLISION,1,"SEDAN, 4 DOOR",S,21,1,GOING STRAIGHT,APPARENTLY NORMAL,Null,Null,Null,DEER,Null,Null,Null,Null,Null,Null,Null,Null,Null,Null,Null,Null,WET,DARK - NO LIGHTING,WET,NHP,2365627,Null,Null,Null,2017-02-17T06:39:00.000Z,{28B51FCB-31F6-4407-99C7-9B4BB6207511}
376715,262644.1969,4361662.815,39.37,-119.8,2017-02-16,DEER,PROPERTY DAMAGE ONLY,WASHOE,Thu Feb 16 00:00:00 PST 2017,Sun Dec 31 22:42:00 PST 1899,22:42:00,IR580S,528,N,MILE MARKER 13,CLEAR,-9999,-9999,PDO,O,NON-COLLISION,1,"SEDAN, 4 DOOR",S,59,2,GOING STRAIGHT,APPARENTLY NORMAL,Null,OBJECT AVOIDANCE,Null,DEER,Null,Null,Null,Null,Null,Null,Null,Null,Null,Null,Null,Null,WET,DARK - SPOT LIGHTING,WET,NHP,2365628,Null,Null,Null,2017-02-17T06:42:00.000Z,{986F6C11-1229-4E79-9108-5D7C2A370E01}
379090,411711.8541,4340759.895,39.21,-118,2017-02-16,CATTLE,PROPERTY DAMAGE ONLY,CHURCHILL,Thu Feb 16 00:00:00 PST 2017,Sun Dec 31 21:10:00 PST 1899,21:10:00,SR361,50,N,MILE MARKER 10,UNKNOWN,-9999,-9999,PDO,O,NON-COLLISION,1,"SEDAN, 4 DOOR",S,31,1,GOING STRAIGHT,APPARENTLY NORMAL,Null,OBJECT AVOIDANCE,Null,CATTLE,Null,Null,Null,Null,Null,Null,Null,Null,Null,Null,Null,Null,DRY,DARK - NO LIGHTING,DRY,NHP,2365655,Null,Null,Null,2017-02-17T05:10:00.000Z,{1C4FF38D-AF3E-4C44-B24D-DDE274D049C0}
372324,586226.034,4020804.356,36.33,-116,2017-01-19,BURRO,PROPERTY DAMAGE ONLY,NYE,Thu Jan 19 00:00:00 PST 2017,Sun Dec 31 17:26:00 PST 1899,17:26:00,SR160,1000,N,MILE MARKER 19,CLEAR,-9999,-9999,PDO,O,NON-COLLISION,1,"HATCHBACK, 4 DOOR",N,75,1,GOING STRAIGHT,APPARENTLY NORMAL,Null,Null,Null,BURRO,Null,Null,Null,Null,Null,Null,Null,Null,Null,Null,Null,Null,DRY,DARK - NO LIGHTING,DRY,NHP,2358828,Null,Null,Null,2017-01-20T01:26:00.000Z,{3CC411CE-D344-4D22-9075-481D35920C34}
405337,739442.2727,4558787.004,41.15,-114.1,2017-01-26,CATTLE,PROPERTY DAMAGE ONLY,ELKO,Thu Jan 26 00:00:00 PST 2017,Sun Dec 31 19:12:00 PST 1899,19:12:00,PILOT RD,13179,N,FIRST ST,CLEAR: SNOW,-9999,-9999,PDO,O,NON-COLLISION,1,PICKUP,N,71,-9999,GOING STRAIGHT,APPARENTLY NORMAL,Null,OBJECT AVOIDANCE,Null,CATTLE,Null,Null,Null,Null,Null,Null,Null,Null,Null,Null,Null,Null,SNOW,DARK - NO LIGHTING,SNOW,ECSO,2353143,Null,Null,Null,2017-01-27T03:12:00.000Z,{12E916CD-B0BB-40FB-899A-0D7D39FAC4C0}
402403,262929.9601,4309428.211,38.9,-119.7,2017-07-13,OTHER ANIMAL,PROPERTY DAMAGE ONLY,DOUGLAS,Thu Jul 13 00:00:00 PDT 2017,Sun Dec 31 05:00:00 PST 1899,5:00:00,SELKIRK CI,400,N,MUIR DR,CLEAR,-9999,-9999,PDO,O,NON-COLLISION,1,"SEDAN, 4 DOOR",S,-9999,-9999,GOING STRAIGHT,"FELL ASLEEP, FAINTED, FATIGUED, ETC.: OTHER IMPROPER DRIVING",Null,OBJECT AVOIDANCE,Null,OTHER ANIMAL: RAN OFF ROAD LEFT: TREE/SHRUB: OTHER MOVABLE OBJECT,Null,Null,Null,Null,Null,Null,Null,Null,Null,Null,Null,Null,Null,Null,Null,DCSO,2387534,Null,Null,Null,2017-07-13T12:00:00.000Z,{14D8C5BE-3BD8-422A-B471-E70F8A07CB85}
405801,351664.2961,4367769.224,39.45,-118.7,2017-07-13,DEER,PROPERTY DAMAGE ONLY,CHURCHILL,Thu Jul 13 00:00:00 PDT 2017,Sun Dec 31 11:20:00 PST 1899,11:20:00,SR118,500,E,PASTURE RD,CLEAR,-9999,-9999,PDO,O,NON-COLLISION,1,PICKUP,E,72,1,GOING STRAIGHT,APPARENTLY NORMAL,Null,OBJECT AVOIDANCE,Null,DEER,Null,Null,Null,Null,Null,Null,Null,Null,Null,Null,Null,Null,DRY,DAYLIGHT,DRY,NHP,2394071,Null,Null,Null,2017-07-13T18:20:00.000Z,{7059B1AF-8DCA-4E0B-99E4-1F20B3AFC23C}
405925,721386.695,4171834.965,37.67,-114.5,2017-07-13,DEER,PROPERTY DAMAGE ONLY,LINCOLN,Thu Jul 13 00:00:00 PDT 2017,Sun Dec 31 20:28:00 PST 1899,20:28:00,US93N,1000,N,MILE MARKER 98,CLOUDY,-9999,-9999,PDO,O,NON-COLLISION,1,SEDAN,N,39,1,GOING STRAIGHT,APPARENTLY NORMAL,Null,Null,Null,DEER,Null,Null,Null,Null,Null,Null,Null,Null,Null,Null,Null,Null,DRY,DUSK,DRY,NHP,2394090,Null,Null,Null,2017-07-14T03:28:00.000Z,{B5D7848B-C222-41C2-93F0-6DBD32D68402}
405956,635538.1663,4543074.313,41.03,-115.4,2017-07-13,DEER,PROPERTY DAMAGE ONLY,ELKO,Thu Jul 13 00:00:00 PDT 2017,Sun Dec 31 05:25:00 PST 1899,5:25:00,IR80E,837,E,MILE MARKER 50,CLEAR,-9999,-9999,PDO,O,NON-COLLISION,1,"SEDAN, 4 DOOR",E,49,2,GOING STRAIGHT,APPARENTLY NORMAL,Null,Null,Null,DEER,Null,Null,Null,Null,Null,Null,Null,Null,Null,Null,Null,Null,DRY,DAYLIGHT,DRY,NHP,2394053,Null,Null,Null,2017-07-13T12:25:00.000Z,{ED4E2A2A-975E-477C-9B5C-25BAAE3BFCFC}
405616,625432.6997,4014145.879,36.26,-115.6,2017-07-20,DEER,PROPERTY DAMAGE ONLY,CLARK,Thu Jul 20 00:00:00 PDT 2017,Sun Dec 31 09:24:00 PST 1899,9:24:00,SR157,200,W,SR158,CLOUDY,-9999,-9999,PDO,O,NON-COLLISION,1,"SEDAN, 4 DOOR",W,17,1,GOING STRAIGHT,APPARENTLY NORMAL,Null,OBJECT AVOIDANCE,Null,DEER,Null,Null,Null,Null,Null,Null,Null,Null,Null,Null,Null,Null,DRY,DAYLIGHT,DRY,NHP,2394447,Null,Null,Null,2017-07-20T16:24:00.000Z,{CF5CB2CF-FD9C-43D1-B70D-F4C0B91FEBD1}
406421,686766.6483,4340452.755,39.19,-114.8,2017-07-20,DEER,PROPERTY DAMAGE ONLY,WHITE PINE,Thu Jul 20 00:00:00 PDT 2017,Sun Dec 31 23:39:00 PST 1899,23:39:00,US6,200,E,MILE MARKER 43,CLEAR,-9999,-9999,PDO,O,NON-COLLISION,1,PICKUP,W,21,1,GOING STRAIGHT,APPARENTLY NORMAL,Null,OBJECT AVOIDANCE,Null,DEER,Null,Null,Null,Null,Null,Null,Null,Null,Null,Null,Null,Null,DRY,DARK - NO LIGHTING,DRY,NHP,2394491,Null,Null,Null,2017-07-21T06:39:00.000Z,{90DA1585-189D-4453-AE61-069882F49D29}
396520,619436.7199,4508886.655,40.72,-115.6,2017-06-01,DEER,PROPERTY DAMAGE ONLY,ELKO,Thu Jun 01 00:00:00 PDT 2017,Sun Dec 31 07:30:00 PST 1899,7:30:00,SR227,900,S,MILE MARKER 14,CLOUDY,-9999,-9999,PDO,O,NON-COLLISION,1,"HATCHBACK, 4 DOOR",N,56,1,GOING STRAIGHT,APPARENTLY NORMAL,Null,OBJECT AVOIDANCE,Null,DEER,Null,Null,Null,Null,Null,Null,Null,Null,Null,Null,Null,Null,DRY,DAYLIGHT,DRY,NHP,2382459,Null,Null,Null,2017-06-01T14:30:00.000Z,{29C6FE9C-0C2B-4CDC-8EB1-CB3E9F911385}
395121,570948.909,4228945.339,38.21,-116.2,2017-06-01,CATTLE,PROPERTY DAMAGE ONLY,NYE,Thu Jun 01 00:00:00 PDT 2017,Sun Dec 31 08:11:00 PST 1899,8:11:00,SR375,528,N,MILE MARKER 10,CLEAR,-9999,-9999,PDO,O,NON-COLLISION,1,CARRY-ALL,S,62,1,GOING STRAIGHT,APPARENTLY NORMAL,Null,DRIVING TOO FAST FOR CONDITIONS,Null,CATTLE,Null,Null,Null,Null,Null,Null,Null,Null,Null,Null,Null,Null,DRY,DARK - NO LIGHTING,DRY,NHP,2382466,Null,Null,Null,2017-06-01T15:11:00.000Z,{5D4AE46D-D505-4050-B079-78A6C68F1A06}
392439,261563.4251,4370721.333,39.45,-119.8,2017-06-08,OTHER ANIMAL,INJURY CRASH,WASHOE,Thu Jun 08 00:00:00 PDT 2017,Sun Dec 31 12:13:00 PST 1899,12:13:00,OFFENHAUSER DR,100,S,PORTMAN AVE,CLEAR,-9999,1,Null,B,NON-COLLISION,1,MOTORCYCLE,N,23,1,GOING STRAIGHT,APPARENTLY NORMAL,Null,OBJECT AVOIDANCE,Null,OTHER ANIMAL: RAN OFF ROAD RIGHT: OTHER NON-COLLISION,Null,Null,Null,Null,Null,Null,Null,Null,Null,Null,Null,Null,DRY,DAYLIGHT,DRY,RPD,2385747,Null,Null,YES,2017-06-08T19:13:00.000Z,{C93FF9CA-9148-49C9-B380-7047ED8952FB}
393411,719888.726,4167998.384,37.63,-114.5,2017-06-08,DEER,PROPERTY DAMAGE ONLY,LINCOLN,Thu Jun 08 00:00:00 PDT 2017,Sun Dec 31 05:45:00 PST 1899,5:45:00,US93N,2640,N,MILE MARKER 95,CLOUDY,-9999,-9999,PDO,O,NON-COLLISION,1,PICKUP,N,44,1,GOING STRAIGHT,APPARENTLY NORMAL,Null,Null,Null,DEER,Null,Null,Null,Null,Null,Null,Null,Null,Null,Null,Null,Null,DRY,DAYLIGHT,DRY,NHP,2382859,Null,Null,Null,2017-06-08T12:45:00.000Z,{0264F46D-160F-4F4C-80D2-E1CDB0F71737}
394325,734573.7627,4470486.86,40.35,-114.2,2017-06-08,DEER,PROPERTY DAMAGE ONLY,ELKO,Thu Jun 08 00:00:00 PDT 2017,Sun Dec 31 02:10:00 PST 1899,2:10:00,US93AN,0,Null,MILE MARKER 24,CLEAR,-9999,-9999,PDO,O,NON-COLLISION,1,PICKUP,S,35,1,GOING STRAIGHT,APPARENTLY NORMAL,Null,OBJECT AVOIDANCE,Null,DEER,Null,Null,Null,Null,Null,Null,Null,Null,Null,Null,Null,Null,DRY,DARK - NO LIGHTING,DRY,NHP,2382857,Null,Null,Null,2017-06-08T09:10:00.000Z,{D11CD409-1062-40F8-A88A-7B245243C17A}
394315,687243.5009,4353155.868,39.31,-114.8,2017-06-15,UNKNOWN,PROPERTY DAMAGE ONLY,WHITE PINE,Thu Jun 15 00:00:00 PDT 2017,Sun Dec 31 15:40:00 PST 1899,15:40:00,US93N,300,N,172ND NORTH ST,CLOUDY,-9999,-9999,PDO,O,REAR-END,2,CARRY-ALL,S,78,1,GOING STRAIGHT,INATTENTION/DISTRACTED,RADIO/CD PLAYER,FOLLOWED TOO CLOSELY,Null,SLOW/STOPPED VEHICLE,CARRY-ALL,N,35,1,STOPPED,APPARENTLY NORMAL,Null,Null,Null,Null,Null,Null,DRY,DAYLIGHT,DRY,NHP,2383308,Null,Null,Null,2017-06-15T22:40:00.000Z,{E5ADFA85-A90E-4423-812B-B9692F614149}
408572,668449.9664,4012173.318,36.24,-115.1,2017-06-15,DOG/COYOTE,INJURY CRASH,CLARK,Thu Jun 15 00:00:00 PDT 2017,Sun Dec 31 12:27:00 PST 1899,12:27:00,N BRUCE ST,100,N,CRAIG RD,CLEAR,-9999,1,Null,C,NON-COLLISION,1,"SEDAN, 4 DOOR",S,48,-9999,GOING STRAIGHT,APPARENTLY NORMAL,Null,FAILURE TO KEEP IN PROPER LANE OR RUNNING OFF ROAD: UNSAFE LANE CHANGE,Null,RAN OFF ROAD RIGHT: NOT REPORTED,Null,Null,Null,Null,Null,Null,Null,Null,Null,Null,Null,Null,Null,DARK - SPOT LIGHTING,Null,NLPD,2399370,Null,Null,Null,2017-06-15T19:27:00.000Z,{09AB8579-5EEF-41AF-A1B8-E290BB930DEE}
395376,435964.0148,4533141.426,40.95,-117.8,2017-06-15,DEER,PROPERTY DAMAGE ONLY,HUMBOLDT,Thu Jun 15 00:00:00 PDT 2017,Sun Dec 31 21:15:00 PST 1899,21:15:00,IR80W,200,W,MILE MARKER 12,CLEAR,-9999,-9999,PDO,O,NON-COLLISION,1,PICKUP,W,48,2,GOING STRAIGHT,APPARENTLY NORMAL,Null,OBJECT AVOIDANCE,Null,DEER,Null,Null,Null,Null,Null,Null,Null,Null,Null,Null,Null,Null,DRY,DARK - NO LIGHTING,DRY,NHP,2383334,Null,Null,Null,2017-06-16T04:15:00.000Z,{A7075186-FC41-41F8-A76C-81B1C5027265}
400142,409165.1124,4164065.146,37.62,-118,2017-06-22,HORSE,PROPERTY DAMAGE ONLY,ESMERALDA,Thu Jun 22 00:00:00 PDT 2017,Sun Dec 31 22:50:00 PST 1899,22:50:00,SR264,300,N,MILE MARKER 4,CLEAR,-9999,-9999,PDO,O,NON-COLLISION,1,PICKUP,N,-9999,-9999,GOING STRAIGHT,APPARENTLY NORMAL,Null,Null,Null,HORSE,Null,Null,Null,Null,Null,Null,Null,Null,Null,Null,Null,Null,Null,Null,Null,ESSO,2387995,Null,Null,Null,2017-06-23T05:50:00.000Z,{0D392791-4805-45F8-9B90-392F49AA43C3}
392769,331151.8166,4374921.414,39.51,-119,2017-06-22,CATTLE,PROPERTY DAMAGE ONLY,CHURCHILL,Thu Jun 22 00:00:00 PDT 2017,Sun Dec 31 04:47:00 PST 1899,4:47:00,US50,500,W,MILE MARKER 10,CLEAR,-9999,-9999,PDO,O,NON-COLLISION,1,PICKUP,E,52,1,GOING STRAIGHT,APPARENTLY NORMAL,Null,OBJECT AVOIDANCE,Null,CATTLE: RAN OFF ROAD RIGHT,Null,Null,Null,Null,Null,Null,Null,Null,Null,Null,Null,Null,DRY,DARK - NO LIGHTING,DRY,NHP,2383736,Null,Null,Null,2017-06-22T11:47:00.000Z,{FBB2605F-7FDE-4297-958C-85993C841D3E}
393569,286220.5932,4381744.574,39.56,-119.5,2017-06-29,HORSE,PROPERTY DAMAGE ONLY,STOREY,Thu Jun 29 00:00:00 PDT 2017,Sun Dec 31 00:21:00 PST 1899,0:21:00,SR439,1111,N,ELECTRIC AVE N,CLEAR,-9999,-9999,PDO,O,NON-COLLISION,1,CARRY-ALL,N,28,1,GOING STRAIGHT,APPARENTLY NORMAL,Null,Null,Null,HORSE,Null,Null,Null,Null,Null,Null,Null,Null,Null,Null,Null,Null,DRY,DARK - NO LIGHTING,DRY,NHP,2384121,Null,Null,Null,2017-06-29T07:21:00.000Z,{E7B767FB-1FA0-461E-A04F-87A8375B19A5}
399916,301163.8218,4362105.029,39.39,-119.3,2017-06-29,HORSE,PROPERTY DAMAGE ONLY,LYON,Thu Jun 29 00:00:00 PDT 2017,Sun Dec 31 21:50:00 PST 1899,21:50:00,US50,950,W,SHIRLEE AVE,CLEAR,-9999,-9999,PDO,O,NON-COLLISION,1,PICKUP,E,33,1,GOING STRAIGHT,APPARENTLY NORMAL,Null,Null,Null,HORSE,Null,Null,Null,Null,Null,Null,Null,Null,Null,Null,Null,Null,DRY,DARK - NO LIGHTING,DRY,NHP,2393726,Null,Null,Null,2017-06-30T04:50:00.000Z,{549FDC5B-B9FB-4D71-898F-B61394D7EA0F}
384809,605132.1428,4520235.761,40.83,-115.8,2017-06-29,DOG/COYOTE,INJURY CRASH,ELKO,Thu Jun 29 00:00:00 PDT 2017,Sun Dec 31 19:12:00 PST 1899,19:12:00,SR227,45,W,OUDERKIRK AVE,CLEAR,-9999,2,Null,C,REAR-END,2,"SEDAN, 4 DOOR",E,33,1,GOING STRAIGHT,OTHER IMPROPER DRIVING,Null,FOLLOWED TOO CLOSELY,Null,SLOW/STOPPED VEHICLE: DOG/COYOTE,PICKUP,E,18,1,OTHER,APPARENTLY NORMAL,Null,OBJECT AVOIDANCE,Null,DOG/COYOTE: SLOW/STOPPED VEHICLE,Null,Null,DRY,DAYLIGHT,DRY,ELPD,2372941,Null,Null,Null,2017-06-30T02:12:00.000Z,{412018E6-AA9F-4E6A-8BE0-5FE875FA19A0}
393423,524864.7242,4091526.869,36.97,-116.7,2017-06-29,DOG/COYOTE,PROPERTY DAMAGE ONLY,NYE,Thu Jun 29 00:00:00 PDT 2017,Sun Dec 31 22:31:00 PST 1899,22:31:00,US95N,200,S,MILE MARKER 65,CLEAR,-9999,-9999,PDO,O,NON-COLLISION,1,"HATCHBACK, 4 DOOR",S,53,1,GOING STRAIGHT,APPARENTLY NORMAL,Null,Null,Null,DOG/COYOTE,Null,Null,Null,Null,Null,Null,Null,Null,Null,Null,Null,Null,DRY,DARK - NO LIGHTING,DRY,NHP,2384124,Null,Null,Null,2017-06-30T05:31:00.000Z,{36B93EE7-4B72-416D-9878-30AAA2DDC392}
393261,259395.6022,4325087.67,39.04,-119.8,2017-06-29,DEER,PROPERTY DAMAGE ONLY,DOUGLAS,Thu Jun 29 00:00:00 PDT 2017,Sun Dec 31 04:46:00 PST 1899,4:46:00,US395N,0,Null,MILE MARKER 29,CLEAR,-9999,-9999,PDO,O,NON-COLLISION,1,"SEDAN, 4 DOOR",N,52,1,GOING STRAIGHT,APPARENTLY NORMAL,Null,Null,Null,DEER,Null,Null,Null,Null,Null,Null,Null,Null,Null,Null,Null,Null,DRY,DARK - NO LIGHTING,DRY,NHP,2384127,Null,Null,Null,2017-06-29T11:46:00.000Z,{2BA8C661-3117-48BB-966C-7E496F3F89FF}
393500,434139.4139,4596159.253,41.51,-117.8,2017-06-29,DEER,PROPERTY DAMAGE ONLY,HUMBOLDT,Thu Jun 29 00:00:00 PDT 2017,Sun Dec 31 16:30:00 PST 1899,16:30:00,US95N,1500,S,MILE MARKER 40,CLEAR,-9999,-9999,PDO,O,NON-COLLISION,1,"SEDAN, 4 DOOR",N,29,1,GOING STRAIGHT,APPARENTLY NORMAL,Null,Null,Null,DEER,Null,Null,Null,Null,Null,Null,Null,Null,Null,Null,Null,Null,DRY,DAYLIGHT,DRY,NHP,2384166,Null,Null,Null,2017-06-29T23:30:00.000Z,{9D12FFE3-C276-432B-9058-35D3CE1468F3}
374785,724081.3642,4557056.998,41.13,-114.3,2017-03-09,DEER,PROPERTY DAMAGE ONLY,ELKO,Thu Mar 09 00:00:00 PST 2017,Sun Dec 31 05:30:00 PST 1899,5:30:00,SR233,520,N,MILE MARKER 11,CLEAR,-9999,-9999,PDO,O,NON-COLLISION,1,VAN,N,39,1,GOING STRAIGHT,APPARENTLY NORMAL,Null,Null,Null,DEER,Null,Null,Null,Null,Null,Null,Null,Null,Null,Null,Null,Null,DRY,DARK - NO LIGHTING,DRY,NHP,2366916,Null,Null,Null,2017-03-09T13:30:00.000Z,{941E9FAC-690A-478B-9829-E93B5164B8FA}
375699,705352.8512,4260590.299,38.47,-114.6,2017-03-09,DEER,PROPERTY DAMAGE ONLY,LINCOLN,Thu Mar 09 00:00:00 PST 2017,Sun Dec 31 00:06:00 PST 1899,0:06:00,US93N,2500,N,MILE MARKER 158,CLOUDY,-9999,-9999,PDO,O,NON-COLLISION,1,VAN,S,28,1,GOING STRAIGHT,APPARENTLY NORMAL,Null,Null,Null,DEER,Null,Null,Null,Null,Null,Null,Null,Null,Null,Null,Null,Null,DRY,DARK - NO LIGHTING,DRY,NHP,2366910,Null,Null,Null,2017-03-09T08:06:00.000Z,{63F6A884-8223-4F93-A63E-F8448B06DB62}
380603,355269.2134,4370081.207,39.47,-118.7,2017-03-09,DEER,PROPERTY DAMAGE ONLY,CHURCHILL,Thu Mar 09 00:00:00 PST 2017,Sun Dec 31 19:08:00 PST 1899,19:08:00,US50,2,E,MILE MARKER 26,CLEAR,-9999,-9999,PDO,O,NON-COLLISION,1,UTILITY,W,25,1,GOING STRAIGHT,APPARENTLY NORMAL,Null,UNKNOWN,Null,DEER,Null,Null,Null,Null,Null,Null,Null,Null,Null,Null,Null,Null,DRY,DARK - NO LIGHTING,DRY,NHP,2366964,Null,Null,Null,2017-03-10T03:08:00.000Z,{3EE123D3-4765-4A56-A73B-2CE3E5997B23}
375378,411239.5757,4331552.373,39.13,-118,2017-03-09,CATTLE,PROPERTY DAMAGE ONLY,CHURCHILL,Thu Mar 09 00:00:00 PST 2017,Sun Dec 31 22:22:00 PST 1899,22:22:00,SR361,150,N,MILE MARKER 4,CLEAR,-9999,-9999,PDO,O,NON-COLLISION,1,"TRACTOR TRUCK, DIESEL",N,45,1,GOING STRAIGHT,APPARENTLY NORMAL,Null,Null,Null,CATTLE,Null,Null,Null,Null,Null,Null,Null,Null,Null,Null,Null,Null,DRY,DARK - NO LIGHTING,DRY,NHP,2366970,Null,Null,Null,2017-03-10T06:22:00.000Z,{3652B1D0-C4B0-4382-B13C-E83ED7D4F237}
375943,662933.4834,4006625.56,36.19,-115.2,2017-03-16,DOG/COYOTE,PROPERTY DAMAGE ONLY,CLARK,Thu Mar 16 00:00:00 PDT 2017,Sun Dec 31 08:41:00 PST 1899,8:41:00,SR599,95,N,SUNSET DR,CLEAR,-9999,-9999,PDO,O,REAR-END,2,"SEDAN, 4 DOOR",S,-9999,-9999,GOING STRAIGHT,APPARENTLY NORMAL,Null,Null,Null,Null,CARRY-ALL,S,Null,Null,GOING STRAIGHT,APPARENTLY NORMAL,Null,Null,Null,DOG/COYOTE,Null,Null,Null,Null,Null,LVMPD,2364025,Null,Null,Null,2017-03-16T15:41:00.000Z,{57FC58C4-9795-4667-8609-2B8F05CFEBC0}
376313,260427.109,4380562.256,39.54,-119.8,2017-03-16,DOG/COYOTE,PROPERTY DAMAGE ONLY,WASHOE,Thu Mar 16 00:00:00 PDT 2017,Sun Dec 31 19:51:00 PST 1899,19:51:00,US395N,800,S,MILE MARKER 26.258,CLEAR,-9999,-9999,PDO,O,NON-COLLISION,1,UTILITY,S,18,1,GOING STRAIGHT,APPARENTLY NORMAL,Null,Null,Null,DOG/COYOTE,Null,Null,Null,Null,Null,Null,Null,Null,Null,Null,Null,Null,DRY,DARK - NO LIGHTING,DRY,NHP,2367338,Null,Null,Null,2017-03-17T02:51:00.000Z,{BC76D16D-3621-4A5F-8B15-82F8FBDD4745}
375173,362062.9628,4372352.778,39.49,-118.6,2017-03-16,DEER,PROPERTY DAMAGE ONLY,CHURCHILL,Thu Mar 16 00:00:00 PDT 2017,Sun Dec 31 16:45:00 PST 1899,16:45:00,SR116,200,W,HICKS RD,CLEAR,-9999,-9999,PDO,O,NON-COLLISION,1,PICKUP,W,52,1,GOING STRAIGHT,APPARENTLY NORMAL,Null,UNKNOWN,Null,DEER,Null,Null,Null,Null,Null,Null,Null,Null,Null,Null,Null,Null,DRY,DAYLIGHT,DRY,NHP,2367332,Null,Null,Null,2017-03-16T23:45:00.000Z,{1F4E2E52-FA18-423D-A5D6-DFDD18CF6025}
381045,662219.9892,4139732.269,37.39,-115.2,2017-03-16,DEER,PROPERTY DAMAGE ONLY,LINCOLN,Thu Mar 16 00:00:00 PDT 2017,Sun Dec 31 20:30:00 PST 1899,20:30:00,US93N,2640,S,MILE MARKER 41,CLEAR,-9999,-9999,PDO,O,NON-COLLISION,1,PICKUP,S,47,1,GOING STRAIGHT,APPARENTLY NORMAL,Null,UNKNOWN,Null,DEER,Null,Null,Null,Null,Null,Null,Null,Null,Null,Null,Null,Null,DRY,DARK - NO LIGHTING,DRY,NHP,2367410,Null,Null,Null,2017-03-17T03:30:00.000Z,{5B257146-9631-479B-A9D8-489CDC7E00CC}
381515,243271.136,4378712.943,39.52,-120,2017-03-16,DEER,PROPERTY DAMAGE ONLY,WASHOE,Thu Mar 16 00:00:00 PDT 2017,Sun Dec 31 09:43:00 PST 1899,9:43:00,SR425,528,W,2ND ST,CLEAR,-9999,-9999,PDO,O,NON-COLLISION,1,STATION WAGON,W,51,1,GOING STRAIGHT,APPARENTLY NORMAL,Null,Null,Null,DEER,Null,Null,Null,Null,Null,Null,Null,Null,Null,Null,Null,Null,DRY,DAYLIGHT,DRY,NHP,2367300,Null,Null,Null,2017-03-16T16:43:00.000Z,{6D11F1F6-BFDA-49A6-9E48-EA411E832E2F}
377119,410080.5624,4323747.63,39.06,-118,2017-03-16,CATTLE,PROPERTY DAMAGE ONLY,MINERAL,Thu Mar 16 00:00:00 PDT 2017,Sun Dec 31 03:43:00 PST 1899,3:43:00,SR361,1000,S,MILE MARKER 24,CLEAR,-9999,-9999,PDO,O,NON-COLLISION,1,PICKUP,E,75,1,GOING STRAIGHT,APPARENTLY NORMAL,Null,UNKNOWN,Null,CATTLE,Null,Null,Null,Null,Null,Null,Null,Null,Null,Null,Null,Null,DRY,DARK - NO LIGHTING,DRY,NHP,2367345,Null,Null,Null,2017-03-16T10:43:00.000Z,{DF26578A-9D78-4851-86FB-BF2F7456771E}
384351,682455.875,4477632.6,40.43,-114.8,2017-03-23,DEER,PROPERTY DAMAGE ONLY,ELKO,Thu Mar 23 00:00:00 PDT 2017,Sun Dec 31 08:09:00 PST 1899,8:09:00,US93N,2640,S,MILE MARKER 25,CLOUDY: RAIN,-9999,-9999,PDO,O,NON-COLLISION,1,CARRY-ALL,S,30,1,GOING STRAIGHT,APPARENTLY NORMAL,Null,Null,Null,DEER,Null,Null,Null,Null,Null,Null,Null,Null,Null,Null,Null,Null,DRY,DAYLIGHT,DRY,NHP,2378855,Null,Null,Null,2017-03-23T15:09:00.000Z,{989D27B7-C09B-413D-8E11-A3C2A736C04B}