OBJECTID,X,Y,Latitude,Longitude,Date,AnimalType,Crash_Seve,County,Crash_Date_Original,Crash_Time_Original,Crash_Time,Primary_St,Distance,Dir,Secondary_,Weather,Fatalities,Injured,Property_D,Injury_Typ,Crash_Type,Total_Vehi,V1_Type,V1_Dir,V1_Driver_,V1_Lane_Nu,V1_Action,V1_Driver1,V1_Drive_1,V1_Vehicle,V1_Most_Ha,V1_All_Eve,V2_Type,V2_Dir,V2_Driver_,V2_Lane_Nu,V2_Action,V2_Driver1,V2_Drive_1,V2_Vehicle,V2_Most_Ha,V2_All_Eve,First_Harm,Nonmotoris,Factors_Ro,Lighting,HWY_Factor,Agency,Accident_R,Pedalcycli,Pedestrian,Motorcycli,CrashDateT,GlobalID
374411,581615.2362,4509047.045,40.73,-116,2017-01-31,DEER,PROPERTY DAMAGE ONLY,ELKO,Tue Jan 31 00:00:00 PST 2017,Sun Dec 31 16:55:00 PST 1899,16:55:00,IR80 E,0,W,MM07EL,CLEAR,-9999,-9999,PDO,O,NON-COLLISION,1,"SEDAN, 4 DOOR",E,41,1,GOING STRAIGHT,UNKNOWN,Null,UNKNOWN,Null,DEER,Null,Null,Null,Null,Null,Null,Null,Null,Null,Null,Null,Null,DRY,DAYLIGHT,DRY,NHP,2359550,Null,Null,Null,2017-02-01T00:55:00.000Z,{C94301B4-3EE0-4C72-9896-B374CA0F143D}
371563,474535.5912,4544774.493,41.05,-117.3,2017-01-31,CATTLE,PROPERTY DAMAGE ONLY,HUMBOLDT,Tue Jan 31 00:00:00 PST 2017,Sun Dec 31 18:45:00 PST 1899,18:45:00,SR789,500,N,MILE MARKER 14,CLOUDY,-9999,-9999,PDO,O,NON-COLLISION,1,BUS,N,42,1,GOING STRAIGHT,APPARENTLY NORMAL,Null,FAILED TO YIELD RIGHT OF WAY,Null,CATTLE,Null,Null,Null,Null,Null,Null,Null,Null,Null,Null,Null,Null,DRY,DARK - NO LIGHTING,DRY,NHP,2359559,Null,Null,Null,2017-02-01T02:45:00.000Z,{4D61B94E-47F0-46A4-BA7D-F9DF7D25C467}
375608,603716.2708,4171704.651,37.69,-115.8,2017-01-31,CATTLE,PROPERTY DAMAGE ONLY,LINCOLN,Tue Jan 31 00:00:00 PST 2017,Sun Dec 31 22:00:00 PST 1899,22:00:00,SR375,2112,W,MILE MARKER 5,CLEAR,-9999,-9999,PDO,O,NON-COLLISION,1,"SEDAN, 4 DOOR",W,22,1,GOING STRAIGHT,APPARENTLY NORMAL,Null,Null,Null,CATTLE,Null,Null,Null,Null,Null,Null,Null,Null,Null,Null,Null,Null,DRY,DARK - NO LIGHTING,DRY,NHP,2364884,Null,Null,Null,2017-02-01T06:00:00.000Z,{94F52A61-F62B-4F50-9BBB-15916AE74E78}
388048,659616.6219,4005571.978,36.18,-115.2,2017-07-04,UNKNOWN,PROPERTY DAMAGE ONLY,CLARK,Tue Jul 04 00:00:00 PDT 2017,Sun Dec 31 02:30:00 PST 1899,2:30:00,SHIFTING SANDS DR,0,Null,CASTLE BAY DR,CLEAR,-9999,-9999,PDO,O,NON-COLLISION,1,"SEDAN, 4 DOOR",N,26,-9999,GOING STRAIGHT,APPARENTLY NORMAL,Null,OBJECT AVOIDANCE,Null,OTHER MOVABLE OBJECT,Null,Null,Null,Null,Null,Null,Null,Null,Null,Null,Null,Null,DRY,DARK - SPOT LIGHTING,DRY,LVMPD,2378331,Null,Null,Null,2017-07-04T09:30:00.000Z,{06EACB92-54C0-4DB5-976F-0196C6FB8E30}
396654,656992.6955,4551030.525,41.1,-115.1,2017-07-04,DEER,PROPERTY DAMAGE ONLY,ELKO,Tue Jul 04 00:00:00 PDT 2017,Sun Dec 31 21:11:00 PST 1899,21:11:00,IR80W,1056,W,MILE MARKER 65,CLOUDY,-9999,-9999,PDO,O,NON-COLLISION,1,STATION WAGON,W,27,2,GOING STRAIGHT,APPARENTLY NORMAL,Null,OBJECT AVOIDANCE,Null,DEER,Null,Null,Null,Null,Null,Null,Null,Null,Null,Null,Null,Null,WET,DARK - NO LIGHTING,WET,NHP,2384368,Null,Null,Null,2017-07-05T04:11:00.000Z,{C968C71D-C87D-42A7-B374-6BCE286C015D}
405870,651742.7062,4153463.703,37.52,-115.3,2017-07-18,DEER,PROPERTY DAMAGE ONLY,LINCOLN,Tue Jul 18 00:00:00 PDT 2017,Sun Dec 31 00:47:00 PST 1899,0:47:00,SR375,852,W,MILE MARKER 46,CLOUDY,-9999,-9999,PDO,O,NON-COLLISION,1,"HATCHBACK, 4 DOOR",W,46,1,GOING STRAIGHT,APPARENTLY NORMAL,Null,Null,Null,DEER,Null,Null,Null,Null,Null,Null,Null,Null,Null,Null,Null,Null,DRY,DARK - NO LIGHTING,DRY,NHP,2394316,Null,Null,Null,2017-07-18T07:47:00.000Z,{F70DC2BB-1A52-445A-94BC-20614E531A55}
405909,623882.1216,4013940.496,36.26,-115.6,2017-07-18,DEER,PROPERTY DAMAGE ONLY,CLARK,Tue Jul 18 00:00:00 PDT 2017,Sun Dec 31 20:17:00 PST 1899,20:17:00,SR157,1584,E,MILE MARKER 2,CLEAR,-9999,-9999,PDO,O,NON-COLLISION,1,VAN,E,55,1,GOING STRAIGHT,APPARENTLY NORMAL,Null,Null,Null,DEER,Null,Null,Null,Null,Null,Null,Null,Null,Null,Null,Null,Null,DRY,DARK - NO LIGHTING,DRY,NHP,2394365,Null,Null,Null,2017-07-19T03:17:00.000Z,{7043542C-9BBB-43D0-83DC-FDE947AFF652}
406825,488689.0707,4403091.637,39.78,-117.1,2017-07-18,CATTLE,INJURY CRASH,LANDER,Tue Jul 18 00:00:00 PDT 2017,Sun Dec 31 05:00:00 PST 1899,5:00:00,SR305,1584,S,MILE MARKER 52,UNKNOWN,-9999,1,Null,B,NON-COLLISION,1,SEMI,N,78,1,GOING STRAIGHT,UNKNOWN,Null,DROVE LEFT OF CENTER: RAN OFF ROAD,Null,CATTLE: RAN OFF ROAD LEFT: EMBANKMENT,Null,Null,Null,Null,Null,Null,Null,Null,Null,Null,Null,Null,DRY,DAWN,DRY,NHP,2394322,Null,Null,Null,2017-07-18T12:00:00.000Z,{A31D3B6F-93AE-4FA4-B7B1-0148407A5D2E}
393669,587020.6016,4627183.854,41.79,-116,2017-06-06,DEER,PROPERTY DAMAGE ONLY,ELKO,Tue Jun 06 00:00:00 PDT 2017,Sun Dec 31 06:00:00 PST 1899,6:00:00,SR225,45,S,MILE MARKER 107,CLEAR,-9999,-9999,PDO,O,NON-COLLISION,1,SEDAN,N,49,1,GOING STRAIGHT,APPARENTLY NORMAL,Null,Null,Null,DEER,Null,Null,Null,Null,Null,Null,Null,Null,Null,Null,Null,Null,DRY,DAYLIGHT,DRY,NHP,2382727,Null,Null,Null,2017-06-06T13:00:00.000Z,{AE35C46D-9782-4BDA-B952-DC895D9E62D5}
394471,420234.3178,4353516.886,39.33,-117.9,2017-06-06,CATTLE,PROPERTY DAMAGE ONLY,CHURCHILL,Tue Jun 06 00:00:00 PDT 2017,Sun Dec 31 21:00:00 PST 1899,21:00:00,US50,650,E,MILE MARKER 74,CLEAR,-9999,-9999,PDO,O,NON-COLLISION,1,"SEDAN, 4 DOOR",W,47,-9999,GOING STRAIGHT,APPARENTLY NORMAL,Null,OBJECT AVOIDANCE,Null,CATTLE,Null,Null,Null,Null,Null,Null,Null,Null,Null,Null,Null,Null,DRY,DARK - NO LIGHTING,DRY,NHP,2382777,Null,Null,Null,2017-06-07T04:00:00.000Z,{0A0B81EC-B31C-45BD-95FD-81E386093370}
393659,336953.2707,4373480.362,39.5,-118.9,2017-06-13,DEER,PROPERTY DAMAGE ONLY,CHURCHILL,Tue Jun 13 00:00:00 PDT 2017,Sun Dec 31 14:17:00 PST 1899,14:17:00,US50,100,E,MILE MARKER 14,CLEAR,-9999,-9999,PDO,O,NON-COLLISION,1,CARRY-ALL,W,24,1,GOING STRAIGHT,APPARENTLY NORMAL,Null,Null,Null,DEER,Null,Null,Null,Null,Null,Null,Null,Null,Null,Null,Null,Null,DRY,DAYLIGHT,DRY,NHP,2383162,Null,Null,Null,2017-06-13T21:17:00.000Z,{8AE08717-49E3-489D-AD5F-8784432B5726}
393668,598982.8585,4615619.956,41.69,-115.8,2017-06-13,DEER,PROPERTY DAMAGE ONLY,ELKO,Tue Jun 13 00:00:00 PDT 2017,Sun Dec 31 22:25:00 PST 1899,22:25:00,SR225,1056,N,MILE MARKER 93,CLEAR,-9999,-9999,PDO,O,NON-COLLISION,1,"SEDAN, 4 DOOR",S,20,1,GOING STRAIGHT,APPARENTLY NORMAL,Null,Null,Null,DEER,Null,Null,Null,Null,Null,Null,Null,Null,Null,Null,Null,Null,DRY,DARK - NO LIGHTING,DRY,NHP,2383189,Null,Null,Null,2017-06-14T05:25:00.000Z,{8790E43B-1644-4716-8D8C-A68967859F7C}
394327,259499.7502,4357355.075,39.33,-119.8,2017-06-20,DEER,PROPERTY DAMAGE ONLY,WASHOE,Tue Jun 20 00:00:00 PDT 2017,Sun Dec 31 00:25:00 PST 1899,0:25:00,US395A,528,N,EASTLAKE BLVD,CLEAR,-9999,-9999,PDO,O,NON-COLLISION,1,"SEDAN, 4 DOOR",N,24,1,GOING STRAIGHT,APPARENTLY NORMAL,Null,OBJECT AVOIDANCE,Null,DEER,Null,Null,Null,Null,Null,Null,Null,Null,Null,Null,Null,Null,DRY,DARK - NO LIGHTING,DRY,NHP,2383613,Null,Null,Null,2017-06-20T07:25:00.000Z,{F191A809-FE2E-46D8-B2CB-7462EB482031}
395968,706073.9211,4549603.142,41.07,-114.5,2017-06-27,ELK,PROPERTY DAMAGE ONLY,ELKO,Tue Jun 27 00:00:00 PDT 2017,Sun Dec 31 23:22:00 PST 1899,23:22:00,IR80E,2112,W,MILE MARKER 97,CLOUDY,-9999,-9999,PDO,O,NON-COLLISION,1,SEDAN,E,21,1,GOING STRAIGHT,APPARENTLY NORMAL,Null,OBJECT AVOIDANCE,Null,ELK,Null,Null,Null,Null,Null,Null,Null,Null,Null,Null,Null,Null,DRY,DARK - NO LIGHTING,DRY,NHP,2384048,Null,Null,Null,2017-06-28T06:22:00.000Z,{88A8969B-7C65-45B7-9616-5AA9230350D2}
394991,271906.3774,4301078.171,38.83,-119.6,2017-06-27,DEER,PROPERTY DAMAGE ONLY,DOUGLAS,Tue Jun 27 00:00:00 PDT 2017,Sun Dec 31 21:42:00 PST 1899,21:42:00,US395N,750,S,MILE MARKER 11,CLOUDY,-9999,-9999,PDO,O,NON-COLLISION,1,UTILITY,N,28,1,GOING STRAIGHT,APPARENTLY NORMAL,Null,OBJECT AVOIDANCE,Null,DEER,Null,Null,Null,Null,Null,Null,Null,Null,Null,Null,Null,Null,DRY,DARK - NO LIGHTING,DRY,NHP,2384046,Null,Null,Null,2017-06-28T04:42:00.000Z,{CDC718B3-039F-4D0A-A96C-E709FD043162}
412310,587161.2523,4020111.677,36.32,-116,2017-06-27,BURRO,PROPERTY DAMAGE ONLY,NYE,Tue Jun 27 00:00:00 PDT 2017,Sun Dec 31 05:04:00 PST 1899,5:04:00,SR160,0,Null,CARROL ST,UNKNOWN,-9999,-9999,PDO,O,NON-COLLISION,1,CARRY-ALL,S,76,-9999,GOING STRAIGHT,APPARENTLY NORMAL,Null,OBJECT AVOIDANCE,Null,BURRO,Null,Null,Null,Null,Null,Null,Null,Null,Null,Null,Null,Null,DRY,DARK - NO LIGHTING,DRY,NYSO,2400217,Null,Null,Null,2017-06-27T12:04:00.000Z,{5677B02E-6C43-4B47-999E-E90102917368}
375221,260974.3486,4339668,39.17,-119.8,2017-03-07,DEER,PROPERTY DAMAGE ONLY,CARSON CITY,Tue Mar 07 00:00:00 PST 2017,Sun Dec 31 19:00:00 PST 1899,19:00:00,CARSON ST,0,Null,W ADAMS ST,CLEAR,-9999,-9999,PDO,O,NON-COLLISION,1,"SEDAN, 4 DOOR",N,78,1,GOING STRAIGHT,APPARENTLY NORMAL,Null,Null,Null,DEER,Null,Null,Null,Null,Null,Null,Null,Null,Null,Null,Null,Null,DRY,DARK - SPOT LIGHTING,DRY,CCSO,2361563,Null,Null,Null,2017-03-08T03:00:00.000Z,{43663D86-9995-4526-A09B-BC888D30BC68}
370839,259680.705,4329222.678,39.08,-119.8,2017-03-14,DEER,PROPERTY DAMAGE ONLY,DOUGLAS,Tue Mar 14 00:00:00 PDT 2017,Sun Dec 31 07:00:00 PST 1899,7:00:00,US395N,1901,N,PLYMOUTH DR,CLEAR,-9999,-9999,PDO,O,NON-COLLISION,1,UNKNOWN,S,-9999,-9999,GOING STRAIGHT,APPARENTLY NORMAL,Null,OBJECT AVOIDANCE,Null,DEER,Null,Null,Null,Null,Null,Null,Null,Null,Null,Null,Null,Null,Null,Null,Null,DCSO,2361704,Null,Null,Null,2017-03-14T14:00:00.000Z,{D74B30F4-373F-4245-871F-C53C1CB4B58F}
380619,260433.7617,4381073.325,39.55,-119.8,2017-03-14,DEER,PROPERTY DAMAGE ONLY,WASHOE,Tue Mar 14 00:00:00 PDT 2017,Sun Dec 31 09:45:00 PST 1899,9:45:00,US395S,1056,N,MILE MARKER 26.255,UNKNOWN,-9999,-9999,PDO,O,NON-COLLISION,1,PICKUP,S,81,2,GOING STRAIGHT,UNKNOWN,Null,UNKNOWN,Null,DEER,Null,Null,Null,Null,Null,Null,Null,Null,Null,Null,Null,Null,DRY,UNKNOWN,DRY,NHP,2367230,Null,Null,Null,2017-03-14T16:45:00.000Z,{CB31E28D-E6AA-4A9B-87AA-542586DF9491}
382047,272133.3301,4396515.209,39.69,-119.7,2017-03-14,DEER,PROPERTY DAMAGE ONLY,WASHOE,Tue Mar 14 00:00:00 PDT 2017,Sun Dec 31 06:50:00 PST 1899,6:50:00,ENCANTO DR,1000,N,CAPISTRANO DR,CLEAR,-9999,-9999,PDO,O,NON-COLLISION,1,UTILITY,S,-9999,-9999,GOING STRAIGHT,APPARENTLY NORMAL,Null,OBJECT AVOIDANCE,Null,DEER: SLOW/STOPPED VEHICLE,Null,Null,Null,Null,Null,Null,Null,Null,Null,Null,Null,Null,Null,Null,Null,WASO,2368935,Null,Null,Null,2017-03-14T13:50:00.000Z,{ACACC533-8DDA-4E2C-8779-B6A7825A37D3}
382824,653264.6313,4019220.754,36.31,-115.3,2017-03-21,UNKNOWN,INJURY CRASH,CLARK,Tue Mar 21 00:00:00 PDT 2017,Sun Dec 31 18:02:00 PST 1899,18:02:00,US95S,1200,N,US95S TO DURANGO DR INT93,CLOUDY,-9999,1,Null,C,NON-COLLISION,1,"SEDAN, 4 DOOR",S,24,-9999,GOING STRAIGHT,APPARENTLY NORMAL,Null,FAILURE TO KEEP IN PROPER LANE OR RUNNING OFF ROAD: UNSAFE LANE CHANGE,Null,RAN OFF ROAD RIGHT: DITCH: FENCE/WALL,Null,Null,Null,Null,Null,Null,Null,Null,Null,Null,Null,Null,DRY,DAYLIGHT,DRY,NHP,2378834,Null,Null,Null,2017-03-22T01:02:00.000Z,{0E5F5640-2A63-462E-8771-44EC59DDCA11}
394205,262470.4784,4386838.31,39.6,-119.8,2017-03-21,OTHER ANIMAL,INJURY CRASH,WASHOE,Tue Mar 21 00:00:00 PDT 2017,Sun Dec 31 16:56:00 PST 1899,16:56:00,YUKON DR,100,S,CONLIN DR,RAIN,-9999,1,Null,C,NON-COLLISION,1,"HATCHBACK, 4 DOOR",S,68,-9999,GOING STRAIGHT,APPARENTLY NORMAL,Null,RAN OFF ROAD: OBJECT AVOIDANCE,Null,RAN OFF ROAD RIGHT: OTHER ANIMAL: DITCH,Null,Null,Null,Null,Null,Null,Null,Null,Null,Null,Null,Null,DRY,DAYLIGHT,DRY,WASO,2386633,Null,Null,Null,2017-03-21T23:56:00.000Z,{823E537E-68A0-4558-AFF7-12E261A76EF1}
379938,722434.8037,4535670.703,40.94,-114.4,2017-03-21,DEER,PROPERTY DAMAGE ONLY,ELKO,Tue Mar 21 00:00:00 PDT 2017,Sun Dec 31 19:48:00 PST 1899,19:48:00,IR80W,554,E,MILE MARKER 110,UNKNOWN,-9999,-9999,PDO,O,NON-COLLISION,1,"SEDAN, 4 DOOR",W,26,-9999,UNKNOWN,APPARENTLY NORMAL,Null,OBJECT AVOIDANCE,Null,DEER,Null,Null,Null,Null,Null,Null,Null,Null,Null,Null,Null,Null,DRY,UNKNOWN,DRY,ECSO,2361740,Null,Null,Null,2017-03-22T02:48:00.000Z,{16FB1FF4-C701-40B9-9C9E-952A4439D00A}
381576,721597.4626,4203780.23,37.95,-114.5,2017-03-28,DEER,PROPERTY DAMAGE ONLY,LINCOLN,Tue Mar 28 00:00:00 PDT 2017,Sun Dec 31 14:25:00 PST 1899,14:25:00,US93N,100,N,MILE MARKER 121,CLEAR,-9999,-9999,PDO,O,NON-COLLISION,1,UTILITY,N,66,1,GOING STRAIGHT,APPARENTLY NORMAL,Null,Null,Null,DEER,Null,Null,Null,Null,Null,Null,Null,Null,Null,Null,Null,Null,DRY,DAYLIGHT,DRY,NHP,2367815,Null,Null,Null,2017-03-28T21:25:00.000Z,{6ED844B5-7BDD-4351-A89B-1B34EC6E9C65}
384378,719140.1441,4207545.951,37.99,-114.5,2017-03-28,DEER,PROPERTY DAMAGE ONLY,LINCOLN,Tue Mar 28 00:00:00 PDT 2017,Sun Dec 31 20:38:00 PST 1899,20:38:00,US93N,1000,S,MILE MARKER 124,CLOUDY,-9999,-9999,PDO,O,NON-COLLISION,1,PICKUP,S,60,1,GOING STRAIGHT,APPARENTLY NORMAL,Null,Null,Null,DEER,Null,Null,Null,Null,Null,Null,Null,Null,Null,Null,Null,Null,DRY,DARK - NO LIGHTING,DRY,NHP,2378977,Null,Null,Null,2017-03-29T03:38:00.000Z,{D25E29E1-3636-4DF7-AC4F-DF82413C0F47}
413304,656448.62,4160650.14,37.58,-115.2,2017-05-02,DEER,PROPERTY DAMAGE ONLY,LINCOLN,Tue May 02 00:00:00 PDT 2017,Sun Dec 31 20:47:00 PST 1899,20:47:00,SR318,500,N,MILE MARKER 4,CLOUDY,-9999,-9999,PDO,O,NON-COLLISION,1,SEDAN,N,29,1,GOING STRAIGHT,APPARENTLY NORMAL,Null,Null,Null,DEER,Null,Null,Null,Null,Null,Null,Null,Null,Null,Null,Null,Null,DRY,DARK - NO LIGHTING,DRY,NHP,2380830,Null,Null,Null,2017-05-03T03:47:00.000Z,{30DF3938-10A3-4D97-9B77-BD7D266F1002}
388707,350441.4146,4422730.305,39.94,-118.8,2017-05-02,CATTLE,INJURY CRASH,CHURCHILL,Tue May 02 00:00:00 PDT 2017,Sun Dec 31 20:36:00 PST 1899,20:36:00,IR80E,500,E,MILE MARKER 22,CLOUDY,-9999,1,Null,C,NON-COLLISION,1,"SEDAN, 4 DOOR",E,33,2,GOING STRAIGHT,APPARENTLY NORMAL,Null,UNKNOWN,Null,CATTLE: RAN OFF ROAD RIGHT,Null,Null,Null,Null,Null,Null,Null,Null,Null,Null,Null,Null,DRY,DARK - SPOT LIGHTING,DRY,NHP,2380829,Null,Null,Null,2017-05-03T03:36:00.000Z,{0F3ACB07-DE1C-450E-807F-BAE550880994}
384240,276963.9395,4291753.958,38.75,-119.6,2017-05-09,DEER,PROPERTY DAMAGE ONLY,DOUGLAS,Tue May 09 00:00:00 PDT 2017,Sun Dec 31 07:40:00 PST 1899,7:40:00,US395N,1056,N,MILE MARKER 4,CLEAR,-9999,-9999,PDO,O,NON-COLLISION,1,PICKUP,N,48,1,GOING STRAIGHT,APPARENTLY NORMAL,Null,Null,Null,DEER,Null,Null,Null,Null,Null,Null,Null,Null,Null,Null,Null,Null,DRY,DAYLIGHT,DRY,NHP,2381211,Null,Null,Null,2017-05-09T14:40:00.000Z,{E019FAA8-C90A-4768-9EC9-E2346FF3F6C9}
385123,705006.2553,4275395.682,38.6,-114.6,2017-05-16,ELK,PROPERTY DAMAGE ONLY,LINCOLN,Tue May 16 00:00:00 PDT 2017,Sun Dec 31 03:00:00 PST 1899,3:00:00,US93N,3680,N,MILE MARKER 167,CLEAR,-9999,-9999,PDO,O,NON-COLLISION,1,PICKUP,N,54,1,GOING STRAIGHT,APPARENTLY NORMAL,Null,Null,Null,ELK,Null,Null,Null,Null,Null,Null,Null,Null,Null,Null,Null,Null,DRY,DARK - NO LIGHTING,DRY,NHP,2381590,Null,Null,Null,2017-05-16T10:00:00.000Z,{9C7F4D52-59F2-45BD-998B-94927825311D}
383426,727786.6462,4190734.773,37.84,-114.4,2017-05-16,DEER,PROPERTY DAMAGE ONLY,LINCOLN,Tue May 16 00:00:00 PDT 2017,Sun Dec 31 19:41:00 PST 1899,19:41:00,US93N,628,N,MILE MARKER 111,CLOUDY,-9999,-9999,PDO,O,NON-COLLISION,1,"SEDAN, 2 DOOR",N,29,1,GOING STRAIGHT,APPARENTLY NORMAL,Null,Null,Null,DEER,Null,Null,Null,Null,Null,Null,Null,Null,Null,Null,Null,Null,DRY,DAYLIGHT,DRY,NHP,2381635,Null,Null,Null,2017-05-17T02:41:00.000Z,{3444B96B-1766-427F-A59A-F9201EB29C32}
415991,269782.1999,4344018.307,39.21,-119.7,2017-11-07,HORSE,PROPERTY DAMAGE ONLY,LYON,Tue Nov 07 00:00:00 PST 2017,Sun Dec 31 21:35:00 PST 1899,21:35:00,US50E,500,E,NEWMAN LN,CLOUDY,-9999,-9999,PDO,O,NON-COLLISION,1,VAN,W,48,2,GOING STRAIGHT,APPARENTLY NORMAL,Null,Null,Null,HORSE,Null,Null,Null,Null,Null,Null,Null,Null,Null,Null,Null,Null,DRY,DARK - NO LIGHTING,DRY,NHP,2414881,Null,Null,Null,2017-11-08T05:35:00.000Z,{AC72F2EB-80D8-46D0-8E12-4303AC8B39C5}
420673,291605.6967,4374783.949,39.5,-119.4,2017-11-07,DOG/COYOTE,PROPERTY DAMAGE ONLY,STOREY,Tue Nov 07 00:00:00 PST 2017,Sun Dec 31 07:16:00 PST 1899,7:16:00,SR439N,100,N,MILE MARKER 3,CLEAR,-9999,-9999,PDO,O,NON-COLLISION,1,"SEDAN, 4 DOOR",N,19,2,GOING STRAIGHT,APPARENTLY NORMAL,Null,OVER-CORRECTING/OVER-STEERING,Null,RAN OFF ROAD RIGHT: RAN OFF ROAD LEFT: MEDIAN BARRIER,Null,Null,Null,Null,Null,Null,Null,Null,Null,Null,Null,Null,DRY,DAYLIGHT,DRY,NHP,2414826,Null,Null,Null,2017-11-07T15:16:00.000Z,{21DA7F4F-B2A1-4EC5-9DAC-36D12B563914}
417573,626271.2037,4534671.869,40.95,-115.5,2017-11-07,DEER,PROPERTY DAMAGE ONLY,ELKO,Tue Nov 07 00:00:00 PST 2017,Sun Dec 31 10:00:00 PST 1899,10:00:00,IR80W,500,W,MILE MARKER 42,CLEAR,-9999,-9999,PDO,O,NON-COLLISION,1,"SEDAN, 4 DOOR",W,53,2,GOING STRAIGHT,APPARENTLY NORMAL,Null,Null,Null,DEER,Null,Null,Null,Null,Null,Null,Null,Null,Null,Null,Null,Null,DRY,DARK - NO LIGHTING,DRY,NHP,2414888,Null,Null,Null,2017-11-07T18:00:00.000Z,{7FBDAA3F-A82C-41DE-8E0C-8F09ED84DCA2}
417970,247432.2168,4340474.795,39.18,-119.9,2017-11-07,DEER,PROPERTY DAMAGE ONLY,WASHOE,Tue Nov 07 00:00:00 PST 2017,Sun Dec 31 05:28:00 PST 1899,5:28:00,SR28,431,S,MILE MARKER 1,CLEAR,-9999,-9999,PDO,O,NON-COLLISION,1,STATION WAGON,S,27,1,GOING STRAIGHT,APPARENTLY NORMAL,Null,Null,Null,DEER,Null,Null,Null,Null,Null,Null,Null,Null,Null,Null,Null,Null,DRY,DARK - NO LIGHTING,DRY,NHP,2414819,Null,Null,Null,2017-11-07T13:28:00.000Z,{080CDCA0-E6B4-4406-8AAC-14C3F3D4AB25}
423818,730429.5408,4530737.477,40.9,-114.3,2017-11-07,DEER,PROPERTY DAMAGE ONLY,ELKO,Tue Nov 07 00:00:00 PST 2017,Sun Dec 31 07:53:00 PST 1899,7:53:00,IR80W,540,E,MILE MARKER 116,CLEAR,-9999,-9999,PDO,U,NON-COLLISION,1,PICKUP,W,-9999,1,GOING STRAIGHT,UNKNOWN,Null,OBJECT AVOIDANCE,Null,DEER,Null,Null,Null,Null,Null,Null,Null,Null,Null,Null,Null,Null,DRY,DAYLIGHT,DRY,NHP,2414837,Null,Null,Null,2017-11-07T15:53:00.000Z,{0C670E3E-62C1-47BE-A06A-1128C7EEDBCA}
415966,405497.6475,4234512.82,38.25,-118.1,2017-11-07,CATTLE,PROPERTY DAMAGE ONLY,MINERAL,Tue Nov 07 00:00:00 PST 2017,Sun Dec 31 16:40:00 PST 1899,16:40:00,US95N,1056,S,MILE MARKER 6,Null,-9999,-9999,PDO,O,NON-COLLISION,1,PICKUP,N,27,-9999,GOING STRAIGHT,APPARENTLY NORMAL,Null,UNKNOWN,Null,CATTLE,Null,Null,Null,Null,Null,Null,Null,Null,Null,Null,Null,Null,ICE,DUSK,ICE,NHP,2414906,Null,Null,Null,2017-11-08T00:40:00.000Z,{8B0044FC-FABF-49D4-9D63-B42E45374536}
413808,340941.3441,4367847.791,39.45,-118.8,2017-11-14,HORSE,PROPERTY DAMAGE ONLY,CHURCHILL,Tue Nov 14 00:00:00 PST 2017,Sun Dec 31 15:16:00 PST 1899,15:16:00,ST CLAIR RD,1584,E,CANDEE LN,CLEAR,-9999,-9999,PDO,O,NON-COLLISION,1,CARRY-ALL,E,47,1,GOING STRAIGHT,APPARENTLY NORMAL,Null,Null,Null,HORSE,Null,Null,Null,Null,Null,Null,Null,Null,Null,Null,Null,Null,DRY,DAYLIGHT,DRY,CHSO,2404884,Null,Null,Null,2017-11-14T23:16:00.000Z,{FC8BC578-FE4F-407E-BEFA-38CB7436C7CE}
423398,270532.2361,4362005.233,39.38,-119.7,2017-11-14,HORSE,PROPERTY DAMAGE ONLY,STOREY,Tue Nov 14 00:00:00 PST 2017,Sun Dec 31 18:30:00 PST 1899,18:30:00,CARTWRIGHT RD,200,W,BUCKEYE RD,CLEAR,-9999,-9999,PDO,O,NON-COLLISION,1,CARRY-ALL,E,46,1,OTHER,INATTENTION/DISTRACTED,ANIMALS,UNKNOWN,Null,HORSE,Null,Null,Null,Null,Null,Null,Null,Null,Null,Null,Null,Null,DRY,DARK - NO LIGHTING,DRY,STSO,2423707,Null,Null,Null,2017-11-15T02:30:00.000Z,{6AA13466-B554-4042-8619-90C4D2097008}
417901,587442.1641,4508691.816,40.72,-116,2017-11-14,DEER,PROPERTY DAMAGE ONLY,ELKO,Tue Nov 14 00:00:00 PST 2017,Sun Dec 31 18:00:00 PST 1899,18:00:00,IR80E,1251,W,MILE MARKER 11,CLEAR,-9999,-9999,PDO,O,NON-COLLISION,1,PICKUP,E,39,2,GOING STRAIGHT,APPARENTLY NORMAL,Null,Null,Null,DEER,Null,Null,Null,Null,Null,Null,Null,Null,Null,Null,Null,Null,WET,DARK - NO LIGHTING,WET,NHP,2415340,Null,Null,Null,2017-11-15T02:00:00.000Z,{01962F57-8A8A-4CC7-8D9D-860BEA7750D5}