OBJECTID,X,Y,Latitude,Longitude,Date,AnimalType,Crash_Seve,County,Crash_Date_Original,Crash_Time_Original,Crash_Time,Primary_St,Distance,Dir,Secondary_,Weather,Fatalities,Injured,Property_D,Injury_Typ,Crash_Type,Total_Vehi,V1_Type,V1_Dir,V1_Driver_,V1_Lane_Nu,V1_Action,V1_Driver1,V1_Drive_1,V1_Vehicle,V1_Most_Ha,V1_All_Eve,V2_Type,V2_Dir,V2_Driver_,V2_Lane_Nu,V2_Action,V2_Driver1,V2_Drive_1,V2_Vehicle,V2_Most_Ha,V2_All_Eve,First_Harm,Nonmotoris,Factors_Ro,Lighting,HWY_Factor,Agency,Accident_R,Pedalcycli,Pedestrian,Motorcycli,CrashDateT,GlobalID
413820,611747.1604,4515991.658,40.79,-115.7,2017-11-21,DOG/COYOTE,PROPERTY DAMAGE ONLY,ELKO,Tue Nov 21 00:00:00 PST 2017,Sun Dec 31 13:00:00 PST 1899,13:00:00,SPRING VALLEY PKWY,100,N,SPRING VALLEY CT,CLEAR,-9999,-9999,PDO,O,NON-COLLISION,1,"SEDAN, 4 DOOR",E,69,1,GOING STRAIGHT,APPARENTLY NORMAL,Null,OBJECT AVOIDANCE,Null,DOG/COYOTE,Null,Null,Null,Null,Null,Null,Null,Null,Null,Null,Null,Null,DRY,DAYLIGHT,DRY,ECSO,2405250,Null,Null,Null,2017-11-21T21:00:00.000Z,{8A8546A6-B10D-48CA-B90D-87E73CCB2874}
416789,661054.7307,4173573.261,37.7,-115.2,2017-11-21,DEER,PROPERTY DAMAGE ONLY,LINCOLN,Tue Nov 21 00:00:00 PST 2017,Sun Dec 31 17:05:00 PST 1899,17:05:00,SR318,500,N,MILE MARKER 13,CLEAR,-9999,-9999,PDO,O,NON-COLLISION,1,PICKUP,N,39,1,GOING STRAIGHT,APPARENTLY NORMAL,Null,Null,Null,DEER,Null,Null,Null,Null,Null,Null,Null,Null,Null,Null,Null,Null,DRY,DARK - CONTINUOUS LIGHTING,DRY,NHP,2415798,Null,Null,Null,2017-11-22T01:05:00.000Z,{C8ACCEEF-07D3-4DA9-A661-FC417747CE14}
423932,752699.7425,4180245.492,37.73,-114.1,2017-11-28,OTHER ANIMAL,PROPERTY DAMAGE ONLY,LINCOLN,Tue Nov 28 00:00:00 PST 2017,Sun Dec 31 14:59:00 PST 1899,14:59:00,SR319,3168,W,MILE MARKER 17,CLEAR,-9999,-9999,PDO,O,NON-COLLISION,1,UTILITY,W,46,1,GOING STRAIGHT,APPARENTLY NORMAL,Null,FAILURE TO KEEP IN PROPER LANE OR RUNNING OFF ROAD: DROVE LEFT OF CENTER: UNSAFE LANE CHANGE,Null,OTHER ANIMAL: RAN OFF ROAD RIGHT: OVERTURN/ROLLOVER,Null,Null,Null,Null,Null,Null,Null,Null,Null,Null,Null,Null,DRY,DAYLIGHT,DRY,NHP,2416187,Null,Null,Null,2017-11-28T22:59:00.000Z,{5D9D4799-A437-4EAB-BC48-0EF62011DA48}
413907,259460.4917,4326575.562,39.06,-119.8,2017-11-28,DEER,PROPERTY DAMAGE ONLY,DOUGLAS,Tue Nov 28 00:00:00 PST 2017,Sun Dec 31 23:14:00 PST 1899,23:14:00,US395N,0,Null,MILE MARKER 29.94,CLEAR,-9999,-9999,PDO,O,NON-COLLISION,1,"SEDAN, 2 DOOR",S,-9999,-9999,GOING STRAIGHT,APPARENTLY NORMAL,Null,Null,Null,DEER: RAN OFF ROAD LEFT: NOT REPORTED,Null,Null,Null,Null,Null,Null,Null,Null,Null,Null,Null,Null,Null,Null,Null,DCSO,2404974,Null,Null,Null,2017-11-29T07:14:00.000Z,{10DFE67B-4F3D-4DFE-94B2-61BE8A7FD618}
416996,259509.6363,4328283.308,39.07,-119.8,2017-11-28,DEER,PROPERTY DAMAGE ONLY,DOUGLAS,Tue Nov 28 00:00:00 PST 2017,Sun Dec 31 16:44:00 PST 1899,16:44:00,US395N,30,S,MILE MARKER 31,CLEAR,-9999,-9999,PDO,O,NON-COLLISION,1,COUPE,N,37,1,GOING STRAIGHT,APPARENTLY NORMAL,Null,Null,Null,DEER,Null,Null,Null,Null,Null,Null,Null,Null,Null,Null,Null,Null,DRY,DAYLIGHT,DRY,NHP,2416194,Null,Null,Null,2017-11-29T00:44:00.000Z,{836B4B07-66C7-4316-9DC9-FAFAEF40A1F7}
417523,347603.6783,4372998.591,39.49,-118.8,2017-11-28,DEER,PROPERTY DAMAGE ONLY,CHURCHILL,Tue Nov 28 00:00:00 PST 2017,Sun Dec 31 17:26:00 PST 1899,17:26:00,US95N,2640,N,MILE MARKER 27,CLEAR,-9999,-9999,PDO,O,NON-COLLISION,1,"SEDAN, 4 DOOR",N,54,1,GOING STRAIGHT,APPARENTLY NORMAL,Null,Null,Null,DEER,Null,Null,Null,Null,Null,Null,Null,Null,Null,Null,Null,Null,DRY,DARK - NO LIGHTING,DRY,NHP,2416197,Null,Null,Null,2017-11-29T01:26:00.000Z,{E6C971BE-1CAA-4F81-8409-13FC44B1787F}
416150,679321.6406,4347207.119,39.26,-114.9,2017-11-28,DEER,PROPERTY DAMAGE ONLY,WHITE PINE,Tue Nov 28 00:00:00 PST 2017,Sun Dec 31 16:57:00 PST 1899,16:57:00,US50E,1056,W,MILE MARKER 65,CLEAR,-9999,-9999,PDO,O,NON-COLLISION,1,PICKUP,W,18,1,GOING STRAIGHT,APPARENTLY NORMAL,Null,Null,Null,DEER,Null,Null,Null,Null,Null,Null,Null,Null,Null,Null,Null,Null,DRY,DARK - NO LIGHTING,DRY,NHP,2416195,Null,Null,Null,2017-11-29T00:57:00.000Z,{BAB56EFA-9882-4B26-B5E4-D3C75DC88E60}
417855,608304.1162,4517376.638,40.8,-115.7,2017-11-28,DEER,PROPERTY DAMAGE ONLY,ELKO,Tue Nov 28 00:00:00 PST 2017,Sun Dec 31 23:09:00 PST 1899,23:09:00,SR227,2640,N,MILE MARKER 5,CLEAR,-9999,-9999,PDO,O,NON-COLLISION,1,"SEDAN, 4 DOOR",N,38,2,GOING STRAIGHT,APPARENTLY NORMAL,Null,Null,Null,DEER,Null,Null,Null,Null,Null,Null,Null,Null,Null,Null,Null,Null,DRY,DARK - NO LIGHTING,DRY,NHP,2416225,Null,Null,Null,2017-11-29T07:09:00.000Z,{B9A0E60B-E063-407F-AA25-31C4E8976732}
420969,641278.0983,3999240.092,36.13,-115.4,2017-11-28,BURRO,PROPERTY DAMAGE ONLY,CLARK,Tue Nov 28 00:00:00 PST 2017,Sun Dec 31 06:10:00 PST 1899,6:10:00,SR159,100,N,MILE MARKER 10,CLEAR,-9999,-9999,PDO,O,NON-COLLISION,1,"SEDAN, 4 DOOR",N,64,1,GOING STRAIGHT,APPARENTLY NORMAL,Null,OBJECT AVOIDANCE,Null,BURRO,Null,Null,Null,Null,Null,Null,Null,Null,Null,Null,Null,Null,DRY,DAYLIGHT,DRY,NHP,2416156,Null,Null,Null,2017-11-28T14:10:00.000Z,{DBB72BA0-45B1-40E3-9F78-20E0FD558FA3}
417182,664399.5625,4323119,39.04,-115.1,2017-10-03,OTHER ANIMAL,PROPERTY DAMAGE ONLY,WHITE PINE,Tue Oct 03 00:00:00 PDT 2017,Sun Dec 31 01:30:00 PST 1899,1:30:00,US6,1250,E,MILE MARKER 17,CLEAR,-9999,-9999,PDO,O,NON-COLLISION,1,UTILITY,E,25,1,GOING STRAIGHT,APPARENTLY NORMAL,Null,Null,Null,OTHER ANIMAL,Null,Null,Null,Null,Null,Null,Null,Null,Null,Null,Null,Null,DRY,DARK - NO LIGHTING,DRY,NHP,2413351,Null,Null,Null,2017-10-03T08:30:00.000Z,{F5E711F9-E6EC-48D2-8677-F0C95C57F910}
409296,272681.8815,4344880.353,39.22,-119.6,2017-10-03,HORSE,PROPERTY DAMAGE ONLY,LYON,Tue Oct 03 00:00:00 PDT 2017,Sun Dec 31 21:34:00 PST 1899,21:34:00,US50,1047,W,MILE MARKER 3,CLEAR,-9999,-9999,PDO,O,NON-COLLISION,1,UTILITY,W,65,2,GOING STRAIGHT,APPARENTLY NORMAL,Null,Null,Null,HORSE,Null,Null,Null,Null,Null,Null,Null,Null,Null,Null,Null,Null,DRY,DARK - NO LIGHTING,DRY,NHP,2398770,Null,Null,Null,2017-10-04T04:34:00.000Z,{CEA47417-8B1D-4307-A337-3C0881CB6C15}
407977,670297.2685,4336021.92,39.16,-115,2017-10-03,ELK,PROPERTY DAMAGE ONLY,WHITE PINE,Tue Oct 03 00:00:00 PDT 2017,Sun Dec 31 06:00:00 PST 1899,6:00:00,US6,0,Null,MILE MARKER 26,CLEAR,-9999,-9999,PDO,O,NON-COLLISION,1,PICKUP,W,54,1,GOING STRAIGHT,APPARENTLY NORMAL,Null,Null,Null,ELK,Null,Null,Null,Null,Null,Null,Null,Null,Null,Null,Null,Null,DRY,DAYLIGHT,DRY,NHP,2398732,Null,Null,Null,2017-10-03T13:00:00.000Z,{49B32F3E-A1F4-411D-9731-9F18E6F2E115}
409091,706180.899,4285151.394,38.69,-114.6,2017-10-03,ELK,PROPERTY DAMAGE ONLY,WHITE PINE,Tue Oct 03 00:00:00 PDT 2017,Sun Dec 31 02:40:00 PST 1899,2:40:00,US93N,300,S,MILE MARKER 1,CLEAR,-9999,-9999,PDO,O,NON-COLLISION,1,SEMI,S,24,1,GOING STRAIGHT,APPARENTLY NORMAL,Null,Null,Null,ELK,Null,Null,Null,Null,Null,Null,Null,Null,Null,Null,Null,Null,DRY,DARK - NO LIGHTING,DRY,NHP,2398725,Null,Null,Null,2017-10-03T09:40:00.000Z,{F67788AA-4C53-4E7A-A582-C545513399EB}
410049,700626.3433,4321672.295,39.02,-114.7,2017-10-03,ELK,INJURY CRASH,WHITE PINE,Tue Oct 03 00:00:00 PDT 2017,Sun Dec 31 00:44:00 PST 1899,0:44:00,US6,528,W,MILE MARKER 58,CLEAR,-9999,1,Null,C,NON-COLLISION,1,"HATCHBACK, 4 DOOR",E,25,1,OTHER,UNKNOWN,Null,OBJECT AVOIDANCE,Null,ELK: RAN OFF ROAD RIGHT,Null,Null,Null,Null,Null,Null,Null,Null,Null,Null,Null,Null,DRY,DARK - NO LIGHTING,DRY,NHP,2398810,Null,Null,Null,2017-10-03T07:44:00.000Z,{C2D8AE9C-1DF4-4757-B305-E7BE8905F235}
409185,656006.2361,4155626.228,37.53,-115.2,2017-10-03,DEER,PROPERTY DAMAGE ONLY,LINCOLN,Tue Oct 03 00:00:00 PDT 2017,Sun Dec 31 07:45:00 PST 1899,7:45:00,SR318,2330,S,MILE MARKER 1,CLEAR,-9999,-9999,PDO,O,NON-COLLISION,1,SEDAN,N,53,1,GOING STRAIGHT,APPARENTLY NORMAL,Null,Null,Null,DEER,Null,Null,Null,Null,Null,Null,Null,Null,Null,Null,Null,Null,DRY,DAYLIGHT,DRY,NHP,2398733,Null,Null,Null,2017-10-03T14:45:00.000Z,{DD73247C-B295-4D3F-B26E-6E129C838521}
407886,262904.0079,4360970.01,39.37,-119.8,2017-10-10,HORSE,PROPERTY DAMAGE ONLY,WASHOE,Tue Oct 10 00:00:00 PDT 2017,Sun Dec 31 19:00:00 PST 1899,19:00:00,US395A,200,N,ANDREW LN,CLEAR,-9999,-9999,PDO,O,NON-COLLISION,1,CARRY-ALL,N,56,2,GOING STRAIGHT,APPARENTLY NORMAL,Null,Null,Null,HORSE,Null,Null,Null,Null,Null,Null,Null,Null,Null,Null,Null,Null,DRY,DARK - NO LIGHTING,DRY,NHP,2399097,Null,Null,Null,2017-10-11T02:00:00.000Z,{8DB436C2-91D1-4EE0-BB85-8477FDBD5DC9}
411350,664193.7147,4364858.818,39.42,-115.1,2017-10-10,DEER,PROPERTY DAMAGE ONLY,WHITE PINE,Tue Oct 10 00:00:00 PDT 2017,Sun Dec 31 18:59:00 PST 1899,18:59:00,US50,1056,E,MILE MARKER 49,CLEAR,-9999,-9999,PDO,O,NON-COLLISION,1,"HATCHBACK, 4 DOOR",E,60,1,OTHER,APPARENTLY NORMAL,Null,OBJECT AVOIDANCE,Null,DEER: RAN OFF ROAD RIGHT,Null,Null,Null,Null,Null,Null,Null,Null,Null,Null,Null,Null,DRY,DARK - NO LIGHTING,DRY,NHP,2399098,Null,Null,Null,2017-10-11T01:59:00.000Z,{89010F12-C6B8-4184-95B7-64417F9F5B7F}
411560,360979.1688,4372365,39.49,-118.6,2017-10-10,DEER,PROPERTY DAMAGE ONLY,CHURCHILL,Tue Oct 10 00:00:00 PDT 2017,Sun Dec 31 06:35:00 PST 1899,6:35:00,SR116,500,W,MILE MARKER 5,CLEAR,-9999,-9999,PDO,O,NON-COLLISION,1,"SEDAN, 4 DOOR",E,60,1,GOING STRAIGHT,APPARENTLY NORMAL,Null,UNKNOWN,Null,DEER,Null,Null,Null,Null,Null,Null,Null,Null,Null,Null,Null,Null,DRY,DAWN,DRY,NHP,2399066,Null,Null,Null,2017-10-10T13:35:00.000Z,{A793D78D-DB9D-4AA5-9BB0-D088DE3C2A7B}
415955,669790.2896,4008140.672,36.2,-115.1,2017-10-17,DOG/COYOTE,PROPERTY DAMAGE ONLY,CLARK,Tue Oct 17 00:00:00 PDT 2017,Sun Dec 31 22:20:00 PST 1899,22:20:00,E CAREY AVE,0,Null,BASSLER ST,CLEAR,-9999,-9999,PDO,O,NON-COLLISION,1,"SEDAN, 4 DOOR",E,-9999,-9999,GOING STRAIGHT,APPARENTLY NORMAL,Null,OBJECT AVOIDANCE,Null,DOG/COYOTE: RAN OFF ROAD RIGHT: UTILITY POLE,Null,Null,Null,Null,Null,Null,Null,Null,Null,Null,Null,Null,Null,Null,Null,NLPD,2421856,Null,Null,Null,2017-10-18T05:20:00.000Z,{6C113022-07DE-4667-815E-EEB67340D048}
408637,720609.1551,4170329.942,37.65,-114.5,2017-10-17,DEER,PROPERTY DAMAGE ONLY,LINCOLN,Tue Oct 17 00:00:00 PDT 2017,Sun Dec 31 18:20:00 PST 1899,18:20:00,US93N,528,N,MILE MARKER 97,CLEAR,-9999,-9999,PDO,O,NON-COLLISION,1,"HARDTOP, 4 DOOR",N,54,1,GOING STRAIGHT,APPARENTLY NORMAL,Null,Null,Null,DEER,Null,Null,Null,Null,Null,Null,Null,Null,Null,Null,Null,Null,DRY,DARK - NO LIGHTING,DRY,NHP,2399333,Null,Null,Null,2017-10-18T01:20:00.000Z,{5E47388A-7A77-47FE-8FE2-4FB1D82DBFA7}
409627,295509.0345,4417295.976,39.88,-119.4,2017-10-17,CATTLE,PROPERTY DAMAGE ONLY,WASHOE,Tue Oct 17 00:00:00 PDT 2017,Sun Dec 31 19:10:00 PST 1899,19:10:00,SR447,1500,N,MILE MARKER 20,CLEAR,-9999,-9999,PDO,O,NON-COLLISION,1,PICKUP,S,-9999,-9999,GOING STRAIGHT,APPARENTLY NORMAL,Null,OBJECT AVOIDANCE,Null,CATTLE,Null,Null,Null,Null,Null,Null,Null,Null,Null,Null,Null,Null,Null,Null,Null,PDTP,2400288,Null,Null,Null,2017-10-18T02:10:00.000Z,{3A7934E5-FC75-4705-82A7-7F11AF87F5A2}
419229,308788.924,4386116.803,39.6,-119.2,2017-10-24,UNKNOWN,PROPERTY DAMAGE ONLY,LYON,Tue Oct 24 00:00:00 PDT 2017,Sun Dec 31 19:07:00 PST 1899,19:07:00,SR828E,36,S,MILE MARKER 0,CLEAR,-9999,-9999,PDO,O,REAR-END,2,"SEDAN, 4 DOOR",S,19,1,GOING STRAIGHT,APPARENTLY NORMAL,Null,FOLLOWED TOO CLOSELY,Null,Null,"HATCHBACK, 2 DOOR",S,32,1,GOING STRAIGHT,APPARENTLY NORMAL,Null,Null,Null,Null,Null,Null,DRY,DARK - SPOT LIGHTING,DRY,NHP,2413979,Null,Null,Null,2017-10-25T02:07:00.000Z,{B67184C0-1893-4F70-B2D3-F7D9F2E5EA46}
422397,718089.9486,4165559.523,37.61,-114.5,2017-10-24,DEER,PROPERTY DAMAGE ONLY,LINCOLN,Tue Oct 24 00:00:00 PDT 2017,Sun Dec 31 19:30:00 PST 1899,19:30:00,US93N,0,Null,MILE MARKER 93,CLEAR,-9999,-9999,PDO,O,NON-COLLISION,1,"SEDAN, 4 DOOR",S,20,1,GOING STRAIGHT,UNKNOWN,Null,UNKNOWN,Null,DEER,Null,Null,Null,Null,Null,Null,Null,Null,Null,Null,Null,Null,DRY,DARK - SPOT LIGHTING,DRY,NHP,2414006,Null,Null,Null,2017-10-25T02:30:00.000Z,{92F0A297-D8B6-434F-A23A-B24D0CED45C3}
420278,654999.6328,4016881.926,36.28,-115.3,2017-10-31,OTHER ANIMAL,INJURY CRASH,CLARK,Tue Oct 31 00:00:00 PDT 2017,Sun Dec 31 23:49:00 PST 1899,23:49:00,OSO BLANCA RD,2640,N,CC215N,CLEAR,-9999,1,Null,B,NON-COLLISION,1,MOTORCYCLE,S,22,1,GOING STRAIGHT,OTHER IMPROPER DRIVING,Null,OBJECT AVOIDANCE,Null,OTHER ANIMAL: OVERTURN/ROLLOVER,Null,Null,Null,Null,Null,Null,Null,Null,Null,Null,Null,Null,DRY,DARK - NO LIGHTING,DRY,NHP,2414447,Null,Null,YES,2017-11-01T06:49:00.000Z,{66A93A05-1BE5-4622-BDEA-B987E0B6506B}
423985,346694.1375,4367759.179,39.45,-118.8,2017-10-31,DOG/COYOTE,PROPERTY DAMAGE ONLY,CHURCHILL,Tue Oct 31 00:00:00 PDT 2017,Sun Dec 31 05:30:00 PST 1899,5:30:00,US95N,0,Null,ST CLAIR RD,UNKNOWN,-9999,-9999,PDO,O,NON-COLLISION,1,"SEDAN, 4 DOOR",U,26,1,UNKNOWN,UNKNOWN,Null,UNKNOWN,Null,DOG/COYOTE,Null,Null,Null,Null,Null,Null,Null,Null,Null,Null,Null,Null,DRY,DARK - NO LIGHTING,DRY,NHP,2414369,Null,Null,Null,2017-10-31T12:30:00.000Z,{5030B221-3B31-46BF-8015-63EB49E530DB}
413439,270263.9275,4360912.093,39.37,-119.7,2017-10-31,DEER,PROPERTY DAMAGE ONLY,STOREY,Tue Oct 31 00:00:00 PDT 2017,Sun Dec 31 20:20:00 PST 1899,20:20:00,SR341,100,S,CARTWRIGHT RD,CLEAR,-9999,-9999,PDO,O,NON-COLLISION,1,VAN,N,35,1,GOING STRAIGHT,APPARENTLY NORMAL,Null,OBJECT AVOIDANCE,Null,DEER,Null,Null,Null,Null,Null,Null,Null,Null,Null,Null,Null,Null,DRY,DARK - NO LIGHTING,DRY,NHP,2414436,Null,Null,Null,2017-11-01T03:20:00.000Z,{4C02EE4F-3C96-423A-A3EA-21C400019C94}
413448,705898.0373,4281766.639,38.66,-114.6,2017-10-31,DEER,PROPERTY DAMAGE ONLY,LINCOLN,Tue Oct 31 00:00:00 PDT 2017,Sun Dec 31 00:04:00 PST 1899,0:04:00,US93N,1584,S,MILE MARKER 172,CLEAR,-9999,-9999,PDO,O,NON-COLLISION,1,PICKUP,S,32,1,OTHER,APPARENTLY NORMAL,Null,Null,Null,DEER,Null,Null,Null,Null,Null,Null,Null,Null,Null,Null,Null,Null,DRY,DARK - NO LIGHTING,DRY,NHP,2414366,Null,Null,Null,2017-10-31T07:04:00.000Z,{CCF878AA-D7FE-4D66-8F38-8747DE06E0BE}
417242,589119.0687,4018034.81,36.3,-116,2017-10-31,BURRO,PROPERTY DAMAGE ONLY,NYE,Tue Oct 31 00:00:00 PDT 2017,Sun Dec 31 06:25:00 PST 1899,6:25:00,SR160N,800,N,COUNTRY PLACE RD,CLEAR,-9999,-9999,PDO,O,NON-COLLISION,1,"SEDAN, 4 DOOR",S,37,1,GOING STRAIGHT,APPARENTLY NORMAL,Null,Null,Null,BURRO,Null,Null,Null,Null,Null,Null,Null,Null,Null,Null,Null,Null,DRY,DARK - NO LIGHTING,DRY,NHP,2414372,Null,Null,Null,2017-10-31T13:25:00.000Z,{58410D83-EFAB-48F0-BD98-3FAA79E04507}
409057,259345.1352,4323304.46,39.03,-119.8,2017-09-05,DEER,PROPERTY DAMAGE ONLY,DOUGLAS,Tue Sep 05 00:00:00 PDT 2017,Sun Dec 31 22:52:00 PST 1899,22:52:00,US395N,590,S,MILE MARKER 28,CLOUDY,-9999,-9999,PDO,O,NON-COLLISION,1,PICKUP,S,33,2,GOING STRAIGHT,APPARENTLY NORMAL,Null,Null,Null,DEER,Null,Null,Null,Null,Null,Null,Null,Null,Null,Null,Null,Null,DRY,DARK - SPOT LIGHTING,DRY,NHP,2397204,Null,Null,Null,2017-09-06T05:52:00.000Z,{58C4E8AC-8587-4A07-A64E-41659B49606D}
411282,590762.4951,4370027.404,39.48,-115.9,2017-09-05,DEER,PROPERTY DAMAGE ONLY,EUREKA,Tue Sep 05 00:00:00 PDT 2017,Sun Dec 31 04:30:00 PST 1899,4:30:00,US50,0,Null,MILE MARKER 40,CLEAR,-9999,-9999,PDO,O,NON-COLLISION,1,SEDAN,W,50,1,GOING STRAIGHT,APPARENTLY NORMAL,Null,OBJECT AVOIDANCE,Null,DEER,Null,Null,Null,Null,Null,Null,Null,Null,Null,Null,Null,Null,DRY,DARK - NO LIGHTING,DRY,NHP,2397137,Null,Null,Null,2017-09-05T11:30:00.000Z,{F52D1770-2F12-4332-9B8B-E2455E8119E5}
408767,469532.8964,4539141.925,41,-117.4,2017-09-05,CATTLE,PROPERTY DAMAGE ONLY,HUMBOLDT,Tue Sep 05 00:00:00 PDT 2017,Sun Dec 31 21:00:00 PST 1899,21:00:00,SR789,2112,N,MILE MARKER 9,CLEAR,-9999,-9999,PDO,O,NON-COLLISION,1,OTHER,S,57,1,GOING STRAIGHT,APPARENTLY NORMAL,Null,Null,Null,CATTLE,Null,Null,Null,Null,Null,Null,Null,Null,Null,Null,Null,Null,DRY,DARK - NO LIGHTING,DRY,NHP,2397202,Null,Null,Null,2017-09-06T04:00:00.000Z,{3A3032A3-73A7-4DDF-9532-01063AED198D}
408180,521925.2319,4081114.222,36.88,-116.8,2017-09-05,BURRO,PROPERTY DAMAGE ONLY,NYE,Tue Sep 05 00:00:00 PDT 2017,Sun Dec 31 05:30:00 PST 1899,5:30:00,US95N,2000,N,MILE MARKER 57,CLEAR,-9999,-9999,PDO,O,NON-COLLISION,1,CARRY-ALL,S,39,1,GOING STRAIGHT,APPARENTLY NORMAL,Null,OBJECT AVOIDANCE,Null,RAN OFF ROAD RIGHT: OVERTURN/ROLLOVER: FENCE/WALL,Null,Null,Null,Null,Null,Null,Null,Null,Null,Null,Null,Null,DRY,DARK - NO LIGHTING,DRY,NHP,2397143,Null,Null,Null,2017-09-05T12:30:00.000Z,{CCF4B820-0365-406F-8EBE-C35592E74010}
408716,521925.2319,4081114.222,36.88,-116.8,2017-09-05,BURRO,PROPERTY DAMAGE ONLY,NYE,Tue Sep 05 00:00:00 PDT 2017,Sun Dec 31 05:30:00 PST 1899,5:30:00,US95N,2000,N,MILE MARKER 57,CLEAR,-9999,-9999,PDO,O,NON-COLLISION,1,"TRACTOR TRUCK, DIESEL",N,57,1,GOING STRAIGHT,APPARENTLY NORMAL,Null,Null,Null,BURRO,Null,Null,Null,Null,Null,Null,Null,Null,Null,Null,Null,Null,DRY,DARK - NO LIGHTING,DRY,NHP,2397138,Null,Null,Null,2017-09-05T12:30:00.000Z,{D01ED73E-5FB1-4F9A-8C53-0406A1208DFD}
410986,521925.2319,4081114.222,36.88,-116.8,2017-09-05,BURRO,PROPERTY DAMAGE ONLY,NYE,Tue Sep 05 00:00:00 PDT 2017,Sun Dec 31 05:35:00 PST 1899,5:35:00,US95N,2000,N,MILE MARKER 57,CLEAR,-9999,-9999,PDO,O,NON-COLLISION,1,CARRY-ALL,N,37,1,GOING STRAIGHT,APPARENTLY NORMAL,Null,OBJECT AVOIDANCE,Null,BURRO: RAN OFF ROAD RIGHT: OVERTURN/ROLLOVER: FENCE/WALL,Null,Null,Null,Null,Null,Null,Null,Null,Null,Null,Null,Null,DRY,DARK - NO LIGHTING,DRY,NHP,2397144,Null,Null,Null,2017-09-05T12:35:00.000Z,{235DB208-8605-49AC-A1BA-58833730BDCF}
408752,257033.4612,4362970.375,39.38,-119.8,2017-09-19,DEER,PROPERTY DAMAGE ONLY,WASHOE,Tue Sep 19 00:00:00 PDT 2017,Sun Dec 31 08:39:00 PST 1899,8:39:00,SR431,2000,W,CALLAHAN RD,CLEAR,-9999,-9999,PDO,O,NON-COLLISION,1,"SEDAN, 4 DOOR",W,46,1,GOING STRAIGHT,APPARENTLY NORMAL,Null,Null,Null,DEER,Null,Null,Null,Null,Null,Null,Null,Null,Null,Null,Null,Null,DRY,DAYLIGHT,DRY,NHP,2397920,Null,Null,Null,2017-09-19T15:39:00.000Z,{94DBCC38-D30C-4F68-8121-237ABD2B6D25}
409209,351040.8601,4370921.229,39.48,-118.7,2017-09-19,DEER,PROPERTY DAMAGE ONLY,CHURCHILL,Tue Sep 19 00:00:00 PDT 2017,Sun Dec 31 20:10:00 PST 1899,20:10:00,US50,500,E,MILE MARKER 23,CLEAR,-9999,-9999,PDO,O,NON-COLLISION,1,BUS,W,64,1,GOING STRAIGHT,APPARENTLY NORMAL,Null,Null,Null,DEER,Null,Null,Null,Null,Null,Null,Null,Null,Null,Null,Null,Null,DRY,DARK - SPOT LIGHTING,DRY,NHP,2397949,Null,Null,Null,2017-09-20T03:10:00.000Z,{388758BA-BF7E-4B06-8283-41CF57878494}
409090,726923.0209,4194980.035,37.87,-114.4,2017-09-26,DEER,PROPERTY DAMAGE ONLY,LINCOLN,Tue Sep 26 00:00:00 PDT 2017,Sun Dec 31 05:00:00 PST 1899,5:00:00,US93N,1000,S,MILE MARKER 114,UNKNOWN,-9999,-9999,PDO,O,NON-COLLISION,1,VAN,N,60,1,GOING STRAIGHT,APPARENTLY NORMAL,Null,Null,Null,DEER,Null,Null,Null,Null,Null,Null,Null,Null,Null,Null,Null,Null,DRY,DARK - NO LIGHTING,DRY,NHP,2398338,Null,Null,Null,2017-09-26T12:00:00.000Z,{868752CC-687A-4884-AD0D-64757498E2B4}
387586,673364.259,4341519.34,39.21,-115,2017-04-05,DEER,PROPERTY DAMAGE ONLY,WHITE PINE,Wed Apr 05 00:00:00 PDT 2017,Sun Dec 31 09:50:00 PST 1899,9:50:00,US6,100,W,MILE MARKER 30,CLEAR,-9999,-9999,PDO,O,NON-COLLISION,1,MOTORIZED HOME,W,35,1,GOING STRAIGHT,APPARENTLY NORMAL,Null,Null,Null,DEER,Null,Null,Null,Null,Null,Null,Null,Null,Null,Null,Null,Null,DRY,DAYLIGHT,DRY,NHP,2379325,Null,Null,Null,2017-04-05T16:50:00.000Z,{259ABF57-3462-4678-9B66-D8DD64642BE2}
386488,705819.6533,4281291.743,38.66,-114.6,2017-04-12,ELK,PROPERTY DAMAGE ONLY,LINCOLN,Wed Apr 12 00:00:00 PDT 2017,Sun Dec 31 20:39:00 PST 1899,20:39:00,US93N,2112,N,MILE MARKER 171,CLEAR,-9999,-9999,PDO,O,NON-COLLISION,1,PICKUP,S,85,1,GOING STRAIGHT,APPARENTLY NORMAL,Null,OBJECT AVOIDANCE,Null,ELK: RAN OFF ROAD RIGHT,Null,Null,Null,Null,Null,Null,Null,Null,Null,Null,Null,Null,DRY,DARK - NO LIGHTING,DRY,NHP,2379706,Null,Null,Null,2017-04-13T03:39:00.000Z,{1492113A-1149-44D5-9849-E3079223757B}