OBJECTID,X,Y,Latitude,Longitude,Date,AnimalType,Crash_Seve,County,Crash_Date_Original,Crash_Time_Original,Crash_Time,Primary_St,Distance,Dir,Secondary_,Weather,Fatalities,Injured,Property_D,Injury_Typ,Crash_Type,Total_Vehi,V1_Type,V1_Dir,V1_Driver_,V1_Lane_Nu,V1_Action,V1_Driver1,V1_Drive_1,V1_Vehicle,V1_Most_Ha,V1_All_Eve,V2_Type,V2_Dir,V2_Driver_,V2_Lane_Nu,V2_Action,V2_Driver1,V2_Drive_1,V2_Vehicle,V2_Most_Ha,V2_All_Eve,First_Harm,Nonmotoris,Factors_Ro,Lighting,HWY_Factor,Agency,Accident_R,Pedalcycli,Pedestrian,Motorcycli,CrashDateT,GlobalID
384572,705133.6533,4263202.559,38.49,-114.6,2017-04-12,DEER,PROPERTY DAMAGE ONLY,LINCOLN,Wed Apr 12 00:00:00 PDT 2017,Sun Dec 31 03:30:00 PST 1899,3:30:00,US93N,528,N,MILE MARKER 160,CLEAR,-9999,-9999,PDO,O,NON-COLLISION,1,"TRACTOR TRUCK, DIESEL",S,59,-9999,GOING STRAIGHT,APPARENTLY NORMAL,Null,Null,Null,DEER,Null,Null,Null,Null,Null,Null,Null,Null,Null,Null,Null,Null,DRY,DARK - NO LIGHTING,DRY,NHP,2379669,Null,Null,Null,2017-04-12T10:30:00.000Z,{F3F54478-2E93-4D1A-B60B-6AE8D348CCCE}
384955,690786.3521,4642833.106,41.91,-114.7,2017-04-12,DEER,PROPERTY DAMAGE ONLY,ELKO,Wed Apr 12 00:00:00 PDT 2017,Sun Dec 31 20:00:00 PST 1899,20:00:00,US93N,528,S,MILE MARKER 136,CLEAR,-9999,-9999,PDO,O,NON-COLLISION,1,SEDAN,N,66,1,GOING STRAIGHT,APPARENTLY NORMAL,Null,Null,Null,DEER,Null,Null,Null,Null,Null,Null,Null,Null,Null,Null,Null,Null,DRY,DUSK,DRY,NHP,2379705,Null,Null,Null,2017-04-13T03:00:00.000Z,{4A2AD298-50E1-43A2-837D-56C7CB108FF7}
384956,707640.0358,4164594.698,37.61,-114.6,2017-04-12,DEER,PROPERTY DAMAGE ONLY,LINCOLN,Wed Apr 12 00:00:00 PDT 2017,Sun Dec 31 18:08:00 PST 1899,18:08:00,US93N,2200,N,MILE MARKER 85,CLEAR,-9999,-9999,PDO,O,NON-COLLISION,1,COUPE,S,39,1,GOING STRAIGHT,APPARENTLY NORMAL,Null,Null,Null,DEER,Null,Null,Null,Null,Null,Null,Null,Null,Null,Null,Null,Null,DRY,DAYLIGHT,DRY,NHP,2379698,Null,Null,Null,2017-04-13T01:08:00.000Z,{2E77B62A-1144-47CC-8CAE-DD11D3E302AF}
385002,706509.9245,4163877.43,37.6,-114.7,2017-04-12,DEER,PROPERTY DAMAGE ONLY,LINCOLN,Wed Apr 12 00:00:00 PDT 2017,Sun Dec 31 19:18:00 PST 1899,19:18:00,US93N,2200,S,MILE MARKER 85,CLEAR,-9999,-9999,PDO,O,NON-COLLISION,1,MOTORIZED HOME,S,65,1,GOING STRAIGHT,APPARENTLY NORMAL,Null,Null,Null,DEER,Null,Null,Null,Null,Null,Null,Null,Null,Null,Null,Null,Null,DRY,DAYLIGHT,DRY,NHP,2379702,Null,Null,Null,2017-04-13T02:18:00.000Z,{5DD19B8E-A16C-4C0D-BC66-A4FF58C9A7C4}
389925,711405.3664,4226715.747,38.16,-114.6,2017-04-12,DEER,PROPERTY DAMAGE ONLY,LINCOLN,Wed Apr 12 00:00:00 PDT 2017,Sun Dec 31 15:30:00 PST 1899,15:30:00,US93N,0,Null,MILE MARKER 137,CLEAR,-9999,-9999,PDO,O,NON-COLLISION,1,CARRY-ALL,N,79,1,GOING STRAIGHT,APPARENTLY NORMAL,Null,OBJECT AVOIDANCE,Null,DEER,Null,Null,Null,Null,Null,Null,Null,Null,Null,Null,Null,Null,DRY,DAYLIGHT,DRY,NHP,2379696,Null,Null,Null,2017-04-12T22:30:00.000Z,{3840960D-3AF3-4161-A5D2-35F890088CA0}
388563,248637.7074,4390518.111,39.63,-119.9,2017-04-26,DEER,PROPERTY DAMAGE ONLY,WASHOE,Wed Apr 26 00:00:00 PDT 2017,Sun Dec 31 06:40:00 PST 1899,6:40:00,US395S,300,S,MILE MARKER 37,CLOUDY,-9999,-9999,PDO,O,NON-COLLISION,1,"SEDAN, 4 DOOR",S,17,2,GOING STRAIGHT,APPARENTLY NORMAL,Null,OBJECT AVOIDANCE,Null,DEER,Null,Null,Null,Null,Null,Null,Null,Null,Null,Null,Null,Null,DRY,DAYLIGHT,DRY,NHP,2380420,Null,Null,Null,2017-04-26T13:40:00.000Z,{14728FD7-4F2F-4744-8D32-B7A69BADDDB5}
390230,497625.6705,4343603.353,39.24,-117,2017-04-26,DEER,PROPERTY DAMAGE ONLY,LANDER,Wed Apr 26 00:00:00 PDT 2017,Sun Dec 31 17:57:00 PST 1899,17:57:00,SR376,581,S,MILE MARKER 6,RAIN,-9999,-9999,PDO,O,NON-COLLISION,1,CARRY-ALL,S,48,1,GOING STRAIGHT,APPARENTLY NORMAL,Null,OBJECT AVOIDANCE,Null,DEER,Null,Null,Null,Null,Null,Null,Null,Null,Null,Null,Null,Null,DRY,DAYLIGHT,DRY,NHP,2380467,Null,Null,Null,2017-04-27T00:57:00.000Z,{F7089353-7F41-428A-BD94-E248DF006B7D}
391084,483516.1351,4298630.756,38.84,-117.2,2017-04-26,DEER,PROPERTY DAMAGE ONLY,NYE,Wed Apr 26 00:00:00 PDT 2017,Sun Dec 31 06:30:00 PST 1899,6:30:00,SR376,1584,N,MILE MARKER 57,CLOUDY,-9999,-9999,PDO,O,NON-COLLISION,1,PICKUP,N,31,1,GOING STRAIGHT,APPARENTLY NORMAL,Null,OBJECT AVOIDANCE,Null,DEER,Null,Null,Null,Null,Null,Null,Null,Null,Null,Null,Null,Null,DRY,DAYLIGHT,DRY,NHP,2380421,Null,Null,Null,2017-04-26T13:30:00.000Z,{B01AF811-A6B2-4C06-81D2-343D24699986}
406047,248949.3076,4390438.995,39.63,-119.9,2017-08-02,DEER,PROPERTY DAMAGE ONLY,WASHOE,Wed Aug 02 00:00:00 PDT 2017,Sun Dec 31 07:13:00 PST 1899,7:13:00,US395N,2640,N,MILE MARKER 36.25,CLEAR,-9999,-9999,PDO,O,NON-COLLISION,1,"HATCHBACK, 4 DOOR",N,33,1,GOING STRAIGHT,APPARENTLY NORMAL,Null,Null,Null,DEER,Null,Null,Null,Null,Null,Null,Null,Null,Null,Null,Null,Null,DRY,DAYLIGHT,DRY,NHP,2395205,Null,Null,Null,2017-08-02T14:13:00.000Z,{C5A31649-96DA-4478-A9DA-DF2481A11C7A}
406134,302076.1658,4362507.019,39.39,-119.3,2017-08-09,HORSE,INJURY CRASH,LYON,Wed Aug 09 00:00:00 PDT 2017,Sun Dec 31 20:44:00 PST 1899,20:44:00,US50,300,E,MILE MARKER 25,CLEAR,-9999,1,Null,B,NON-COLLISION,1,UTILITY,W,64,1,GOING STRAIGHT,APPARENTLY NORMAL,Null,Null,Null,HORSE,Null,Null,Null,Null,Null,Null,Null,Null,Null,Null,Null,Null,DRY,DARK - NO LIGHTING,DRY,NHP,2395665,Null,Null,Null,2017-08-10T03:44:00.000Z,{4CF03A77-AE29-41ED-BA0C-5BF78CFDEE0B}
406003,257154.9114,4348321.226,39.25,-119.8,2017-08-09,DEER,PROPERTY DAMAGE ONLY,WASHOE,Wed Aug 09 00:00:00 PDT 2017,Sun Dec 31 04:45:00 PST 1899,4:45:00,IR580N,53,S,MILE MARKER 3,CLEAR,-9999,-9999,PDO,O,NON-COLLISION,1,"SEDAN, 2 DOOR",N,31,1,GOING STRAIGHT,APPARENTLY NORMAL,Null,Null,Null,DEER,Null,Null,Null,Null,Null,Null,Null,Null,Null,Null,Null,Null,DRY,DARK - NO LIGHTING,DRY,NHP,2395677,Null,Null,Null,2017-08-09T11:45:00.000Z,{83663464-648F-44B3-A1A1-FE7FBAF630C8}
411919,512639.4808,4205263.116,37.99,-116.9,2017-08-09,ANTELOPE,PROPERTY DAMAGE ONLY,NYE,Wed Aug 09 00:00:00 PDT 2017,Sun Dec 31 05:30:00 PST 1899,5:30:00,ARNY44,100,S,MILE MARKER 9,CLEAR,-9999,-9999,PDO,O,NON-COLLISION,1,PICKUP,S,44,-9999,UNKNOWN,UNKNOWN,Null,UNKNOWN,Null,ANTELOPE,Null,Null,Null,Null,Null,Null,Null,Null,Null,Null,Null,Null,DRY,DAWN,DRY,NYSO,2400242,Null,Null,Null,2017-08-09T12:30:00.000Z,{57F223C2-CA2E-474E-A110-09EE21118C3A}
406397,263660.3686,4364828.662,39.4,-119.7,2017-08-16,DEER,PROPERTY DAMAGE ONLY,WASHOE,Wed Aug 16 00:00:00 PDT 2017,Sun Dec 31 18:07:00 PST 1899,18:07:00,US395A,500,N,MILE MARKER 16,CLEAR,-9999,-9999,PDO,O,NON-COLLISION,1,CARRY-ALL,S,44,1,GOING STRAIGHT,APPARENTLY NORMAL,Null,OBJECT AVOIDANCE,Null,DEER,Null,Null,Null,Null,Null,Null,Null,Null,Null,Null,Null,Null,DRY,DAYLIGHT,DRY,NHP,2396069,Null,Null,Null,2017-08-17T01:07:00.000Z,{38B2A5A0-27E6-4F75-AA6B-54B45A82E3FF}
408569,463652.4977,4238372.941,38.29,-117.4,2017-08-16,ANTELOPE,PROPERTY DAMAGE ONLY,NYE,Wed Aug 16 00:00:00 PDT 2017,Sun Dec 31 08:20:00 PST 1899,8:20:00,POLE LINE RD,7,N,ROYSTON RD,CLEAR,-9999,-9999,PDO,O,NON-COLLISION,1,UTILITY,S,-9999,-9999,GOING STRAIGHT,APPARENTLY NORMAL,Null,Null,Null,ANTELOPE,Null,Null,Null,Null,Null,Null,Null,Null,Null,Null,Null,Null,Null,Null,Null,NYSO,2400245,Null,Null,Null,2017-08-16T15:20:00.000Z,{0DC64622-1028-44D2-8DC2-EDC4889923FE}
408235,647605.2854,3989033.895,36.03,-115.4,2017-08-23,OTHER ANIMAL,PROPERTY DAMAGE ONLY,CLARK,Wed Aug 23 00:00:00 PDT 2017,Sun Dec 31 00:14:00 PST 1899,0:14:00,SR160,800,W,SR159,CLOUDY,-9999,-9999,PDO,O,NON-COLLISION,1,"SEDAN, 2 DOOR",W,27,2,GOING STRAIGHT,APPARENTLY NORMAL,Null,Null,Null,OTHER ANIMAL,Null,Null,Null,Null,Null,Null,Null,Null,Null,Null,Null,Null,DRY,DARK - NO LIGHTING,DRY,NHP,2396418,Null,Null,Null,2017-08-23T07:14:00.000Z,{54074735-0A89-41C4-A251-C54946D1F5C6}
419170,729044.177,4531292.631,40.9,-114.3,2017-12-06,DEER,PROPERTY DAMAGE ONLY,ELKO,Wed Dec 06 00:00:00 PST 2017,Sun Dec 31 00:39:00 PST 1899,0:39:00,IR80E,1056,E,MILE MARKER 115,CLEAR,-9999,-9999,PDO,O,NON-COLLISION,1,"SEDAN, 2 DOOR",E,23,-9999,GOING STRAIGHT,APPARENTLY NORMAL,Null,OVER-CORRECTING/OVER-STEERING: RAN OFF ROAD: OBJECT AVOIDANCE,Null,DEER: RAN OFF ROAD RIGHT: RAN OFF ROAD LEFT: OVERTURN/ROLLOVER,Null,Null,Null,Null,Null,Null,Null,Null,Null,Null,Null,Null,DRY,DARK - NO LIGHTING,DRY,NHP,2416694,Null,Null,Null,2017-12-06T08:39:00.000Z,{CCA1DC6E-3843-4296-A031-5ABB7B19FFC9}
414126,435283.6683,4535419.753,40.97,-117.8,2017-12-06,CATTLE,PROPERTY DAMAGE ONLY,HUMBOLDT,Wed Dec 06 00:00:00 PST 2017,Sun Dec 31 16:10:00 PST 1899,16:10:00,JUNGO RD,20,E,DESERT GEM DR,CLEAR,-9999,-9999,PDO,O,NON-COLLISION,1,PICKUP,E,-9999,-9999,GOING STRAIGHT,APPARENTLY NORMAL,Null,UNKNOWN,Null,CATTLE,Null,Null,Null,Null,Null,Null,Null,Null,Null,Null,Null,Null,Null,Null,Null,HUSO,2405363,Null,Null,Null,2017-12-07T00:10:00.000Z,{21AF8AAE-FF5A-4B74-8EF6-09E39C601478}
414951,431685.7211,4535026.013,40.96,-117.8,2017-12-13,CATTLE,PROPERTY DAMAGE ONLY,HUMBOLDT,Wed Dec 13 00:00:00 PST 2017,Sun Dec 31 17:30:00 PST 1899,17:30:00,JUNGO RD,100,N,JONES LN,CLEAR,-9999,-9999,PDO,O,NON-COLLISION,1,PICKUP,N,-9999,-9999,GOING STRAIGHT,UNKNOWN,Null,UNKNOWN,Null,CATTLE,Null,Null,Null,Null,Null,Null,Null,Null,Null,Null,Null,Null,Null,Null,Null,HUSO,2405364,Null,Null,Null,2017-12-14T01:30:00.000Z,{1B8EC13D-734E-4611-B275-AB3280B099E6}
415393,717083.1684,4210762.627,38.02,-114.5,2017-12-20,DEER,PROPERTY DAMAGE ONLY,LINCOLN,Wed Dec 20 00:00:00 PST 2017,Sun Dec 31 06:20:00 PST 1899,6:20:00,US93N,1000,N,MILE MARKER 126,CLOUDY,-9999,-9999,PDO,O,NON-COLLISION,1,UTILITY,N,26,1,GOING STRAIGHT,APPARENTLY NORMAL,Null,Null,Null,DEER,Null,Null,Null,Null,Null,Null,Null,Null,Null,Null,Null,Null,DRY,DAYLIGHT,DRY,NHP,2417599,Null,Null,Null,2017-12-20T14:20:00.000Z,{ADF31F25-E5DE-4013-B959-F005989101A5}
416154,438306.4107,4536221.556,40.97,-117.7,2017-12-20,DEER,PROPERTY DAMAGE ONLY,HUMBOLDT,Wed Dec 20 00:00:00 PST 2017,Sun Dec 31 21:25:00 PST 1899,21:25:00,SR289,350,S,REINHART ST,CLEAR,-9999,-9999,PDO,O,NON-COLLISION,1,STATION WAGON,N,-9999,-9999,GOING STRAIGHT,APPARENTLY NORMAL,Null,Null,Null,DEER,Null,Null,Null,Null,Null,Null,Null,Null,Null,Null,Null,Null,Null,Null,Null,HUSO,2405367,Null,Null,Null,2017-12-21T05:25:00.000Z,{9E553AA0-B5C3-4F75-AF21-8C7D49F3975F}
416764,567824.6149,4503789.235,40.68,-116.2,2017-12-20,DEER,PROPERTY DAMAGE ONLY,EUREKA,Wed Dec 20 00:00:00 PST 2017,Sun Dec 31 04:45:00 PST 1899,4:45:00,IR80E,1000,W,MILE MARKER 23,CLEAR,-9999,-9999,PDO,O,NON-COLLISION,1,PICKUP,E,64,2,GOING STRAIGHT,APPARENTLY NORMAL,Null,Null,Null,DEER,Null,Null,Null,Null,Null,Null,Null,Null,Null,Null,Null,Null,DRY,DARK - NO LIGHTING,DRY,NHP,2417597,Null,Null,Null,2017-12-20T12:45:00.000Z,{A217936B-1310-4BEA-9C94-3BA02CE9CE85}
417011,259931.196,4330209.046,39.09,-119.8,2017-12-27,DEER,PROPERTY DAMAGE ONLY,DOUGLAS,Wed Dec 27 00:00:00 PST 2017,Sun Dec 31 17:45:00 PST 1899,17:45:00,US395N,1056,N,MILE MARKER 32,CLEAR,-9999,-9999,PDO,O,NON-COLLISION,1,"SEDAN, 4 DOOR",N,39,2,GOING STRAIGHT,APPARENTLY NORMAL,Null,Null,Null,DEER,Null,Null,Null,Null,Null,Null,Null,Null,Null,Null,Null,Null,DRY,DARK - NO LIGHTING,DRY,NHP,2418089,Null,Null,Null,2017-12-28T01:45:00.000Z,{BA68F22E-7A7D-4983-BAD7-BAA009BD7FDA}
419860,310912.4004,4317371.736,38.98,-119.2,2017-12-27,DEER,PROPERTY DAMAGE ONLY,LYON,Wed Dec 27 00:00:00 PST 2017,Sun Dec 31 05:45:00 PST 1899,5:45:00,SR339,520,S,MILE MARKER 11,CLEAR,-9999,-9999,PDO,O,NON-COLLISION,1,COUPE,N,49,1,GOING STRAIGHT,APPARENTLY NORMAL,Null,UNKNOWN,Null,DEER,Null,Null,Null,Null,Null,Null,Null,Null,Null,Null,Null,Null,DRY,DARK - NO LIGHTING,DRY,NHP,2418043,Null,Null,Null,2017-12-27T13:45:00.000Z,{5677570E-40F8-4DE1-84B1-2F507B6DB6A5}
371326,588984.7347,4510912.094,40.74,-115.9,2017-02-01,DEER,PROPERTY DAMAGE ONLY,ELKO,Wed Feb 01 00:00:00 PST 2017,Sun Dec 31 21:30:00 PST 1899,21:30:00,IR80 W,2640,E,EL 12,CLEAR,-9999,-9999,PDO,O,NON-COLLISION,1,"TRACTOR TRUCK, DIESEL",W,45,2,GOING STRAIGHT,APPARENTLY NORMAL,Null,Null,Null,DEER,Null,Null,Null,Null,Null,Null,Null,Null,Null,Null,Null,Null,DRY,DARK - NO LIGHTING,DRY,NHP,2359615,Null,Null,Null,2017-02-02T05:30:00.000Z,{E2E48D66-53BA-4A12-8282-3605F4311B06}
376204,334200.1562,4374954.263,39.51,-118.9,2017-02-08,DOG/COYOTE,PROPERTY DAMAGE ONLY,CHURCHILL,Wed Feb 08 00:00:00 PST 2017,Sun Dec 31 06:57:00 PST 1899,6:57:00,US50,300,W,MILE MARKER 12,CLEAR,-9999,-9999,PDO,O,NON-COLLISION,1,UTILITY,W,41,1,GOING STRAIGHT,APPARENTLY NORMAL,Null,Null,Null,DOG/COYOTE,Null,Null,Null,Null,Null,Null,Null,Null,Null,Null,Null,Null,DRY,DAWN,DRY,NHP,2365074,Null,Null,Null,2017-02-08T14:57:00.000Z,{03CE9C30-BFB1-4D80-AA94-D2A76FFDFAE2}
374850,434810.7085,4606552.368,41.61,-117.8,2017-02-15,DEER,PROPERTY DAMAGE ONLY,HUMBOLDT,Wed Feb 15 00:00:00 PST 2017,Sun Dec 31 05:40:00 PST 1899,5:40:00,US95N,1100,N,MILE MARKER 46,CLOUDY,-9999,-9999,PDO,O,NON-COLLISION,1,UTILITY,S,66,1,GOING STRAIGHT,APPARENTLY NORMAL,Null,Null,Null,DEER,Null,Null,Null,Null,Null,Null,Null,Null,Null,Null,Null,Null,DRY,DARK - NO LIGHTING,DRY,NHP,2365525,Null,Null,Null,2017-02-15T13:40:00.000Z,{2B161759-B150-41AC-9C63-015FDAF64468}
377340,253635.787,4320714.052,39,-119.8,2017-02-22,DEER,PROPERTY DAMAGE ONLY,DOUGLAS,Wed Feb 22 00:00:00 PST 2017,Sun Dec 31 12:41:00 PST 1899,12:41:00,FOOTHILL RD,0,Null,CANDY DANCE LN,CLEAR,-9999,-9999,PDO,N,NON-COLLISION,1,CARRY-ALL,N,-9999,-9999,OTHER,OTHER IMPROPER DRIVING,Null,DROVE LEFT OF CENTER,Null,DEER: RAN OFF ROAD LEFT,Null,Null,Null,Null,Null,Null,Null,Null,Null,Null,Null,Null,Null,Null,Null,DCSO,2361676,Null,Null,Null,2017-02-22T20:41:00.000Z,{83AD7484-4A4F-47AF-8B6D-AD997E04E15D}
379375,726661.7081,4199780.146,37.92,-114.4,2017-02-22,DEER,PROPERTY DAMAGE ONLY,LINCOLN,Wed Feb 22 00:00:00 PST 2017,Sun Dec 31 12:52:00 PST 1899,12:52:00,US93N,218,S,MILE MARKER 117,CLOUDY,-9999,-9999,PDO,O,NON-COLLISION,1,PICKUP,S,88,1,GOING STRAIGHT,APPARENTLY NORMAL,Null,DRIVERLESS VEHICLE,Null,DEER,Null,Null,Null,Null,Null,Null,Null,Null,Null,Null,Null,Null,DRY,DAYLIGHT,DRY,NHP,2366043,Null,Null,Null,2017-02-22T20:52:00.000Z,{621F3577-2A06-478F-92B5-2131A7FD36DF}
372010,726998.2186,4196560.852,37.89,-114.4,2017-01-04,DEER,PROPERTY DAMAGE ONLY,LINCOLN,Wed Jan 04 00:00:00 PST 2017,Sun Dec 31 08:01:00 PST 1899,8:01:00,US93N,1000,S,MILE MARKER 115,CLOUDY,-9999,-9999,PDO,O,NON-COLLISION,1,SEDAN,S,16,1,GOING STRAIGHT,APPARENTLY NORMAL,Null,Null,Null,DEER,Null,Null,Null,Null,Null,Null,Null,Null,Null,Null,Null,Null,DRY,DAYLIGHT,DRY,NHP,2357777,Null,Null,Null,2017-01-04T16:01:00.000Z,{A67CCF93-8CB4-4272-9624-A8B750DCF383}
372167,521965.1325,4083654.853,36.9,-116.8,2017-01-11,BURRO,PROPERTY DAMAGE ONLY,NYE,Wed Jan 11 00:00:00 PST 2017,Sun Dec 31 22:09:00 PST 1899,22:09:00,US95N,0,Null,MILE MARKER 59,CLOUDY,-9999,-9999,PDO,O,NON-COLLISION,1,SEMI,S,-9999,-9999,GOING STRAIGHT,INATTENTION/DISTRACTED,OTHER,Null,Null,BURRO,Null,Null,Null,Null,Null,Null,Null,Null,Null,Null,Null,Null,Null,Null,Null,NYSO,2360240,Null,Null,Null,2017-01-12T06:09:00.000Z,{0D7CD5C6-60E4-4195-8CE2-66B1044E2047}
372425,672814.964,4303924.873,38.87,-115,2017-01-18,DEER,PROPERTY DAMAGE ONLY,WHITE PINE,Wed Jan 18 00:00:00 PST 2017,Sun Dec 31 18:46:00 PST 1899,18:46:00,SR318,2640,S,MILE MARKER 12,CLOUDY,-9999,-9999,PDO,O,UNKNOWN,2,SEMI,S,64,1,GOING STRAIGHT,APPARENTLY NORMAL,Null,OBJECT AVOIDANCE,Null,DEER,STATION WAGON,N,56,1,GOING STRAIGHT,APPARENTLY NORMAL,Null,Null,Null,DEER,Null,Null,DRY,DARK - CONTINUOUS LIGHTING,DRY,NHP,2358772,Null,Null,Null,2017-01-19T02:46:00.000Z,{A852AEA4-61D9-4E6D-8B59-99517310230B}
377733,297564.514,4409106.273,39.81,-119.4,2017-01-25,CATTLE,PROPERTY DAMAGE ONLY,WASHOE,Wed Jan 25 00:00:00 PST 2017,Sun Dec 31 23:12:00 PST 1899,23:12:00,SR447,25,S,VALLEY RD,CLEAR,-9999,-9999,PDO,U,NON-COLLISION,1,"SEDAN, 4 DOOR",S,-9999,2,UNKNOWN,UNKNOWN,Null,UNKNOWN,Null,CATTLE,Null,Null,Null,Null,Null,Null,Null,Null,Null,Null,Null,Null,DRY,DARK - NO LIGHTING,DRY,PDTP,2368429,Null,Null,Null,2017-01-26T07:12:00.000Z,{8AD3D898-405B-484F-936C-8A35889A687E}
393077,676724.0811,4348367.394,39.27,-115,2017-07-05,DEER,PROPERTY DAMAGE ONLY,WHITE PINE,Wed Jul 05 00:00:00 PDT 2017,Sun Dec 31 06:45:00 PST 1899,6:45:00,US50,45,W,MILE MARKER 63,CLEAR,-9999,-9999,PDO,O,NON-COLLISION,1,PICKUP,W,48,1,GOING STRAIGHT,APPARENTLY NORMAL,Null,Null,Null,DEER,Null,Null,Null,Null,Null,Null,Null,Null,Null,Null,Null,Null,DRY,DAYLIGHT,DRY,NHP,2384383,Null,Null,Null,2017-07-05T13:45:00.000Z,{F3002330-9A91-4FC9-9F7E-727BA15F7B77}
393660,683912.8581,4345920.651,39.24,-114.9,2017-07-05,DEER,PROPERTY DAMAGE ONLY,WHITE PINE,Wed Jul 05 00:00:00 PDT 2017,Sun Dec 31 05:21:00 PST 1899,5:21:00,US6,35,E,MILE MARKER 40,CLEAR,-9999,-9999,PDO,O,NON-COLLISION,1,PICKUP,E,44,1,GOING STRAIGHT,APPARENTLY NORMAL,Null,Null,Null,DEER,Null,Null,Null,Null,Null,Null,Null,Null,Null,Null,Null,Null,DRY,DAYLIGHT,DRY,NHP,2384380,Null,Null,Null,2017-07-05T12:21:00.000Z,{B2339241-D9BF-41D5-BEC5-C832C567F5B0}
400924,441208.8936,4636999.733,41.88,-117.7,2017-07-05,CATTLE,PROPERTY DAMAGE ONLY,HUMBOLDT,Wed Jul 05 00:00:00 PDT 2017,Sun Dec 31 01:00:00 PST 1899,1:00:00,US95N,1500,S,MILE MARKER 66,CLOUDY,-9999,-9999,PDO,O,NON-COLLISION,1,CARRY-ALL,S,42,-9999,GOING STRAIGHT,APPARENTLY NORMAL,Null,OBJECT AVOIDANCE,Null,CATTLE,Null,Null,Null,Null,Null,Null,Null,Null,Null,Null,Null,Null,DRY,DARK - NO LIGHTING,DRY,NHP,2393784,Null,Null,Null,2017-07-05T08:00:00.000Z,{83E36071-7AB2-445F-A4AF-C44DFBACE89D}
420991,286357.5093,4379705.791,39.54,-119.5,2017-07-12,HORSE,PROPERTY DAMAGE ONLY,STOREY,Wed Jul 12 00:00:00 PDT 2017,Sun Dec 31 22:50:00 PST 1899,22:50:00,SR439N,400,N,DENMARK DR,CLEAR,-9999,-9999,PDO,O,NON-COLLISION,1,"SEDAN, 4 DOOR",N,50,2,GOING STRAIGHT,APPARENTLY NORMAL,Null,Null,Null,HORSE: OTHER MOVABLE OBJECT,Null,Null,Null,Null,Null,Null,Null,Null,Null,Null,Null,Null,DRY,DARK - NO LIGHTING,DRY,STSO,2423688,Null,Null,Null,2017-07-13T05:50:00.000Z,{395AD477-4C90-4E08-B515-069509ED61B2}
393042,676526.0002,4348546.997,39.27,-115,2017-07-12,DEER,PROPERTY DAMAGE ONLY,WHITE PINE,Wed Jul 12 00:00:00 PDT 2017,Sun Dec 31 05:48:00 PST 1899,5:48:00,US50,1056,W,MILE MARKER 63,CLEAR,-9999,-9999,PDO,O,NON-COLLISION,1,CARRY-ALL,W,55,1,GOING STRAIGHT,APPARENTLY NORMAL,Null,Null,Null,DEER,Null,Null,Null,Null,Null,Null,Null,Null,Null,Null,Null,Null,DRY,DAYLIGHT,DRY,NHP,2384556,Null,Null,Null,2017-07-12T12:48:00.000Z,{1B9868AE-6D1E-4E57-A8DD-29C3E5FA1BFD}
393300,589529.0698,4512056.318,40.75,-115.9,2017-07-12,DEER,PROPERTY DAMAGE ONLY,ELKO,Wed Jul 12 00:00:00 PDT 2017,Sun Dec 31 05:20:00 PST 1899,5:20:00,IR80W,1584,E,MILE MARKER 13,CLEAR,-9999,-9999,PDO,O,NON-COLLISION,1,"TRACTOR TRUCK, DIESEL",W,49,2,GOING STRAIGHT,APPARENTLY NORMAL,Null,Null,Null,DEER,Null,Null,Null,Null,Null,Null,Null,Null,Null,Null,Null,Null,DRY,DAWN,DRY,NHP,2384557,Null,Null,Null,2017-07-12T12:20:00.000Z,{16D89652-4EC3-4BC1-BA68-46296C5DEC41}
384127,437599.9856,4536587.196,40.98,-117.7,2017-07-12,CATTLE,PROPERTY DAMAGE ONLY,HUMBOLDT,Wed Jul 12 00:00:00 PDT 2017,Sun Dec 31 02:17:00 PST 1899,2:17:00,JUNGO RD,12,W,US95N,CLEAR,-9999,-9999,PDO,O,NON-COLLISION,1,PICKUP,W,-9999,-9999,GOING STRAIGHT,APPARENTLY NORMAL,Null,Null,Null,CATTLE,Null,Null,Null,Null,Null,Null,Null,Null,Null,Null,Null,Null,Null,Null,Null,HUSO,2387286,Null,Null,Null,2017-07-12T09:17:00.000Z,{E92B013F-83DC-4C9E-97D9-5B9F49B98671}
407081,478592.6078,4178146.254,37.75,-117.2,2017-07-12,BURRO,PROPERTY DAMAGE ONLY,ESMERALDA,Wed Jul 12 00:00:00 PDT 2017,Sun Dec 31 21:05:00 PST 1899,21:05:00,US95N,1056,N,MILE MARKER 22,CLEAR,-9999,-9999,PDO,O,NON-COLLISION,1,CARRY-ALL,N,34,1,GOING STRAIGHT,APPARENTLY NORMAL,Null,OBJECT AVOIDANCE,Null,BURRO,Null,Null,Null,Null,Null,Null,Null,Null,Null,Null,Null,Null,DRY,DARK - NO LIGHTING,DRY,NHP,2394048,Null,Null,Null,2017-07-13T04:05:00.000Z,{738D4031-EC7C-4F6F-8281-3F678D497368}
419726,254655.6985,4374469.241,39.48,-119.9,2017-07-19,DEER,PROPERTY DAMAGE ONLY,WASHOE,Wed Jul 19 00:00:00 PDT 2017,Sun Dec 31 23:51:00 PST 1899,23:51:00,SR659,25,E,CAUGHLIN PKWY,CLEAR,-9999,-9999,PDO,N,NON-COLLISION,1,PICKUP,S,-9999,-9999,GOING STRAIGHT,"FELL ASLEEP, FAINTED, FATIGUED, ETC.",Null,UNKNOWN,Null,DEER,Null,Null,Null,Null,Null,Null,Null,Null,Null,Null,Null,Null,Null,Null,Null,RPD,2403609,Null,Null,Null,2017-07-20T06:51:00.000Z,{F41EF132-80D5-4250-ABF3-3CC8757C79F2}