OBJECTID,X,Y,Latitude,Longitude,Date,AnimalType,Crash_Seve,County,Crash_Date_Original,Crash_Time_Original,Crash_Time,Primary_St,Distance,Dir,Secondary_,Weather,Fatalities,Injured,Property_D,Injury_Typ,Crash_Type,Total_Vehi,V1_Type,V1_Dir,V1_Driver_,V1_Lane_Nu,V1_Action,V1_Driver1,V1_Drive_1,V1_Vehicle,V1_Most_Ha,V1_All_Eve,V2_Type,V2_Dir,V2_Driver_,V2_Lane_Nu,V2_Action,V2_Driver1,V2_Drive_1,V2_Vehicle,V2_Most_Ha,V2_All_Eve,First_Harm,Nonmotoris,Factors_Ro,Lighting,HWY_Factor,Agency,Accident_R,Pedalcycli,Pedestrian,Motorcycli,CrashDateT,GlobalID
405980,248832.8194,4354738.615,39.31,-119.9,2017-07-26,DEER,INJURY CRASH,WASHOE,Wed Jul 26 00:00:00 PDT 2017,Sun Dec 31 05:53:00 PST 1899,5:53:00,SR431,850,E,MILE MARKER 7,CLEAR,-9999,1,Null,C,NON-COLLISION,1,"SEDAN, 4 DOOR",W,51,-9999,GOING STRAIGHT,APPARENTLY NORMAL,Null,Null,Null,DEER,Null,Null,Null,Null,Null,Null,Null,Null,Null,Null,Null,Null,DRY,DAYLIGHT,DRY,NHP,2394800,Null,Null,Null,2017-07-26T12:53:00.000Z,{0613DF2A-FB2A-4DB8-8290-E2D2F2BFCF8D}
394099,258245.8465,4343503.237,39.21,-119.8,2017-06-07,DEER,PROPERTY DAMAGE ONLY,CARSON CITY,Wed Jun 07 00:00:00 PDT 2017,Sun Dec 31 20:18:00 PST 1899,20:18:00,IR580N,439,N,MILE MARKER 9,CLOUDY,-9999,-9999,PDO,O,NON-COLLISION,1,UTILITY,N,24,3,GOING STRAIGHT,APPARENTLY NORMAL,Null,OBJECT AVOIDANCE,Null,DEER,Null,Null,Null,Null,Null,Null,Null,Null,Null,Null,Null,Null,DRY,DUSK,DRY,NHP,2382847,Null,Null,Null,2017-06-08T03:18:00.000Z,{6F0ACDE1-D586-47E0-A0E8-BB34541051F5}
393173,620519.6501,4508951.363,40.72,-115.6,2017-06-07,CATTLE,PROPERTY DAMAGE ONLY,ELKO,Wed Jun 07 00:00:00 PDT 2017,Sun Dec 31 21:10:00 PST 1899,21:10:00,SR227,2640,S,MILE MARKER 15,CLEAR,-9999,-9999,PDO,O,NON-COLLISION,1,PICKUP,N,56,1,GOING STRAIGHT,APPARENTLY NORMAL,Null,UNKNOWN,Null,CATTLE,Null,Null,Null,Null,Null,Null,Null,Null,Null,Null,Null,Null,DRY,DARK - NO LIGHTING,DRY,NHP,2382849,Null,Null,Null,2017-06-08T04:10:00.000Z,{714A2B05-A4A8-48F4-B167-77B78926F1F7}
392611,623120.6661,4534143.265,40.95,-115.5,2017-06-14,DEER,PROPERTY DAMAGE ONLY,ELKO,Wed Jun 14 00:00:00 PDT 2017,Sun Dec 31 20:40:00 PST 1899,20:40:00,IR80E,500,W,MILE MARKER 40,CLEAR,-9999,-9999,PDO,O,NON-COLLISION,1,PICKUP,E,49,2,GOING STRAIGHT,APPARENTLY NORMAL,Null,Null,Null,DEER,Null,Null,Null,Null,Null,Null,Null,Null,Null,Null,Null,Null,DRY,DAYLIGHT,DRY,NHP,2383295,Null,Null,Null,2017-06-15T03:40:00.000Z,{9F6218A5-7D87-4C7B-BAF3-084181668833}
394322,350055.3141,4369021.442,39.46,-118.7,2017-06-14,DEER,PROPERTY DAMAGE ONLY,CHURCHILL,Wed Jun 14 00:00:00 PDT 2017,Sun Dec 31 06:45:00 PST 1899,6:45:00,SR118,500,E,TESTOLIN RD,CLEAR,-9999,-9999,PDO,O,NON-COLLISION,1,PICKUP,E,30,1,GOING STRAIGHT,APPARENTLY NORMAL,Null,OBJECT AVOIDANCE,Null,DEER,Null,Null,Null,Null,Null,Null,Null,Null,Null,Null,Null,Null,DRY,DAYLIGHT,DRY,NHP,2383196,Null,Null,Null,2017-06-14T13:45:00.000Z,{9DD6D93F-180E-447C-824A-423671AC5C99}
393499,705466.2392,4549710.389,41.07,-114.6,2017-06-21,ELK,PROPERTY DAMAGE ONLY,ELKO,Wed Jun 21 00:00:00 PDT 2017,Sun Dec 31 03:23:00 PST 1899,3:23:00,IR80E,1056,E,MILE MARKER 96,Null,-9999,-9999,PDO,O,NON-COLLISION,1,SEMI,E,28,2,GOING STRAIGHT,APPARENTLY NORMAL,Null,Null,Null,ELK,Null,Null,Null,Null,Null,Null,Null,Null,Null,Null,Null,Null,DRY,DARK - NO LIGHTING,DRY,NHP,2383674,Null,Null,Null,2017-06-21T10:23:00.000Z,{70CF27F6-9634-4A2F-A2E2-9512F729D8C6}
395078,307318.8756,4382828.504,39.57,-119.2,2017-06-21,DOG/COYOTE,PROPERTY DAMAGE ONLY,LYON,Wed Jun 21 00:00:00 PDT 2017,Sun Dec 31 23:00:00 PST 1899,23:00:00,US50A,1584,S,MILE MARKER 12,CLEAR,-9999,-9999,PDO,O,NON-COLLISION,1,"SEDAN, 2 DOOR",S,39,1,GOING STRAIGHT,APPARENTLY NORMAL,Null,OBJECT AVOIDANCE,Null,DOG/COYOTE,Null,Null,Null,Null,Null,Null,Null,Null,Null,Null,Null,Null,DRY,DARK - NO LIGHTING,DRY,NHP,2383729,Null,Null,Null,2017-06-22T06:00:00.000Z,{EC3FE114-686B-4F7C-BB61-B33851A89A41}
392954,347896.0665,4376297.803,39.52,-118.8,2017-06-21,CATTLE,PROPERTY DAMAGE ONLY,CHURCHILL,Wed Jun 21 00:00:00 PDT 2017,Sun Dec 31 22:44:00 PST 1899,22:44:00,US95N,500,S,TARZYN RD,CLEAR,-9999,-9999,PDO,O,NON-COLLISION,1,"TRACTOR TRUCK, DIESEL",N,51,-9999,GOING STRAIGHT,APPARENTLY NORMAL,Null,Null,Null,CATTLE,Null,Null,Null,Null,Null,Null,Null,Null,Null,Null,Null,Null,DRY,DARK - NO LIGHTING,DRY,NHP,2383730,Null,Null,Null,2017-06-22T05:44:00.000Z,{953FC17B-878D-48FA-8B37-9EBF63EAC246}
403044,338211.8368,4375342.969,39.51,-118.9,2017-06-28,UNKNOWN,PROPERTY DAMAGE ONLY,CHURCHILL,Wed Jun 28 00:00:00 PDT 2017,Sun Dec 31 05:50:00 PST 1899,5:50:00,COX RD,1056,E,LAKEVIEW DR,CLEAR,-9999,-9999,PDO,O,NON-COLLISION,1,"SEDAN, 4 DOOR",W,19,-9999,GOING STRAIGHT,APPARENTLY NORMAL,Null,FAILURE TO KEEP IN PROPER LANE OR RUNNING OFF ROAD: OVER-CORRECTING/OVER-STEERING: RAN OFF ROAD: UNSAFE LANE CHANGE: OBJECT AVOIDANCE,Null,FENCE/WALL,Null,Null,Null,Null,Null,Null,Null,Null,Null,Null,Null,Null,DRY,DAWN,DRY,CHSO,2387487,Null,Null,Null,2017-06-28T12:50:00.000Z,{8B92A4D8-6B2D-4159-8C74-F1E75753D24C}
395016,706155.0189,4549792.513,41.07,-114.5,2017-06-28,ELK,PROPERTY DAMAGE ONLY,ELKO,Wed Jun 28 00:00:00 PDT 2017,Sun Dec 31 00:43:00 PST 1899,0:43:00,IR80W,2112,W,MILE MARKER 97,CLOUDY,-9999,-9999,PDO,O,NON-COLLISION,1,PICKUP,W,39,3,GOING STRAIGHT,APPARENTLY NORMAL,Null,OBJECT AVOIDANCE,Null,ELK,Null,Null,Null,Null,Null,Null,Null,Null,Null,Null,Null,Null,DRY,DARK - NO LIGHTING,DRY,NHP,2384051,Null,Null,Null,2017-06-28T07:43:00.000Z,{8462AEAB-4134-4D02-AF36-972FB7694B28}
376317,679923.21,4563748.207,41.21,-114.9,2017-03-08,CATTLE,PROPERTY DAMAGE ONLY,ELKO,Wed Mar 08 00:00:00 PST 2017,Sun Dec 31 18:43:00 PST 1899,18:43:00,US93N,528,N,MILE MARKER 83,CLOUDY,-9999,-9999,PDO,O,NON-COLLISION,1,"SEDAN, 4 DOOR",N,81,1,GOING STRAIGHT,APPARENTLY NORMAL,Null,Null,Null,CATTLE,Null,Null,Null,Null,Null,Null,Null,Null,Null,Null,Null,Null,DRY,DARK - NO LIGHTING,DRY,NHP,2366901,Null,Null,Null,2017-03-09T02:43:00.000Z,{5BBA056E-0F53-4636-A909-842D47E1CD42}
380659,679871.4,4563687,41.2,-114.9,2017-03-08,CATTLE,INJURY CRASH,ELKO,Wed Mar 08 00:00:00 PST 2017,Sun Dec 31 23:49:00 PST 1899,23:49:00,US93N,264,N,MILE MARKER 83,CLOUDY,-9999,2,Null,C,NON-COLLISION,1,"HATCHBACK, 4 DOOR",S,50,1,GOING STRAIGHT,APPARENTLY NORMAL,Null,OBJECT AVOIDANCE,Null,CATTLE,Null,Null,Null,Null,Null,Null,Null,Null,Null,Null,Null,Null,DRY,DARK - NO LIGHTING,DRY,NHP,2366911,Null,Null,Null,2017-03-09T07:49:00.000Z,{30FE2ABB-940A-4FDB-8FC0-501136BC3C0B}
374899,258943.3694,4358640.94,39.34,-119.8,2017-03-15,DEER,PROPERTY DAMAGE ONLY,WASHOE,Wed Mar 15 00:00:00 PDT 2017,Sun Dec 31 06:40:00 PST 1899,6:40:00,IR580S,5,S,MILE MARKER 10,CLEAR,-9999,-9999,PDO,O,NON-COLLISION,1,"HATCHBACK, 4 DOOR",S,21,2,GOING STRAIGHT,APPARENTLY NORMAL,Null,OBJECT AVOIDANCE,Null,DEER,Null,Null,Null,Null,Null,Null,Null,Null,Null,Null,Null,Null,DRY,DAWN,DRY,NHP,2367217,Null,Null,Null,2017-03-15T13:40:00.000Z,{1D0EB107-D222-4189-A745-71E0A9921D05}
375506,742713.2055,4205389.354,37.96,-114.2,2017-03-15,DEER,PROPERTY DAMAGE ONLY,LINCOLN,Wed Mar 15 00:00:00 PDT 2017,Sun Dec 31 19:37:00 PST 1899,19:37:00,SR322,2112,W,MILE MARKER 14,CLEAR,-9999,-9999,PDO,O,NON-COLLISION,1,CARRY-ALL,E,57,1,GOING STRAIGHT,APPARENTLY NORMAL,Null,Null,Null,DEER,Null,Null,Null,Null,Null,Null,Null,Null,Null,Null,Null,Null,DRY,DARK - NO LIGHTING,DRY,NHP,2367268,Null,Null,Null,2017-03-16T02:37:00.000Z,{D35D8615-E303-4DC9-B3CF-57C92FD27619}
401289,694951.0883,3984589.175,35.99,-114.8,2017-03-22,OTHER ANIMAL,PROPERTY DAMAGE ONLY,CLARK,Wed Mar 22 00:00:00 PDT 2017,Sun Dec 31 20:07:00 PST 1899,20:07:00,US93N,0,Null,ST JUDES ST,CLEAR,-9999,-9999,PDO,N,NON-COLLISION,1,"SEDAN, 4 DOOR",S,-9999,-9999,GOING STRAIGHT,APPARENTLY NORMAL,Null,OBJECT AVOIDANCE,Null,OTHER ANIMAL,Null,Null,Null,Null,Null,Null,Null,Null,Null,Null,Null,Null,Null,Null,Null,BCPD,2387307,Null,Null,Null,2017-03-23T03:07:00.000Z,{7EA37ED5-6D23-4F50-B521-D40107F045BC}
370864,255183.8542,4309310.315,38.9,-119.8,2017-03-22,DEER,PROPERTY DAMAGE ONLY,DOUGLAS,Wed Mar 22 00:00:00 PDT 2017,Sun Dec 31 18:50:00 PST 1899,18:50:00,SR206,300,N,ALEX CT,CLOUDY,-9999,-9999,PDO,O,NON-COLLISION,1,CARRY-ALL,S,-9999,-9999,GOING STRAIGHT,HAD BEEN DRINKING,Null,Null,Null,DEER,Null,Null,Null,Null,Null,Null,Null,Null,Null,Null,Null,Null,Null,Null,Null,NHP,2367595,Null,Null,Null,2017-03-23T01:50:00.000Z,{4A1424C3-89A3-4230-97FC-9C4218485EE0}
381274,338281.3404,4372614.432,39.49,-118.9,2017-03-22,DEER,PROPERTY DAMAGE ONLY,CHURCHILL,Wed Mar 22 00:00:00 PDT 2017,Sun Dec 31 06:06:00 PST 1899,6:06:00,US50,100,E,MILE MARKER 15,CLEAR,-9999,-9999,PDO,O,NON-COLLISION,1,"SEDAN, 4 DOOR",E,41,2,GOING STRAIGHT,APPARENTLY NORMAL,Null,OBJECT AVOIDANCE,Null,DEER,Null,Null,Null,Null,Null,Null,Null,Null,Null,Null,Null,Null,DRY,DARK - NO LIGHTING,DRY,NHP,2367555,Null,Null,Null,2017-03-22T13:06:00.000Z,{9E26F848-D581-4B1D-B50F-CA122F371DAE}
381421,422422.999,4526302.06,40.88,-117.9,2017-03-29,ANTELOPE,PROPERTY DAMAGE ONLY,HUMBOLDT,Wed Mar 29 00:00:00 PDT 2017,Sun Dec 31 08:35:00 PST 1899,8:35:00,IR80W,2640,W,MILE MARKER 3,CLEAR,-9999,-9999,PDO,O,NON-COLLISION,1,CARRY-ALL,W,62,2,GOING STRAIGHT,APPARENTLY NORMAL,Null,UNKNOWN,Null,ANTELOPE,Null,Null,Null,Null,Null,Null,Null,Null,Null,Null,Null,Null,DRY,DAYLIGHT,DRY,NHP,2367828,Null,Null,Null,2017-03-29T15:35:00.000Z,{44FCA782-695F-4B9A-9717-968C6C2BFE99}
387775,588576.5363,4183276.209,37.79,-116,2017-05-03,CATTLE,PROPERTY DAMAGE ONLY,NYE,Wed May 03 00:00:00 PDT 2017,Sun Dec 31 22:18:00 PST 1899,22:18:00,SR375,2000,W,MILE MARKER 42,CLOUDY,-9999,-9999,PDO,O,NON-COLLISION,1,PICKUP,W,63,1,GOING STRAIGHT,APPARENTLY NORMAL,Null,OBJECT AVOIDANCE,Null,RAN OFF ROAD RIGHT: SEPARATION OF UNITS: OVERTURN/ROLLOVER,Null,Null,Null,Null,Null,Null,Null,Null,Null,Null,Null,Null,DRY,DARK - NO LIGHTING,DRY,NHP,2380835,Null,Null,Null,2017-05-04T05:18:00.000Z,{5AF1964B-D75D-4D08-B6D9-066E3C5D7F2F}
389242,491040.5313,4411452.407,39.85,-117.1,2017-05-10,OTHER ANIMAL,PROPERTY DAMAGE ONLY,LANDER,Wed May 10 00:00:00 PDT 2017,Sun Dec 31 19:15:00 PST 1899,19:15:00,SR305,3168,S,MILE MARKER 58,CLEAR,-9999,-9999,PDO,O,NON-COLLISION,1,"SEDAN, 2 DOOR",S,64,1,GOING STRAIGHT,APPARENTLY NORMAL,Null,OBJECT AVOIDANCE,Null,OTHER ANIMAL: OVERTURN/ROLLOVER: DITCH,Null,Null,Null,Null,Null,Null,Null,Null,Null,Null,Null,Null,DRY,DUSK,DRY,NHP,2381329,Null,Null,Null,2017-05-11T02:15:00.000Z,{FA0A57F1-3FE8-497B-AE56-F2D6B474624F}
386007,400159.5402,4272631.82,38.6,-118.1,2017-05-10,CATTLE,PROPERTY DAMAGE ONLY,MINERAL,Wed May 10 00:00:00 PDT 2017,Sun Dec 31 19:04:00 PST 1899,19:04:00,SR361,0,Null,MILE MARKER 7,CLEAR,-9999,-9999,PDO,O,NON-COLLISION,1,"SEDAN, 4 DOOR",N,19,1,GOING STRAIGHT,APPARENTLY NORMAL,Null,UNKNOWN,Null,CATTLE,Null,Null,Null,Null,Null,Null,Null,Null,Null,Null,Null,Null,DRY,DAYLIGHT,DRY,NHP,2381326,Null,Null,Null,2017-05-11T02:04:00.000Z,{F465BE1E-CC1D-46FF-91F4-6D50D57AF0D2}
383438,705974.9546,4283048.129,38.67,-114.6,2017-05-17,ELK,INJURY CRASH,LINCOLN,Wed May 17 00:00:00 PDT 2017,Sun Dec 31 20:41:00 PST 1899,20:41:00,US93N,2640,N,MILE MARKER 172,CLEAR,-9999,2,Null,C,NON-COLLISION,1,VAN,N,65,1,GOING STRAIGHT,APPARENTLY NORMAL,Null,UNKNOWN,Null,ELK,Null,Null,Null,Null,Null,Null,Null,Null,Null,Null,Null,Null,DRY,DUSK,DRY,NHP,2381698,Null,Null,Null,2017-05-18T03:41:00.000Z,{7BD1206E-8079-44C8-B2DA-946705AEFF27}
398682,313154.2131,4383973.293,39.59,-119.2,2017-05-17,CATTLE,PROPERTY DAMAGE ONLY,LYON,Wed May 17 00:00:00 PDT 2017,Sun Dec 31 20:49:00 PST 1899,20:49:00,SR828,528,W,MILE MARKER 4,CLEAR,-9999,-9999,PDO,O,NON-COLLISION,1,"SEDAN, 4 DOOR",E,17,1,GOING STRAIGHT,APPARENTLY NORMAL,Null,Null,Null,CATTLE,Null,Null,Null,Null,Null,Null,Null,Null,Null,Null,Null,Null,DRY,DARK - NO LIGHTING,DRY,NHP,2381699,Null,Null,Null,2017-05-18T03:49:00.000Z,{7D746A40-AF4E-44DD-921F-C77119DC4E17}
383894,410298.3543,4504208.848,40.68,-118.1,2017-05-24,DEER,INJURY CRASH,PERSHING,Wed May 24 00:00:00 PDT 2017,Sun Dec 31 00:25:00 PST 1899,0:25:00,IR80W,1500,W,MILE MARKER 62,CLEAR,-9999,2,Null,C,NON-COLLISION,1,MOTORCYCLE,W,34,1,GOING STRAIGHT,APPARENTLY NORMAL,Null,Null,Null,"DEER: OVERTURN/ROLLOVER: RAN OFF ROAD LEFT: OTHER POST, POLE OR SUPPORT",Null,Null,Null,Null,Null,Null,Null,Null,Null,Null,Null,Null,DRY,DARK - NO LIGHTING,DRY,NHP,2382030,Null,Null,YES,2017-05-24T07:25:00.000Z,{FF0BE3B4-7515-4E54-8D91-FDC42D1CC3E2}
393294,285967.1617,4382596.761,39.57,-119.5,2017-05-31,HORSE,INJURY CRASH,WASHOE,Wed May 31 00:00:00 PDT 2017,Sun Dec 31 01:43:00 PST 1899,1:43:00,IR80E,1320,W,MILE MARKER 32.723,CLEAR,-9999,1,Null,C,NON-COLLISION,1,PICKUP,E,51,1,GOING STRAIGHT,APPARENTLY NORMAL,Null,Null,Null,HORSE,Null,Null,Null,Null,Null,Null,Null,Null,Null,Null,Null,Null,DRY,DARK - NO LIGHTING,DRY,NHP,2382403,Null,Null,Null,2017-05-31T08:43:00.000Z,{D3099CCC-FEDA-47A4-A110-8130656596DD}
415960,695653.9142,4454263.502,40.22,-114.7,2017-11-01,DEER,PROPERTY DAMAGE ONLY,ELKO,Wed Nov 01 00:00:00 PDT 2017,Sun Dec 31 07:08:00 PST 1899,7:08:00,US93N,2112,S,MILE MARKER 8,CLEAR,-9999,-9999,PDO,O,NON-COLLISION,1,PICKUP,N,47,1,GOING STRAIGHT,APPARENTLY NORMAL,Null,Null,Null,DEER,Null,Null,Null,Null,Null,Null,Null,Null,Null,Null,Null,Null,DRY,DAYLIGHT,DRY,NHP,2414465,Null,Null,Null,2017-11-01T14:08:00.000Z,{DD5DBA29-9A51-43B1-80D4-613B4C04B39E}
419746,683629.6189,4579936.347,41.35,-114.8,2017-11-01,DEER,INJURY CRASH,ELKO,Wed Nov 01 00:00:00 PDT 2017,Sun Dec 31 05:45:00 PST 1899,5:45:00,US93N,3168,N,MILE MARKER 93,CLEAR,-9999,1,Null,C,NON-COLLISION,1,CARRY-ALL,S,34,1,GOING STRAIGHT,APPARENTLY NORMAL,Null,OBJECT AVOIDANCE,Null,DEER,Null,Null,Null,Null,Null,Null,Null,Null,Null,Null,Null,Null,DRY,DARK - NO LIGHTING,DRY,NHP,2414457,Null,Null,Null,2017-11-01T12:45:00.000Z,{B25AC465-70AB-4620-9BF7-9E1BA5E603B3}
417038,632940.089,3987540.256,36.02,-115.5,2017-11-08,DEER,PROPERTY DAMAGE ONLY,CLARK,Wed Nov 08 00:00:00 PST 2017,Sun Dec 31 20:01:00 PST 1899,20:01:00,SR160N,500,N,MILE MARKER 22,CLEAR,-9999,-9999,PDO,O,NON-COLLISION,1,PICKUP,N,46,2,GOING STRAIGHT,APPARENTLY NORMAL,Null,Null,Null,DEER,Null,Null,Null,Null,Null,Null,Null,Null,Null,Null,Null,Null,DRY,DARK - NO LIGHTING,DRY,NHP,2414948,Null,Null,Null,2017-11-09T04:01:00.000Z,{AC6246BD-37F9-4F05-9A60-79FB4230284B}
413443,259425.3102,4325336.943,39.04,-119.8,2017-11-15,DOG/COYOTE,PROPERTY DAMAGE ONLY,DOUGLAS,Wed Nov 15 00:00:00 PST 2017,Sun Dec 31 11:25:00 PST 1899,11:25:00,US395N,1000,N,STEPHANIE WAY,CLOUDY,-9999,-9999,PDO,O,NON-COLLISION,1,CARRY-ALL,N,-9999,-9999,GOING STRAIGHT,APPARENTLY NORMAL,Null,Null,Null,DOG/COYOTE,Null,Null,Null,Null,Null,Null,Null,Null,Null,Null,Null,Null,Null,Null,Null,DCSO,2404959,Null,Null,Null,2017-11-15T19:25:00.000Z,{A4721725-A687-45C8-A8DA-60265FE88CD4}
416142,636527.8778,3985161.95,36,-115.5,2017-11-15,DEER,PROPERTY DAMAGE ONLY,CLARK,Wed Nov 15 00:00:00 PST 2017,Sun Dec 31 05:40:00 PST 1899,5:40:00,SR160N,1320,N,MILE MARKER 19,CLEAR,-9999,-9999,PDO,O,NON-COLLISION,1,PICKUP,S,74,1,GOING STRAIGHT,APPARENTLY NORMAL,Null,Null,Null,DEER,Null,Null,Null,Null,Null,Null,Null,Null,Null,Null,Null,Null,DRY,DAYLIGHT,DRY,NHP,2415356,Null,Null,Null,2017-11-15T13:40:00.000Z,{42739695-182B-4C31-ABBA-BAC8FC118346}
417897,556524.0612,4499022.402,40.64,-116.3,2017-11-15,DEER,PROPERTY DAMAGE ONLY,EUREKA,Wed Nov 15 00:00:00 PST 2017,Sun Dec 31 05:20:00 PST 1899,5:20:00,IR80W,211,E,MILE MARKER 15,CLOUDY,-9999,-9999,PDO,O,NON-COLLISION,1,PICKUP,W,32,2,GOING STRAIGHT,APPARENTLY NORMAL,Null,Null,Null,DEER,Null,Null,Null,Null,Null,Null,Null,Null,Null,Null,Null,Null,DRY,DUSK,DRY,NHP,2415355,Null,Null,Null,2017-11-15T13:20:00.000Z,{192ACFFB-0B73-4FDD-A4CC-513EAD637CF3}
422814,592758.0375,4514336.375,40.77,-115.9,2017-11-15,DEER,PROPERTY DAMAGE ONLY,ELKO,Wed Nov 15 00:00:00 PST 2017,Sun Dec 31 04:00:00 PST 1899,4:00:00,IR80E,1000,W,MILE MARKER 16,CLEAR,-9999,-9999,PDO,O,NON-COLLISION,1,PICKUP,E,54,1,GOING STRAIGHT,APPARENTLY NORMAL,Null,OBJECT AVOIDANCE,Null,DEER,Null,Null,Null,Null,Null,Null,Null,Null,Null,Null,Null,Null,DRY,DARK - NO LIGHTING,DRY,NHP,2415353,Null,Null,Null,2017-11-15T12:00:00.000Z,{7D35616B-C3A6-466A-8ED5-93362557F192}
424959,337269.4994,4373207.559,39.49,-118.9,2017-11-15,DEER,PROPERTY DAMAGE ONLY,CHURCHILL,Wed Nov 15 00:00:00 PST 2017,Sun Dec 31 18:45:00 PST 1899,18:45:00,US50E,5280,W,SR117,CLOUDY,-9999,-9999,PDO,O,NON-COLLISION,1,CARRY-ALL,W,31,2,GOING STRAIGHT,APPARENTLY NORMAL,Null,OBJECT AVOIDANCE,Null,DEER,Null,Null,Null,Null,Null,Null,Null,Null,Null,Null,Null,Null,DRY,DARK - NO LIGHTING,DRY,NHP,2415410,Null,Null,Null,2017-11-16T02:45:00.000Z,{D8167CB7-A79E-4114-B847-5A36054785BF}
415462,242199.8794,4377439.105,39.51,-120,2017-11-22,DEER,PROPERTY DAMAGE ONLY,WASHOE,Wed Nov 22 00:00:00 PST 2017,Sun Dec 31 22:30:00 PST 1899,22:30:00,IR80W,500,W,MILE MARKER 3,CLEAR,-9999,-9999,PDO,O,NON-COLLISION,1,STATION WAGON,E,25,2,GOING STRAIGHT,APPARENTLY NORMAL,Null,Null,Null,DEER,Null,Null,Null,Null,Null,Null,Null,Null,Null,Null,Null,Null,DRY,DARK - NO LIGHTING,DRY,NHP,2415890,Null,Null,Null,2017-11-23T06:30:00.000Z,{B11ED57D-0D8E-427E-B956-8C724157ECBE}
415547,724249.238,4202298.111,37.94,-114.4,2017-11-22,DEER,PROPERTY DAMAGE ONLY,LINCOLN,Wed Nov 22 00:00:00 PST 2017,Sun Dec 31 18:50:00 PST 1899,18:50:00,US93N,580,N,MILE MARKER 119,CLEAR,-9999,-9999,PDO,O,NON-COLLISION,1,"SEDAN, 4 DOOR",N,83,-9999,GOING STRAIGHT,APPARENTLY NORMAL,Null,Null,Null,RAN OFF ROAD LEFT,Null,Null,Null,Null,Null,Null,Null,Null,Null,Null,Null,Null,DRY,DARK - NO LIGHTING,DRY,NHP,2415884,Null,Null,Null,2017-11-23T02:50:00.000Z,{5776D5BB-B270-44AC-8439-BB9333A62192}
415585,257205.2292,4363090.921,39.38,-119.8,2017-11-22,DEER,PROPERTY DAMAGE ONLY,WASHOE,Wed Nov 22 00:00:00 PST 2017,Sun Dec 31 14:57:00 PST 1899,14:57:00,SR431,1584,E,MILE MARKER 20,CLOUDY,-9999,-9999,PDO,O,NON-COLLISION,1,"HATCHBACK, 4 DOOR",W,33,1,GOING STRAIGHT,APPARENTLY NORMAL,Null,OBJECT AVOIDANCE,Null,DEER,Null,Null,Null,Null,Null,Null,Null,Null,Null,Null,Null,Null,DRY,DAYLIGHT,DRY,NHP,2415857,Null,Null,Null,2017-11-22T22:57:00.000Z,{852E6E6D-9E91-4B87-8B96-876E1264CBC9}
421533,624472.7033,4508976.38,40.72,-115.5,2017-11-22,DEER,PROPERTY DAMAGE ONLY,ELKO,Wed Nov 22 00:00:00 PST 2017,Sun Dec 31 17:33:00 PST 1899,17:33:00,SR227,100,N,MILE MARKER 17,CLEAR,-9999,-9999,PDO,O,NON-COLLISION,1,PICKUP,S,36,1,GOING STRAIGHT,APPARENTLY NORMAL,Null,UNKNOWN,Null,DEER,Null,Null,Null,Null,Null,Null,Null,Null,Null,Null,Null,Null,DRY,DARK - NO LIGHTING,DRY,NHP,2415942,Null,Null,Null,2017-11-23T01:33:00.000Z,{7B55CD72-715E-47A8-B5F3-E3DA6165D01E}
416893,753802.707,4071396.45,36.75,-114.2,2017-11-22,CATTLE,PROPERTY DAMAGE ONLY,CLARK,Wed Nov 22 00:00:00 PST 2017,Sun Dec 31 18:26:00 PST 1899,18:26:00,SR170,1800,W,MILE MARKER 7,CLEAR,-9999,-9999,PDO,O,NON-COLLISION,1,"SEDAN, 4 DOOR",E,23,1,GOING STRAIGHT,APPARENTLY NORMAL,Null,Null,Null,CATTLE,Null,Null,Null,Null,Null,Null,Null,Null,Null,Null,Null,Null,DRY,DARK - NO LIGHTING,DRY,NHP,2415886,Null,Null,Null,2017-11-23T02:26:00.000Z,{9B1B2B49-4AEE-40FD-BC5E-C1BF2D64315A}
417940,589613.9508,4017083.782,36.29,-116,2017-11-22,BURRO,PROPERTY DAMAGE ONLY,NYE,Wed Nov 22 00:00:00 PST 2017,Sun Dec 31 05:10:00 PST 1899,5:10:00,SR160N,12,N,MILE MARKER 16,CLEAR,-9999,-9999,PDO,O,NON-COLLISION,1,"SEDAN, 4 DOOR",S,56,1,GOING STRAIGHT,APPARENTLY NORMAL,Null,Null,Null,BURRO,Null,Null,Null,Null,Null,Null,Null,Null,Null,Null,Null,Null,DRY,DARK - NO LIGHTING,DRY,NHP,2415824,Null,Null,Null,2017-11-22T13:10:00.000Z,{1F32DD4F-0D0E-4171-B427-A5729A752434}