OBJECTID,X,Y,Latitude,Longitude,Date,AnimalType,Crash_Seve,County,Crash_Date_Original,Crash_Time_Original,Crash_Time,Primary_St,Distance,Dir,Secondary_,Weather,Fatalities,Injured,Property_D,Injury_Typ,Crash_Type,Total_Vehi,V1_Type,V1_Dir,V1_Driver_,V1_Lane_Nu,V1_Action,V1_Driver1,V1_Drive_1,V1_Vehicle,V1_Most_Ha,V1_All_Eve,V2_Type,V2_Dir,V2_Driver_,V2_Lane_Nu,V2_Action,V2_Driver1,V2_Drive_1,V2_Vehicle,V2_Most_Ha,V2_All_Eve,First_Harm,Nonmotoris,Factors_Ro,Lighting,HWY_Factor,Agency,Accident_R,Pedalcycli,Pedestrian,Motorcycli,CrashDateT,GlobalID
415042,262625.399,4308454.887,38.89,-119.7,2017-11-29,UNKNOWN,INJURY CRASH,DOUGLAS,Wed Nov 29 00:00:00 PST 2017,Sun Dec 31 04:45:00 PST 1899,4:45:00,KIMMERLING RD,1500,E,TILLMAN LN,CLEAR,-9999,2,Null,C,REAR-END,2,CARRY-ALL,E,38,-9999,NOT REPORTED,INATTENTION/DISTRACTED,UNKNOWN,OBJECT AVOIDANCE,Null,PARKED MOTOR VEHICLE,SEMI,Null,Null,Null,PARKED,Null,Null,Null,Null,Null,Null,Null,DRY,DARK - NO LIGHTING,DRY,DCSO,2404975,Null,Null,Null,2017-11-29T12:45:00.000Z,{E3529DC2-AF99-468F-A4B3-7FDC1C7A8777}
417859,258575.5191,4343397.665,39.21,-119.8,2017-11-29,OTHER ANIMAL,PROPERTY DAMAGE ONLY,CARSON CITY,Wed Nov 29 00:00:00 PST 2017,Sun Dec 31 09:16:00 PST 1899,9:16:00,IR580N,700,S,MILE MARKER 9,CLEAR,-9999,-9999,PDO,O,NON-COLLISION,1,HATCHBACK/FASTBACK,N,18,2,GOING STRAIGHT,APPARENTLY NORMAL,Null,Null,Null,OTHER ANIMAL,Null,Null,Null,Null,Null,Null,Null,Null,Null,Null,Null,Null,DRY,DAYLIGHT,DRY,NHP,2416248,Null,Null,Null,2017-11-29T17:16:00.000Z,{6392F791-013A-4CCF-83D8-F101BBA81189}
417561,737180.8666,4475317.618,40.39,-114.2,2017-11-29,HORSE,PROPERTY DAMAGE ONLY,ELKO,Wed Nov 29 00:00:00 PST 2017,Sun Dec 31 21:30:00 PST 1899,21:30:00,US93A,2640,N,MILE MARKER 27,CLEAR,-9999,-9999,PDO,O,NON-COLLISION,1,VAN,N,67,1,GOING STRAIGHT,APPARENTLY NORMAL,Null,Null,Null,HORSE,Null,Null,Null,Null,Null,Null,Null,Null,Null,Null,Null,Null,DRY,DARK - NO LIGHTING,DRY,NHP,2416294,Null,Null,Null,2017-11-30T05:30:00.000Z,{B70900DC-EF82-459D-B486-EBB4C7DD5816}
414365,487559.9292,4421277.112,39.94,-117.1,2017-11-29,DEER,PROPERTY DAMAGE ONLY,LANDER,Wed Nov 29 00:00:00 PST 2017,Sun Dec 31 04:00:00 PST 1899,4:00:00,SR305,2640,N,MILE MARKER 64,CLEAR,-9999,-9999,PDO,O,NON-COLLISION,1,VAN,N,-9999,1,GOING STRAIGHT,APPARENTLY NORMAL,Null,OBJECT AVOIDANCE,Null,DEER: RAN OFF ROAD RIGHT: EMBANKMENT: OTHER MOVABLE OBJECT,Null,Null,Null,Null,Null,Null,Null,Null,Null,Null,Null,Null,DRY,DARK - NO LIGHTING,DRY,LASO,2405374,Null,Null,Null,2017-11-29T12:00:00.000Z,{29D01406-7766-4646-9C68-DFE81ABD8A55}
417678,711251.2287,4228674.101,38.18,-114.6,2017-11-29,DEER,PROPERTY DAMAGE ONLY,LINCOLN,Wed Nov 29 00:00:00 PST 2017,Sun Dec 31 06:14:00 PST 1899,6:14:00,US93N,1056,N,MILE MARKER 138,CLEAR,-9999,-9999,PDO,O,NON-COLLISION,1,STATION WAGON,N,62,1,GOING STRAIGHT,APPARENTLY NORMAL,Null,Null,Null,DEER,Null,Null,Null,Null,Null,Null,Null,Null,Null,Null,Null,Null,DRY,DAWN,DRY,NHP,2416230,Null,Null,Null,2017-11-29T14:14:00.000Z,{36355923-BB22-470D-8BC0-D7D521D0BEF6}
415122,438667.8312,4194926.335,37.9,-117.7,2017-11-29,CATTLE,PROPERTY DAMAGE ONLY,ESMERALDA,Wed Nov 29 00:00:00 PST 2017,Sun Dec 31 18:40:00 PST 1899,18:40:00,SR265,150,S,MILE MARKER 11,CLEAR,-9999,-9999,PDO,N,NON-COLLISION,1,COUPE,S,-9999,-9999,GOING STRAIGHT,APPARENTLY NORMAL,Null,OBJECT AVOIDANCE,Null,CATTLE,Null,Null,Null,Null,Null,Null,Null,Null,Null,Null,Null,Null,Null,Null,Null,ESSO,2405294,Null,Null,Null,2017-11-30T02:40:00.000Z,{F0D053BC-0802-47B1-8A71-1753F713ECF0}
409013,724167.6498,4534521.916,40.93,-114.3,2017-10-04,ELK,INJURY CRASH,ELKO,Wed Oct 04 00:00:00 PDT 2017,Sun Dec 31 19:10:00 PST 1899,19:10:00,IR80W,2112,E,MILE MARKER 111,CLEAR,-9999,1,Null,C,NON-COLLISION,1,PICKUP,W,66,2,GOING STRAIGHT,APPARENTLY NORMAL,Null,Null,Null,ELK,Null,Null,Null,Null,Null,Null,Null,Null,Null,Null,Null,Null,DRY,DARK - NO LIGHTING,DRY,NHP,2398808,Null,Null,Null,2017-10-05T02:10:00.000Z,{C9752F94-E7D4-4F7C-A645-393ACFF94FDD}
410627,339826.3902,4372314.837,39.49,-118.9,2017-10-04,DOG/COYOTE,PROPERTY DAMAGE ONLY,CHURCHILL,Wed Oct 04 00:00:00 PDT 2017,Sun Dec 31 05:05:00 PST 1899,5:05:00,US50,0,Null,MILE MARKER 16,CLEAR,-9999,-9999,PDO,O,NON-COLLISION,1,"HATCHBACK, 4 DOOR",E,61,1,GOING STRAIGHT,APPARENTLY NORMAL,Null,OBJECT AVOIDANCE,Null,DOG/COYOTE,Null,Null,Null,Null,Null,Null,Null,Null,Null,Null,Null,Null,DRY,DARK - NO LIGHTING,DRY,NHP,2398775,Null,Null,Null,2017-10-04T12:05:00.000Z,{1E87B443-D744-403E-9176-60214F86D8CC}
409303,724453.8255,4178186.882,37.72,-114.5,2017-10-04,DEER,INJURY CRASH,LINCOLN,Wed Oct 04 00:00:00 PDT 2017,Sun Dec 31 23:30:00 PST 1899,23:30:00,US93N,1884,S,MILE MARKER 103,CLEAR,-9999,1,Null,C,NON-COLLISION,1,PICKUP,S,22,1,GOING STRAIGHT,APPARENTLY NORMAL,Null,Null,Null,DEER,Null,Null,Null,Null,Null,Null,Null,Null,Null,Null,Null,Null,DRY,DARK - NO LIGHTING,DRY,NHP,2398826,Null,Null,Null,2017-10-05T06:30:00.000Z,{D5830EE7-9714-421E-8101-E77879F6F296}
411064,567912.6731,4503818.286,40.68,-116.2,2017-10-04,DEER,PROPERTY DAMAGE ONLY,EUREKA,Wed Oct 04 00:00:00 PDT 2017,Sun Dec 31 23:08:00 PST 1899,23:08:00,IR80E,695,W,MILE MARKER 23,CLEAR,-9999,-9999,PDO,O,NON-COLLISION,1,PICKUP,E,53,2,GOING STRAIGHT,APPARENTLY NORMAL,Null,OBJECT AVOIDANCE,Null,DEER,Null,Null,Null,Null,Null,Null,Null,Null,Null,Null,Null,Null,DRY,DARK - NO LIGHTING,DRY,NHP,2398848,Null,Null,Null,2017-10-05T06:08:00.000Z,{F1802DD6-696C-449C-9DFC-28D94F84E665}
403045,450069.8173,4143328.103,37.44,-117.6,2017-10-04,CATTLE,PROPERTY DAMAGE ONLY,ESMERALDA,Wed Oct 04 00:00:00 PDT 2017,Sun Dec 31 19:40:00 PST 1899,19:40:00,SR266,100,W,MILE MARKER 17,CLEAR,-9999,-9999,PDO,N,NON-COLLISION,1,PICKUP,E,-9999,-9999,GOING STRAIGHT,APPARENTLY NORMAL,Null,UNKNOWN,Null,CATTLE,Null,Null,Null,Null,Null,Null,Null,Null,Null,Null,Null,Null,Null,Null,Null,ESSO,2387994,Null,Null,Null,2017-10-05T02:40:00.000Z,{2EC5F007-D53F-4973-A547-073F15599603}
407946,621007.9834,4157252.513,37.55,-115.6,2017-10-04,CATTLE,PROPERTY DAMAGE ONLY,LINCOLN,Wed Oct 04 00:00:00 PDT 2017,Sun Dec 31 21:45:00 PST 1899,21:45:00,SR375,535,E,MILE MARKER 19,CLEAR,-9999,-9999,PDO,O,NON-COLLISION,1,PICKUP,E,25,1,GOING STRAIGHT,APPARENTLY NORMAL,Null,Null,Null,CATTLE,Null,Null,Null,Null,Null,Null,Null,Null,Null,Null,Null,Null,DRY,DARK - NO LIGHTING,DRY,NHP,2398812,Null,Null,Null,2017-10-05T04:45:00.000Z,{1A4910C8-D633-4508-80D4-59EC4400C550}
408425,617209.3571,4159486,37.57,-115.7,2017-10-04,CATTLE,INJURY CRASH,LINCOLN,Wed Oct 04 00:00:00 PDT 2017,Sun Dec 31 20:00:00 PST 1899,20:00:00,SR375,1584,E,MILE MARKER 16,CLEAR,-9999,1,Null,C,NON-COLLISION,1,PICKUP,E,72,1,GOING STRAIGHT,APPARENTLY NORMAL,Null,Null,Null,CATTLE,Null,Null,Null,Null,Null,Null,Null,Null,Null,Null,Null,Null,DRY,DARK - NO LIGHTING,DRY,NHP,2398811,Null,Null,Null,2017-10-05T03:00:00.000Z,{6304F05B-DB3A-43BF-9F2E-F860184C2063}
412338,619340.166,4158518.102,37.57,-115.6,2017-10-04,CATTLE,PROPERTY DAMAGE ONLY,LINCOLN,Wed Oct 04 00:00:00 PDT 2017,Sun Dec 31 19:00:00 PST 1899,19:00:00,SR375,1056,W,MILE MARKER 18,CLEAR,-9999,-9999,PDO,O,NON-COLLISION,1,CARRY-ALL,E,63,1,GOING STRAIGHT,APPARENTLY NORMAL,Null,UNKNOWN,Null,CATTLE,Null,Null,Null,Null,Null,Null,Null,Null,Null,Null,Null,Null,DRY,DUSK,DRY,NHP,2398842,Null,Null,Null,2017-10-05T02:00:00.000Z,{88EDEAF3-1BD6-46F4-AD3B-CA37E4F76728}
409173,553529.9768,4054973.379,36.64,-116.4,2017-10-04,BURRO,PROPERTY DAMAGE ONLY,NYE,Wed Oct 04 00:00:00 PDT 2017,Sun Dec 31 01:00:00 PST 1899,1:00:00,SR373,20,S,MILE MARKER 16,CLEAR,-9999,-9999,PDO,O,NON-COLLISION,1,UTILITY,S,-9999,-9999,GOING STRAIGHT,APPARENTLY NORMAL,Null,Null,Null,BURRO,Null,Null,Null,Null,Null,Null,Null,Null,Null,Null,Null,Null,Null,Null,Null,NYSO,2400283,Null,Null,Null,2017-10-04T08:00:00.000Z,{7F84BE9D-60BB-4C84-8F43-EBD9CBBDC444}
409240,284566.4845,4354466.546,39.31,-119.5,2017-10-11,HORSE,PROPERTY DAMAGE ONLY,LYON,Wed Oct 11 00:00:00 PDT 2017,Sun Dec 31 22:35:00 PST 1899,22:35:00,US50,350,E,MILE MARKER 13,CLEAR,-9999,-9999,PDO,O,NON-COLLISION,1,"HATCHBACK, 4 DOOR",E,59,2,GOING STRAIGHT,APPARENTLY NORMAL,Null,Null,Null,HORSE,Null,Null,Null,Null,Null,Null,Null,Null,Null,Null,Null,Null,DRY,DARK - NO LIGHTING,DRY,NHP,2399148,Null,Null,Null,2017-10-12T05:35:00.000Z,{1078C464-8AF4-4876-AA1B-612CEB32EC5B}
409246,269582.0972,4343944.321,39.21,-119.7,2017-10-11,HORSE,PROPERTY DAMAGE ONLY,LYON,Wed Oct 11 00:00:00 PDT 2017,Sun Dec 31 06:30:00 PST 1899,6:30:00,US50,200,W,NEWMAN LN,CLEAR,-9999,-9999,PDO,O,NON-COLLISION,1,CARRY-ALL,E,31,2,GOING STRAIGHT,APPARENTLY NORMAL,Null,Null,Null,HORSE,Null,Null,Null,Null,Null,Null,Null,Null,Null,Null,Null,Null,DRY,DARK - SPOT LIGHTING,DRY,NHP,2399103,Null,Null,Null,2017-10-11T13:30:00.000Z,{97D134EE-50D0-4016-954D-2BF78FD35907}
409208,246703.4721,4350689.315,39.27,-119.9,2017-10-11,DEER,PROPERTY DAMAGE ONLY,WASHOE,Wed Oct 11 00:00:00 PDT 2017,Sun Dec 31 11:47:00 PST 1899,11:47:00,SR431,0,Null,FAIRVIEW BLVD,CLEAR,-9999,-9999,PDO,O,NON-COLLISION,1,STATION WAGON,N,64,-9999,GOING STRAIGHT,APPARENTLY NORMAL,Null,Null,Null,DEER,Null,Null,Null,Null,Null,Null,Null,Null,Null,Null,Null,Null,DRY,DAYLIGHT,DRY,NHP,2399123,Null,Null,Null,2017-10-11T18:47:00.000Z,{3E0695CD-DF6F-4294-921D-7C83856ECBC4}
410516,245396.0394,4327668.409,39.06,-119.9,2017-10-11,BEAR,INJURY CRASH,DOUGLAS,Wed Oct 11 00:00:00 PDT 2017,Sun Dec 31 19:10:00 PST 1899,19:10:00,US50,1000,E,MILE MARKER 8,CLEAR,-9999,1,Null,A,NON-COLLISION,1,"SEDAN, 4 DOOR",W,21,1,GOING STRAIGHT,APPARENTLY NORMAL,Null,EXCEEDED AUTHORIZED SPEED LIMIT: DRIVING TOO FAST FOR CONDITIONS,Null,BEAR,Null,Null,Null,Null,Null,Null,Null,Null,Null,Null,Null,Null,DRY,DARK - NO LIGHTING,DRY,NHP,2399145,Null,Null,Null,2017-10-12T02:10:00.000Z,{CF490ECB-DE57-4797-B041-29A8E47915BE}
420883,288598.0896,4380414.161,39.55,-119.5,2017-10-18,HORSE,PROPERTY DAMAGE ONLY,STOREY,Wed Oct 18 00:00:00 PDT 2017,Sun Dec 31 19:25:00 PST 1899,19:25:00,ELECTRIC AVE,1320,E,MILAN DR,CLEAR,-9999,-9999,PDO,O,NON-COLLISION,1,CARRY-ALL,W,35,1,GOING STRAIGHT,APPARENTLY NORMAL,Null,OBJECT AVOIDANCE,Null,HORSE,Null,Null,Null,Null,Null,Null,Null,Null,Null,Null,Null,Null,DRY,DARK - NO LIGHTING,DRY,STSO,2423702,Null,Null,Null,2017-10-19T02:25:00.000Z,{00C09DEC-6556-4C61-9101-F9AE18771EAD}
409787,256327.1165,4330190.05,39.09,-119.8,2017-10-18,DEER,INJURY CRASH,DOUGLAS,Wed Oct 18 00:00:00 PDT 2017,Sun Dec 31 04:11:00 PST 1899,4:11:00,JACKS VALLEY RD,200,S,BAVARIAN DR,CLEAR,-9999,2,Null,C,NON-COLLISION,1,SEDAN,S,22,1,GOING STRAIGHT,HAD BEEN DRINKING: OTHER IMPROPER DRIVING,Null,FAILURE TO KEEP IN PROPER LANE OR RUNNING OFF ROAD: RAN OFF ROAD: UNSAFE LANE CHANGE: OBJECT AVOIDANCE,Null,DEER: RAN OFF ROAD RIGHT: OVERTURN/ROLLOVER,Null,Null,Null,Null,Null,Null,Null,Null,Null,Null,Null,Null,DRY,DARK - NO LIGHTING,DRY,NHP,2398950,Null,Null,Null,2017-10-18T11:11:00.000Z,{C2B298E0-0402-40E5-A351-3DD065CD7C59}
424258,257495.6087,4345503.22,39.22,-119.8,2017-10-18,DEER,PROPERTY DAMAGE ONLY,WASHOE,Wed Oct 18 00:00:00 PDT 2017,Sun Dec 31 21:35:00 PST 1899,21:35:00,IR580S,1200,N,MILE MARKER 1,CLEAR,-9999,-9999,PDO,O,NON-COLLISION,1,"HATCHBACK, 4 DOOR",S,57,2,GOING STRAIGHT,APPARENTLY NORMAL,Null,Null,Null,DEER,Null,Null,Null,Null,Null,Null,Null,Null,Null,Null,Null,Null,DRY,DARK - NO LIGHTING,DRY,NHP,2413643,Null,Null,Null,2017-10-19T04:35:00.000Z,{E89EE928-2789-4870-A6EB-5283F393DE91}
413865,271229.5791,4359026.274,39.35,-119.7,2017-10-25,HORSE,PROPERTY DAMAGE ONLY,STOREY,Wed Oct 25 00:00:00 PDT 2017,Sun Dec 31 06:44:00 PST 1899,6:44:00,SR341,1056,S,MILE MARKER 8,CLEAR,-9999,-9999,PDO,O,NON-COLLISION,1,PICKUP,N,63,1,GOING STRAIGHT,APPARENTLY NORMAL,Null,Null,Null,HORSE,Null,Null,Null,Null,Null,Null,Null,Null,Null,Null,Null,Null,DRY,DARK - NO LIGHTING,DRY,NHP,2413996,Null,Null,Null,2017-10-25T13:44:00.000Z,{6555231B-1190-4A3B-B8D4-633511A6A894}
417900,663235.3545,3990068.939,36.04,-115.2,2017-10-25,DOG/COYOTE,PROPERTY DAMAGE ONLY,CLARK,Wed Oct 25 00:00:00 PDT 2017,Sun Dec 31 06:34:00 PST 1899,6:34:00,SR160N,25,N,DEAN MARTIN DR,CLEAR,-9999,-9999,PDO,O,NON-COLLISION,1,"HATCHBACK, 4 DOOR",E,24,1,GOING STRAIGHT,APPARENTLY NORMAL,Null,Null,Null,DOG/COYOTE,Null,Null,Null,Null,Null,Null,Null,Null,Null,Null,Null,Null,DRY,DAYLIGHT,DRY,NHP,2414055,Null,Null,Null,2017-10-25T13:34:00.000Z,{393F468E-AE55-412E-93D8-8208A7AF67B3}
414027,339483.6207,4371000.374,39.47,-118.9,2017-10-25,DEER,PROPERTY DAMAGE ONLY,CHURCHILL,Wed Oct 25 00:00:00 PDT 2017,Sun Dec 31 00:33:00 PST 1899,0:33:00,BOTTOM RD,30,E,ALCORN RD,CLEAR,-9999,-9999,PDO,O,NON-COLLISION,1,"SEDAN, 4 DOOR",E,30,-9999,NOT REPORTED,APPARENTLY NORMAL,Null,OBJECT AVOIDANCE,Null,RAN OFF ROAD RIGHT: CULVERT,Null,Null,Null,Null,Null,Null,Null,Null,Null,Null,Null,Null,WET,DARK - NO LIGHTING,WET,CHSO,2404874,Null,Null,Null,2017-10-25T07:33:00.000Z,{FAC87359-4BDD-4A1F-9864-3C4BA9E38C9D}
408093,739293.1875,4478802.5,40.43,-114.2,2017-09-06,HORSE,PROPERTY DAMAGE ONLY,ELKO,Wed Sep 06 00:00:00 PDT 2017,Sun Dec 31 22:04:00 PST 1899,22:04:00,US93AN,528,N,MILE MARKER 30,CLEAR,-9999,-9999,PDO,O,NON-COLLISION,1,"SEDAN, 4 DOOR",N,48,1,GOING STRAIGHT,APPARENTLY NORMAL,Null,OBJECT AVOIDANCE,Null,HORSE,Null,Null,Null,Null,Null,Null,Null,Null,Null,Null,Null,Null,DRY,DARK - NO LIGHTING,DRY,NHP,2397205,Null,Null,Null,2017-09-07T05:04:00.000Z,{5767C31B-5207-48BD-AB59-8B8758457634}
410582,286108.6249,4381606.943,39.56,-119.5,2017-09-06,HORSE,PROPERTY DAMAGE ONLY,STOREY,Wed Sep 06 00:00:00 PDT 2017,Sun Dec 31 04:50:00 PST 1899,4:50:00,SR439,528,N,ELECTRIC AVE N,CLEAR,-9999,-9999,PDO,O,NON-COLLISION,1,PALLET,S,40,2,GOING STRAIGHT,APPARENTLY NORMAL,Null,OBJECT AVOIDANCE,Null,HORSE,Null,Null,Null,Null,Null,Null,Null,Null,Null,Null,Null,Null,DRY,DARK - NO LIGHTING,DRY,NHP,2397209,Null,Null,Null,2017-09-06T11:50:00.000Z,{512EE427-00CD-4355-9EEF-8FE99AAA25AA}
410731,261212.7627,4383629.557,39.57,-119.8,2017-09-06,DOG/COYOTE,PROPERTY DAMAGE ONLY,WASHOE,Wed Sep 06 00:00:00 PDT 2017,Sun Dec 31 16:48:00 PST 1899,16:48:00,EL RANCHO DR,200,E,CLINTON CT,CLOUDY,-9999,-9999,PDO,O,REAR-END,2,"HATCHBACK, 4 DOOR",W,22,1,GOING STRAIGHT,OTHER IMPROPER DRIVING,Null,FOLLOWED TOO CLOSELY,Null,SLOW/STOPPED VEHICLE,"SEDAN, 4 DOOR",W,27,1,STOPPED,APPARENTLY NORMAL,Null,OBJECT AVOIDANCE,Null,DOG/COYOTE,Null,Null,DRY,DAYLIGHT,DRY,WASO,2401479,Null,Null,Null,2017-09-06T23:48:00.000Z,{A5C9B5B6-D45D-4A9E-BA31-B9B9278951C2}
399809,350653.3987,4368590.093,39.45,-118.7,2017-09-06,CATTLE,PROPERTY DAMAGE ONLY,CHURCHILL,Wed Sep 06 00:00:00 PDT 2017,Sun Dec 31 19:58:00 PST 1899,19:58:00,S CROOK RD,1,N,SR118,CLEAR,-9999,-9999,PDO,O,NON-COLLISION,1,CARRY-ALL,N,31,1,GOING STRAIGHT,APPARENTLY NORMAL,Null,Null,Null,CATTLE,Null,Null,Null,Null,Null,Null,Null,Null,Null,Null,Null,Null,DRY,DARK - SPOT LIGHTING,DRY,CHSO,2387506,Null,Null,Null,2017-09-07T02:58:00.000Z,{96A959C6-FFFC-4338-BA16-C3A7851C8842}
408684,520841.0606,4084283.411,36.9,-116.8,2017-09-06,BURRO,PROPERTY DAMAGE ONLY,NYE,Wed Sep 06 00:00:00 PDT 2017,Sun Dec 31 20:17:00 PST 1899,20:17:00,SR374,0,Null,C AVE,CLEAR,-9999,-9999,PDO,O,NON-COLLISION,1,CARRY-ALL,W,63,-9999,GOING STRAIGHT,APPARENTLY NORMAL,Null,Null,Null,BURRO,Null,Null,Null,Null,Null,Null,Null,Null,Null,Null,Null,Null,Null,DARK - NO LIGHTING,Null,NYSO,2400262,Null,Null,Null,2017-09-07T03:17:00.000Z,{ACE06076-E688-4749-BDD4-4282510C36DA}
411539,257052.5118,4385489.436,39.58,-119.8,2017-09-06,ANTELOPE,PROPERTY DAMAGE ONLY,WASHOE,Wed Sep 06 00:00:00 PDT 2017,Sun Dec 31 04:05:00 PST 1899,4:05:00,SR430,500,N,PANTHER DR,CLEAR,-9999,-9999,PDO,N,REAR-END,2,CARRY-ALL,S,-9999,-9999,UNKNOWN,UNKNOWN,Null,HIT AND RUN,Null,ANTELOPE,SEDAN,Null,Null,Null,PARKED,Null,Null,Null,Null,PARKED MOTOR VEHICLE,Null,Null,Null,Null,Null,RPD,2400769,Null,Null,Null,2017-09-06T11:05:00.000Z,{265B6B48-033F-41C1-A11F-A21019BF63C1}
410262,284298.5372,4354274.752,39.31,-119.5,2017-09-13,HORSE,PROPERTY DAMAGE ONLY,LYON,Wed Sep 13 00:00:00 PDT 2017,Sun Dec 31 07:03:00 PST 1899,7:03:00,US50,150,E,N PINENUT DR,CLEAR,-9999,-9999,PDO,O,NON-COLLISION,1,"SEDAN, 4 DOOR",E,51,-9999,GOING STRAIGHT,APPARENTLY NORMAL,Null,DRIVING TOO FAST FOR CONDITIONS: RAN OFF ROAD: OBJECT AVOIDANCE,Null,SLOW/STOPPED VEHICLE: HORSE,Null,Null,Null,Null,Null,Null,Null,Null,Null,Null,Null,Null,DRY,DAYLIGHT,DRY,NHP,2397602,Null,Null,Null,2017-09-13T14:03:00.000Z,{3FCCECA1-8244-4BA5-9C0B-A4A135B2DFB6}
408380,259201.301,4380967.963,39.54,-119.8,2017-09-13,DOG/COYOTE,PROPERTY DAMAGE ONLY,WASHOE,Wed Sep 13 00:00:00 PDT 2017,Sun Dec 31 02:20:00 PST 1899,2:20:00,WELLS AVE,1056,N,SADLEIR WAY,CLEAR,-9999,-9999,PDO,N,NON-COLLISION,1,CARRY-ALL,S,-9999,-9999,GOING STRAIGHT,APPARENTLY NORMAL,Null,UNKNOWN,Null,DOG/COYOTE,Null,Null,Null,Null,Null,Null,Null,Null,Null,Null,Null,Null,Null,Null,Null,RPD,2400819,Null,Null,Null,2017-09-13T09:20:00.000Z,{8EB43B41-867E-4C4E-8D59-FF6FD84292E2}
410050,513513.7219,4219884.788,38.13,-116.8,2017-09-20,UNKNOWN,PROPERTY DAMAGE ONLY,NYE,Wed Sep 20 00:00:00 PDT 2017,Sun Dec 31 13:48:00 PST 1899,13:48:00,US6,1320,W,MILE MARKER 24,CLOUDY,-9999,-9999,PDO,O,NON-COLLISION,1,UTILITY,E,29,-9999,GOING STRAIGHT,APPARENTLY NORMAL,Null,OBJECT AVOIDANCE,Null,RAN OFF ROAD RIGHT: DITCH: OVERTURN/ROLLOVER,Null,Null,Null,Null,Null,Null,Null,Null,Null,Null,Null,Null,DRY,DAYLIGHT,DRY,NHP,2398001,Null,Null,Null,2017-09-20T20:48:00.000Z,{3F412574-DD1B-43C2-9ECA-6052D7B01E04}
411401,583894.5468,4026268.696,36.38,-116.1,2017-09-20,DOG/COYOTE,PROPERTY DAMAGE ONLY,NYE,Wed Sep 20 00:00:00 PDT 2017,Sun Dec 31 00:00:00 PST 1899,0:00:00,SR160,150,S,MILE MARKER 23,CLEAR,-9999,-9999,PDO,O,NON-COLLISION,1,"HATCHBACK, 2 DOOR",N,-9999,-9999,GOING STRAIGHT,APPARENTLY NORMAL,Null,OBJECT AVOIDANCE,Null,DOG/COYOTE,Null,Null,Null,Null,Null,Null,Null,Null,Null,Null,Null,Null,Null,Null,Null,NYSO,2400275,Null,Null,Null,2017-09-20T07:00:00.000Z,{457EAC95-ED52-4DFB-84D5-EE67ED54F44F}
409750,627783.4573,4151827.515,37.5,-115.6,2017-09-20,CATTLE,PROPERTY DAMAGE ONLY,LINCOLN,Wed Sep 20 00:00:00 PDT 2017,Sun Dec 31 03:00:00 PST 1899,3:00:00,SR375,2640,W,MILE MARKER 25,CLEAR,-9999,-9999,PDO,O,NON-COLLISION,1,"SEDAN, 4 DOOR",W,23,1,GOING STRAIGHT,APPARENTLY NORMAL,Null,DRIVING TOO FAST FOR CONDITIONS: DROVE LEFT OF CENTER,Null,CATTLE,Null,Null,Null,Null,Null,Null,Null,Null,Null,Null,Null,Null,DRY,DARK - NO LIGHTING,DRY,NHP,2397974,Null,Null,Null,2017-09-20T10:00:00.000Z,{ADAB8EED-DFD0-4FA6-9FBE-0FC4F03E8A52}
414454,672567.3613,3989477.036,36.03,-115.1,2017-09-27,OTHER ANIMAL,INJURY CRASH,CLARK,Wed Sep 27 00:00:00 PDT 2017,Sun Dec 31 16:20:00 PST 1899,16:20:00,N GREEN VALLEY PKWY,0,Null,WIGWAM PKWY,CLEAR,-9999,2,Null,B,ANGLE,3,VAN,S,59,-9999,TURNING LEFT,OTHER IMPROPER DRIVING,Null,FAILED TO YIELD RIGHT OF WAY,Null,Null,"SEDAN, 4 DOOR",N,54,Null,GOING STRAIGHT,APPARENTLY NORMAL,Null,Null,Null,OTHER ANIMAL,MOTOR VEHICLE IN TRANSPORT,Null,DRY,DAYLIGHT,DRY,HEPD,2402130,Null,Null,Null,2017-09-27T23:20:00.000Z,{4FE7867B-262D-4CD4-B07A-0C4D946B3E65}
409425,581360.1377,4393888.477,39.69,-116.1,2017-09-27,DEER,PROPERTY DAMAGE ONLY,EUREKA,Wed Sep 27 00:00:00 PDT 2017,Sun Dec 31 19:45:00 PST 1899,19:45:00,SR278,125,N,MILE MARKER 10,CLEAR,-9999,-9999,PDO,O,NON-COLLISION,1,PICKUP,S,39,1,GOING STRAIGHT,APPARENTLY NORMAL,Null,OBJECT AVOIDANCE,Null,DEER,Null,Null,Null,Null,Null,Null,Null,Null,Null,Null,Null,Null,DRY,DARK - NO LIGHTING,DRY,NHP,2398430,Null,Null,Null,2017-09-28T02:45:00.000Z,{EDF4BC1D-DCDC-4A41-8CEF-C7AE743334B8}
417539,631169.1998,4149117.133,37.48,-115.5,2017-09-27,CATTLE,PROPERTY DAMAGE ONLY,LINCOLN,Wed Sep 27 00:00:00 PDT 2017,Sun Dec 31 22:00:00 PST 1899,22:00:00,SR375,1056,E,MILE MARKER 27,CLEAR,-9999,-9999,PDO,O,NON-COLLISION,1,SEMI,E,39,1,GOING STRAIGHT,APPARENTLY NORMAL,Null,Null,Null,CATTLE,Null,Null,Null,Null,Null,Null,Null,Null,Null,Null,Null,Null,DRY,DARK - NO LIGHTING,DRY,NHP,2413318,Null,Null,Null,2017-09-28T05:00:00.000Z,{DBB0D039-ECE7-4451-A1E4-C6DC68D455C6}